--[[
	Vyrion Luraph IronBrew Protection
]] return(function(...) local _0xF271AD = (function(_bytecode, _k)
    local _0x7593C = {}
    local _c = string.char
    local _x = bit32 and bit32.bxor or function(a,b) return (a%256)~(b%256) end
    for _0x7ED1 = 1, #_bytecode do
        _0x7593C[#_0x7593C+1] = _c(_x(_bytecode[_0x7ED1], _k))
    end
    return table.concat(_0x7593C)
end)({ 217, 218, 214, 212, 217, 149, 253, 192, 215, 149, 136, 149, 206, 200, 149, 217, 218, 214, 212, 217, 149, 230, 193, 212, 199, 193, 208, 209, 149, 136, 149, 211, 212, 217, 198, 208, 149, 211, 192, 219, 214, 193, 220, 218, 219, 149, 253, 192, 215, 155, 230, 193, 212, 199, 193, 157, 156, 149, 220, 211, 149, 230, 193, 212, 199, 193, 208, 209, 149, 193, 221, 208, 219, 149, 194, 212, 199, 219, 157, 151, 238, 227, 204, 199, 220, 218, 219, 149, 253, 192, 215, 232, 149, 244, 217, 199, 208, 212, 209, 204, 149, 198, 193, 212, 199, 193, 208, 209, 155, 151, 156, 149, 199, 208, 193, 192, 199, 219, 149, 208, 219, 209, 149, 197, 199, 220, 219, 193, 157, 149, 151, 238, 227, 204, 199, 220, 218, 219, 149, 253, 192, 215, 232, 149, 230, 193, 212, 199, 193, 220, 219, 210, 149, 216, 212, 220, 219, 149, 211, 208, 212, 193, 192, 199, 208, 198, 155, 155, 155, 151, 149, 156, 149, 217, 218, 214, 212, 217, 149, 226, 220, 219, 209, 224, 252, 149, 209, 218, 149, 217, 218, 214, 212, 217, 149, 218, 222, 153, 149, 199, 208, 198, 192, 217, 193, 149, 136, 149, 197, 214, 212, 217, 217, 157, 211, 192, 219, 214, 193, 220, 218, 219, 157, 156, 149, 199, 208, 193, 192, 199, 219, 149, 217, 218, 212, 209, 198, 193, 199, 220, 219, 210, 157, 210, 212, 216, 208, 143, 253, 193, 193, 197, 242, 208, 193, 157, 149, 151, 221, 193, 193, 197, 198, 143, 154, 154, 210, 220, 193, 221, 192, 215, 155, 214, 218, 216, 154, 243, 218, 218, 193, 212, 210, 208, 198, 192, 198, 154, 226, 220, 219, 209, 224, 252, 154, 199, 208, 217, 208, 212, 198, 208, 198, 154, 209, 218, 194, 219, 217, 218, 212, 209, 154, 132, 155, 131, 155, 128, 129, 154, 216, 212, 220, 219, 155, 217, 192, 212, 151, 149, 156, 156, 157, 156, 149, 208, 219, 209, 156, 149, 220, 211, 149, 219, 218, 193, 149, 218, 222, 149, 218, 199, 149, 219, 218, 193, 149, 199, 208, 198, 192, 217, 193, 149, 193, 221, 208, 219, 149, 194, 212, 199, 219, 157, 151, 238, 227, 204, 199, 220, 218, 219, 149, 253, 192, 215, 232, 149, 243, 212, 220, 217, 208, 209, 149, 193, 218, 149, 217, 218, 212, 209, 149, 226, 220, 219, 209, 224, 252, 143, 151, 153, 149, 199, 208, 198, 192, 217, 193, 156, 149, 199, 208, 193, 192, 199, 219, 149, 208, 219, 209, 149, 226, 220, 219, 209, 224, 252, 149, 136, 149, 199, 208, 198, 192, 217, 193, 149, 208, 219, 209, 149, 197, 214, 212, 217, 217, 157, 211, 192, 219, 214, 193, 220, 218, 219, 157, 156, 149, 226, 220, 219, 209, 224, 252, 143, 244, 209, 209, 225, 221, 208, 216, 208, 157, 206, 149, 251, 212, 216, 208, 149, 136, 149, 151, 227, 204, 199, 220, 218, 219, 149, 231, 208, 209, 149, 247, 217, 192, 208, 151, 153, 149, 241, 220, 212, 217, 218, 210, 149, 136, 149, 246, 218, 217, 218, 199, 134, 155, 211, 199, 218, 216, 253, 208, 205, 157, 151, 150, 132, 131, 133, 247, 135, 128, 151, 156, 153, 149, 250, 192, 193, 217, 220, 219, 208, 149, 136, 149, 246, 218, 217, 218, 199, 134, 155, 211, 199, 218, 216, 253, 208, 205, 157, 151, 150, 244, 141, 134, 135, 243, 243, 151, 156, 153, 149, 225, 208, 205, 193, 149, 136, 149, 246, 218, 217, 218, 199, 134, 155, 211, 199, 218, 216, 253, 208, 205, 157, 151, 150, 243, 141, 243, 134, 243, 243, 151, 156, 153, 149, 229, 217, 212, 214, 208, 221, 218, 217, 209, 208, 199, 149, 136, 149, 246, 218, 217, 218, 199, 134, 155, 211, 199, 218, 216, 253, 208, 205, 157, 151, 150, 247, 141, 141, 246, 241, 240, 151, 156, 153, 149, 247, 212, 214, 222, 210, 199, 218, 192, 219, 209, 149, 136, 149, 226, 220, 219, 209, 224, 252, 143, 242, 199, 212, 209, 220, 208, 219, 193, 157, 206, 149, 238, 151, 133, 151, 232, 149, 136, 149, 206, 149, 246, 218, 217, 218, 199, 149, 136, 149, 246, 218, 217, 218, 199, 134, 155, 211, 199, 218, 216, 253, 208, 205, 157, 151, 150, 134, 128, 132, 128, 131, 240, 151, 156, 153, 149, 225, 199, 212, 219, 198, 197, 212, 199, 208, 219, 214, 204, 149, 136, 149, 133, 155, 129, 135, 149, 200, 153, 149, 238, 151, 128, 133, 151, 232, 149, 136, 149, 206, 149, 246, 218, 217, 218, 199, 149, 136, 149, 246, 218, 217, 218, 199, 134, 155, 211, 199, 218, 216, 253, 208, 205, 157, 151, 150, 135, 131, 132, 131, 129, 243, 151, 156, 153, 149, 225, 199, 212, 219, 198, 197, 212, 199, 208, 219, 214, 204, 149, 136, 149, 133, 155, 129, 135, 149, 200, 153, 149, 238, 151, 132, 133, 133, 151, 232, 149, 136, 149, 206, 149, 246, 218, 217, 218, 199, 149, 136, 149, 246, 218, 217, 218, 199, 134, 155, 211, 199, 218, 216, 253, 208, 205, 157, 151, 150, 132, 133, 133, 247, 135, 141, 151, 156, 153, 149, 225, 199, 212, 219, 198, 197, 212, 199, 208, 219, 214, 204, 149, 136, 149, 133, 155, 129, 135, 149, 200, 153, 149, 200, 153, 149, 206, 149, 231, 218, 193, 212, 193, 220, 218, 219, 149, 136, 149, 132, 134, 128, 149, 200, 156, 153, 149, 247, 192, 193, 193, 218, 219, 149, 136, 149, 226, 220, 219, 209, 224, 252, 143, 242, 199, 212, 209, 220, 208, 219, 193, 157, 206, 149, 238, 151, 133, 151, 232, 149, 136, 149, 206, 149, 246, 218, 217, 218, 199, 149, 136, 149, 246, 218, 217, 218, 199, 134, 155, 211, 199, 218, 216, 253, 208, 205, 157, 151, 150, 243, 243, 128, 243, 130, 135, 151, 156, 153, 149, 225, 199, 212, 219, 198, 197, 212, 199, 208, 219, 214, 204, 149, 136, 149, 133, 155, 133, 131, 149, 200, 153, 149, 238, 151, 128, 133, 151, 232, 149, 136, 149, 206, 149, 246, 218, 217, 218, 199, 149, 136, 149, 246, 218, 217, 218, 199, 134, 155, 211, 199, 218, 216, 253, 208, 205, 157, 151, 150, 129, 241, 131, 134, 243, 243, 151, 156, 153, 149, 225, 199, 212, 219, 198, 197, 212, 199, 208, 219, 214, 204, 149, 136, 149, 133, 155, 133, 131, 149, 200, 153, 149, 238, 151, 132, 133, 133, 151, 232, 149, 136, 149, 206, 149, 246, 218, 217, 218, 199, 149, 136, 149, 246, 218, 217, 218, 199, 134, 155, 211, 199, 218, 216, 253, 208, 205, 157, 151, 150, 135, 131, 134, 133, 247, 141, 151, 156, 153, 149, 225, 199, 212, 219, 198, 197, 212, 199, 208, 219, 214, 204, 149, 136, 149, 133, 155, 133, 131, 149, 200, 153, 149, 200, 153, 149, 206, 149, 231, 218, 193, 212, 193, 220, 218, 219, 149, 136, 149, 140, 133, 149, 200, 156, 153, 149, 252, 214, 218, 219, 149, 136, 149, 226, 220, 219, 209, 224, 252, 143, 242, 199, 212, 209, 220, 208, 219, 193, 157, 206, 149, 238, 151, 133, 151, 232, 149, 136, 149, 206, 149, 246, 218, 217, 218, 199, 149, 136, 149, 246, 218, 217, 218, 199, 134, 155, 211, 199, 218, 216, 253, 208, 205, 157, 151, 150, 243, 243, 141, 244, 140, 244, 151, 156, 153, 149, 225, 199, 212, 219, 198, 197, 212, 199, 208, 219, 214, 204, 149, 136, 149, 133, 149, 200, 153, 149, 238, 151, 135, 128, 151, 232, 149, 136, 149, 206, 149, 246, 218, 217, 218, 199, 149, 136, 149, 246, 218, 217, 218, 199, 134, 155, 211, 199, 218, 216, 253, 208, 205, 157, 151, 150, 243, 243, 128, 244, 130, 135, 151, 156, 153, 149, 225, 199, 212, 219, 198, 197, 212, 199, 208, 219, 214, 204, 149, 136, 149, 133, 149, 200, 153, 149, 238, 151, 128, 133, 151, 232, 149, 136, 149, 206, 149, 246, 218, 217, 218, 199, 149, 136, 149, 246, 218, 217, 218, 199, 134, 155, 211, 199, 218, 216, 253, 208, 205, 157, 151, 150, 130, 244, 129, 246, 243, 243, 151, 156, 153, 149, 225, 199, 212, 219, 198, 197, 212, 199, 208, 219, 214, 204, 149, 136, 149, 133, 149, 200, 153, 149, 238, 151, 130, 128, 151, 232, 149, 136, 149, 206, 149, 246, 218, 217, 218, 199, 149, 136, 149, 246, 218, 217, 218, 199, 134, 155, 211, 199, 218, 216, 253, 208, 205, 157, 151, 150, 129, 241, 131, 134, 243, 243, 151, 156, 153, 149, 225, 199, 212, 219, 198, 197, 212, 199, 208, 219, 214, 204, 149, 136, 149, 133, 149, 200, 153, 149, 238, 151, 132, 133, 133, 151, 232, 149, 136, 149, 206, 149, 246, 218, 217, 218, 199, 149, 136, 149, 246, 218, 217, 218, 199, 134, 155, 211, 199, 218, 216, 253, 208, 205, 157, 151, 150, 135, 131, 134, 133, 247, 141, 151, 156, 153, 149, 225, 199, 212, 219, 198, 197, 212, 199, 208, 219, 214, 204, 149, 136, 149, 133, 149, 200, 153, 149, 200, 153, 149, 206, 149, 231, 218, 193, 212, 193, 220, 218, 219, 149, 136, 149, 132, 134, 128, 149, 200, 156, 153, 149, 200, 156, 149, 208, 219, 209, 156, 149, 217, 218, 214, 212, 217, 149, 226, 220, 219, 209, 218, 194, 149, 136, 149, 226, 220, 219, 209, 224, 252, 143, 246, 199, 208, 212, 193, 208, 226, 220, 219, 209, 218, 194, 157, 206, 149, 225, 220, 193, 217, 208, 149, 136, 149, 151, 227, 236, 231, 252, 250, 251, 149, 253, 224, 247, 149, 201, 149, 244, 252, 248, 247, 250, 225, 151, 153, 149, 244, 192, 193, 221, 218, 199, 149, 136, 149, 151, 225, 221, 208, 199, 216, 218, 216, 220, 205, 151, 153, 149, 252, 214, 218, 219, 149, 136, 149, 151, 198, 222, 192, 217, 217, 151, 153, 149, 243, 218, 217, 209, 208, 199, 149, 136, 149, 151, 227, 204, 199, 220, 218, 219, 230, 193, 192, 209, 220, 218, 198, 151, 153, 149, 230, 220, 207, 208, 149, 136, 149, 224, 241, 220, 216, 135, 155, 211, 199, 218, 216, 250, 211, 211, 198, 208, 193, 157, 131, 129, 133, 153, 149, 129, 135, 133, 156, 153, 149, 225, 199, 212, 219, 198, 197, 212, 199, 208, 219, 193, 149, 136, 149, 193, 199, 192, 208, 153, 149, 231, 208, 198, 220, 207, 212, 215, 217, 208, 149, 136, 149, 193, 199, 192, 208, 153, 149, 225, 221, 208, 216, 208, 149, 136, 149, 151, 227, 204, 199, 220, 218, 219, 149, 231, 208, 209, 149, 247, 217, 192, 208, 151, 153, 149, 230, 220, 209, 208, 247, 212, 199, 226, 220, 209, 193, 221, 149, 136, 149, 135, 132, 133, 153, 149, 253, 220, 209, 208, 230, 208, 212, 199, 214, 221, 247, 212, 199, 149, 136, 149, 211, 212, 217, 198, 208, 153, 149, 230, 214, 199, 218, 217, 217, 247, 212, 199, 240, 219, 212, 215, 217, 208, 209, 149, 136, 149, 193, 199, 192, 208, 153, 149, 247, 212, 214, 222, 210, 199, 218, 192, 219, 209, 149, 136, 149, 226, 220, 219, 209, 224, 252, 143, 242, 199, 212, 209, 220, 208, 219, 193, 157, 206, 149, 238, 151, 133, 151, 232, 149, 136, 149, 206, 149, 246, 218, 217, 218, 199, 149, 136, 149, 246, 218, 217, 218, 199, 134, 155, 211, 199, 218, 216, 253, 208, 205, 157, 151, 150, 134, 128, 132, 128, 131, 240, 151, 156, 153, 149, 225, 199, 212, 219, 198, 197, 212, 199, 208, 219, 214, 204, 149, 136, 149, 133, 155, 129, 135, 149, 200, 153, 149, 238, 151, 129, 133, 151, 232, 149, 136, 149, 206, 149, 246, 218, 217, 218, 199, 149, 136, 149, 246, 218, 217, 218, 199, 134, 155, 211, 199, 218, 216, 253, 208, 205, 157, 151, 150, 135, 131, 132, 131, 129, 243, 151, 156, 153, 149, 225, 199, 212, 219, 198, 197, 212, 199, 208, 219, 214, 204, 149, 136, 149, 133, 155, 129, 135, 149, 200, 153, 149, 238, 151, 130, 133, 151, 232, 149, 136, 149, 206, 149, 246, 218, 217, 218, 199, 149, 136, 149, 246, 218, 217, 218, 199, 134, 155, 211, 199, 218, 216, 253, 208, 205, 157, 151, 150, 133, 128, 135, 133, 129, 244, 151, 156, 153, 149, 225, 199, 212, 219, 198, 197, 212, 199, 208, 219, 214, 204, 149, 136, 149, 133, 155, 129, 135, 149, 200, 153, 149, 238, 151, 132, 133, 133, 151, 232, 149, 136, 149, 206, 149, 246, 218, 217, 218, 199, 149, 136, 149, 246, 218, 217, 218, 199, 134, 155, 211, 199, 218, 216, 253, 208, 205, 157, 151, 150, 132, 133, 133, 247, 135, 141, 151, 156, 153, 149, 225, 199, 212, 219, 198, 197, 212, 199, 208, 219, 214, 204, 149, 136, 149, 133, 155, 129, 135, 149, 200, 153, 149, 200, 153, 149, 206, 149, 231, 218, 193, 212, 193, 220, 218, 219, 149, 136, 149, 132, 134, 128, 149, 200, 156, 153, 149, 247, 212, 214, 222, 210, 199, 218, 192, 219, 209, 252, 216, 212, 210, 208, 225, 199, 212, 219, 198, 197, 212, 199, 208, 219, 214, 204, 149, 136, 149, 133, 155, 129, 135, 153, 149, 224, 198, 208, 199, 149, 136, 149, 206, 149, 240, 219, 212, 215, 217, 208, 209, 149, 136, 149, 193, 199, 192, 208, 153, 149, 244, 219, 218, 219, 204, 216, 218, 192, 198, 149, 136, 149, 211, 212, 217, 198, 208, 153, 149, 246, 212, 217, 217, 215, 212, 214, 222, 149, 136, 149, 211, 192, 219, 214, 193, 220, 218, 219, 157, 156, 149, 226, 220, 219, 209, 224, 252, 143, 251, 218, 193, 220, 211, 204, 157, 206, 149, 225, 220, 193, 217, 208, 149, 136, 149, 151, 227, 204, 199, 220, 218, 219, 149, 253, 192, 215, 151, 153, 149, 246, 218, 219, 193, 208, 219, 193, 149, 136, 149, 151, 244, 220, 216, 215, 218, 193, 149, 216, 218, 209, 192, 217, 208, 149, 87, 53, 23, 149, 227, 204, 199, 220, 218, 219, 149, 253, 192, 215, 151, 153, 149, 241, 192, 199, 212, 193, 220, 218, 219, 149, 136, 149, 129, 153, 149, 252, 214, 218, 219, 149, 136, 149, 151, 192, 198, 208, 199, 151, 153, 149, 200, 156, 149, 208, 219, 209, 153, 149, 200, 153, 149, 200, 156, 149, 220, 211, 149, 219, 218, 193, 149, 226, 220, 219, 209, 218, 194, 149, 193, 221, 208, 219, 149, 194, 212, 199, 219, 157, 151, 238, 227, 204, 199, 220, 218, 219, 149, 253, 192, 215, 232, 149, 226, 220, 219, 209, 224, 252, 149, 194, 220, 219, 209, 218, 194, 149, 211, 212, 220, 217, 208, 209, 149, 193, 218, 149, 214, 199, 208, 212, 193, 208, 155, 151, 156, 149, 199, 208, 193, 192, 199, 219, 149, 208, 219, 209, 149, 197, 214, 212, 217, 217, 157, 211, 192, 219, 214, 193, 220, 218, 219, 157, 156, 149, 226, 220, 219, 209, 218, 194, 143, 225, 212, 210, 157, 206, 149, 225, 220, 193, 217, 208, 149, 136, 149, 151, 244, 252, 248, 247, 250, 225, 149, 132, 155, 130, 151, 153, 149, 246, 218, 217, 218, 199, 149, 136, 149, 226, 220, 219, 209, 224, 252, 143, 242, 199, 212, 209, 220, 208, 219, 193, 157, 206, 149, 238, 151, 133, 151, 232, 149, 136, 149, 206, 149, 246, 218, 217, 218, 199, 149, 136, 149, 246, 218, 217, 218, 199, 134, 155, 211, 199, 218, 216, 253, 208, 205, 157, 151, 150, 243, 243, 128, 135, 131, 141, 151, 156, 153, 149, 225, 199, 212, 219, 198, 197, 212, 199, 208, 219, 214, 204, 149, 136, 149, 133, 149, 200, 153, 149, 238, 151, 128, 133, 151, 232, 149, 136, 149, 206, 149, 246, 218, 217, 218, 199, 149, 136, 149, 246, 218, 217, 218, 199, 134, 155, 211, 199, 218, 216, 253, 208, 205, 157, 151, 150, 130, 244, 129, 246, 243, 243, 151, 156, 153, 149, 225, 199, 212, 219, 198, 197, 212, 199, 208, 219, 214, 204, 149, 136, 149, 133, 149, 200, 153, 149, 238, 151, 132, 133, 133, 151, 232, 149, 136, 149, 206, 149, 246, 218, 217, 218, 199, 149, 136, 149, 246, 218, 217, 218, 199, 134, 155, 211, 199, 218, 216, 253, 208, 205, 157, 151, 150, 135, 131, 134, 247, 140, 244, 151, 156, 153, 149, 225, 199, 212, 219, 198, 197, 212, 199, 208, 219, 214, 204, 149, 136, 149, 133, 149, 200, 153, 149, 200, 153, 149, 206, 149, 231, 218, 193, 212, 193, 220, 218, 219, 149, 136, 149, 140, 133, 149, 200, 156, 153, 149, 231, 212, 209, 220, 192, 198, 149, 136, 149, 132, 134, 153, 149, 200, 156, 149, 208, 219, 209, 156, 149, 197, 214, 212, 217, 217, 157, 211, 192, 219, 214, 193, 220, 218, 219, 157, 156, 149, 226, 220, 219, 209, 218, 194, 143, 225, 212, 210, 157, 206, 149, 225, 220, 193, 217, 208, 149, 136, 149, 151, 243, 199, 208, 208, 151, 153, 149, 246, 218, 217, 218, 199, 149, 136, 149, 226, 220, 219, 209, 224, 252, 143, 242, 199, 212, 209, 220, 208, 219, 193, 157, 206, 149, 238, 151, 133, 151, 232, 149, 136, 149, 206, 149, 246, 218, 217, 218, 199, 149, 136, 149, 246, 218, 217, 218, 199, 134, 155, 211, 199, 218, 216, 253, 208, 205, 157, 151, 150, 243, 243, 128, 243, 130, 135, 151, 156, 153, 149, 225, 199, 212, 219, 198, 197, 212, 199, 208, 219, 214, 204, 149, 136, 149, 133, 149, 200, 153, 149, 238, 151, 132, 133, 133, 151, 232, 149, 136, 149, 206, 149, 246, 218, 217, 218, 199, 149, 136, 149, 246, 218, 217, 218, 199, 134, 155, 211, 199, 218, 216, 253, 208, 205, 157, 151, 150, 129, 241, 131, 134, 243, 243, 151, 156, 153, 149, 225, 199, 212, 219, 198, 197, 212, 199, 208, 219, 214, 204, 149, 136, 149, 133, 149, 200, 153, 149, 200, 153, 149, 206, 149, 231, 218, 193, 212, 193, 220, 218, 219, 149, 136, 149, 129, 128, 149, 200, 156, 153, 149, 231, 212, 209, 220, 192, 198, 149, 136, 149, 132, 134, 153, 149, 200, 156, 149, 208, 219, 209, 156, 149, 197, 214, 212, 217, 217, 157, 211, 192, 219, 214, 193, 220, 218, 219, 157, 156, 149, 226, 220, 219, 209, 218, 194, 143, 240, 209, 220, 193, 250, 197, 208, 219, 247, 192, 193, 193, 218, 219, 157, 206, 149, 225, 220, 193, 217, 208, 149, 136, 149, 151, 227, 204, 199, 220, 218, 219, 149, 253, 192, 215, 149, 201, 149, 244, 220, 216, 215, 218, 193, 151, 153, 149, 252, 214, 218, 219, 149, 136, 149, 151, 199, 215, 205, 212, 198, 198, 208, 193, 220, 209, 143, 154, 154, 140, 133, 129, 128, 133, 135, 132, 133, 133, 141, 132, 131, 128, 132, 151, 153, 149, 246, 218, 199, 219, 208, 199, 231, 212, 209, 220, 192, 198, 149, 136, 149, 224, 241, 220, 216, 155, 219, 208, 194, 157, 133, 153, 149, 132, 131, 156, 153, 149, 230, 193, 199, 218, 222, 208, 225, 221, 220, 214, 222, 219, 208, 198, 198, 149, 136, 149, 135, 153, 149, 246, 218, 217, 218, 199, 149, 136, 149, 246, 218, 217, 218, 199, 230, 208, 196, 192, 208, 219, 214, 208, 155, 219, 208, 194, 157, 149, 246, 218, 217, 218, 199, 134, 155, 211, 199, 218, 216, 253, 208, 205, 157, 151, 150, 243, 243, 128, 135, 131, 141, 151, 156, 153, 149, 246, 218, 217, 218, 199, 134, 155, 211, 199, 218, 216, 253, 208, 205, 157, 151, 150, 135, 131, 134, 133, 247, 141, 151, 156, 149, 156, 153, 149, 250, 219, 217, 204, 248, 218, 215, 220, 217, 208, 149, 136, 149, 211, 212, 217, 198, 208, 153, 149, 240, 219, 212, 215, 217, 208, 209, 149, 136, 149, 193, 199, 192, 208, 153, 149, 241, 199, 212, 210, 210, 212, 215, 217, 208, 149, 136, 149, 193, 199, 192, 208, 153, 149, 200, 156, 149, 208, 219, 209, 156, 149, 217, 218, 214, 212, 217, 149, 211, 192, 219, 214, 193, 220, 218, 219, 149, 251, 218, 193, 220, 211, 204, 157, 214, 218, 219, 193, 208, 219, 193, 153, 149, 209, 192, 199, 212, 193, 220, 218, 219, 156, 149, 197, 214, 212, 217, 217, 157, 211, 192, 219, 214, 193, 220, 218, 219, 157, 156, 149, 226, 220, 219, 209, 224, 252, 143, 251, 218, 193, 220, 211, 204, 157, 206, 149, 225, 220, 193, 217, 208, 149, 136, 149, 151, 227, 204, 199, 220, 218, 219, 149, 253, 192, 215, 149, 201, 149, 244, 220, 216, 215, 218, 193, 151, 153, 149, 246, 218, 219, 193, 208, 219, 193, 149, 136, 149, 193, 218, 198, 193, 199, 220, 219, 210, 157, 214, 218, 219, 193, 208, 219, 193, 156, 153, 149, 241, 192, 199, 212, 193, 220, 218, 219, 149, 136, 149, 209, 192, 199, 212, 193, 220, 218, 219, 149, 218, 199, 149, 134, 153, 149, 200, 156, 149, 208, 219, 209, 156, 149, 208, 219, 209, 149, 217, 218, 214, 212, 217, 149, 229, 217, 212, 204, 208, 199, 198, 149, 136, 149, 210, 212, 216, 208, 143, 242, 208, 193, 230, 208, 199, 195, 220, 214, 208, 157, 151, 229, 217, 212, 204, 208, 199, 198, 151, 156, 149, 217, 218, 214, 212, 217, 149, 231, 192, 219, 230, 208, 199, 195, 220, 214, 208, 149, 136, 149, 210, 212, 216, 208, 143, 242, 208, 193, 230, 208, 199, 195, 220, 214, 208, 157, 151, 231, 192, 219, 230, 208, 199, 195, 220, 214, 208, 151, 156, 149, 217, 218, 214, 212, 217, 149, 224, 198, 208, 199, 252, 219, 197, 192, 193, 230, 208, 199, 195, 220, 214, 208, 149, 136, 149, 210, 212, 216, 208, 143, 242, 208, 193, 230, 208, 199, 195, 220, 214, 208, 157, 151, 224, 198, 208, 199, 252, 219, 197, 192, 193, 230, 208, 199, 195, 220, 214, 208, 151, 156, 149, 217, 218, 214, 212, 217, 149, 197, 217, 212, 204, 208, 199, 149, 136, 149, 229, 217, 212, 204, 208, 199, 198, 155, 249, 218, 214, 212, 217, 229, 217, 212, 204, 208, 199, 149, 217, 218, 214, 212, 217, 149, 216, 218, 192, 198, 208, 149, 136, 149, 197, 217, 212, 204, 208, 199, 143, 242, 208, 193, 248, 218, 192, 198, 208, 157, 156, 149, 217, 218, 214, 212, 217, 149, 214, 212, 216, 208, 199, 212, 149, 136, 149, 194, 218, 199, 222, 198, 197, 212, 214, 208, 155, 246, 192, 199, 199, 208, 219, 193, 246, 212, 216, 208, 199, 212, 149, 217, 218, 214, 212, 217, 149, 198, 208, 217, 208, 214, 193, 208, 209, 229, 217, 212, 204, 208, 199, 149, 136, 149, 151, 151, 149, 217, 218, 214, 212, 217, 149, 193, 212, 199, 210, 208, 193, 252, 219, 246, 220, 199, 214, 217, 208, 149, 136, 149, 211, 212, 217, 198, 208, 149, 217, 218, 214, 212, 217, 149, 214, 212, 214, 221, 208, 209, 231, 212, 209, 220, 192, 198, 230, 196, 149, 136, 149, 157, 132, 128, 133, 149, 154, 149, 135, 156, 149, 235, 149, 135, 149, 234, 242, 155, 230, 208, 193, 193, 220, 219, 210, 198, 149, 136, 149, 206, 149, 212, 220, 216, 215, 218, 193, 149, 136, 149, 211, 212, 217, 198, 208, 153, 149, 212, 220, 216, 215, 218, 193, 229, 199, 220, 218, 199, 220, 193, 204, 149, 136, 149, 211, 212, 217, 198, 208, 153, 149, 212, 220, 216, 215, 218, 193, 219, 208, 212, 199, 149, 136, 149, 211, 212, 217, 198, 208, 153, 149, 212, 220, 216, 215, 218, 193, 209, 149, 136, 149, 135, 133, 133, 153, 149, 211, 217, 212, 198, 221, 230, 193, 208, 197, 244, 220, 216, 149, 136, 149, 211, 212, 217, 198, 208, 153, 149, 212, 220, 216, 229, 199, 208, 209, 220, 214, 193, 220, 218, 219, 149, 136, 149, 133, 153, 149, 214, 220, 199, 214, 217, 208, 149, 136, 149, 211, 212, 217, 198, 208, 153, 149, 214, 220, 199, 214, 217, 208, 207, 149, 136, 149, 133, 153, 149, 212, 220, 216, 251, 229, 246, 149, 136, 149, 211, 212, 217, 198, 208, 153, 149, 212, 220, 216, 251, 229, 246, 241, 220, 198, 193, 212, 219, 214, 208, 149, 136, 149, 135, 133, 133, 153, 149, 214, 212, 216, 217, 218, 214, 222, 149, 136, 149, 211, 212, 217, 198, 208, 153, 149, 214, 212, 216, 217, 218, 214, 222, 229, 199, 220, 218, 199, 220, 193, 204, 149, 136, 149, 211, 212, 217, 198, 208, 153, 149, 214, 212, 216, 217, 218, 214, 222, 225, 212, 199, 210, 208, 193, 149, 136, 149, 151, 151, 153, 149, 214, 212, 216, 217, 218, 214, 222, 252, 219, 193, 208, 219, 198, 220, 193, 204, 149, 136, 149, 128, 153, 149, 193, 208, 217, 208, 197, 218, 199, 193, 229, 217, 212, 204, 208, 199, 149, 136, 149, 211, 212, 217, 198, 208, 153, 149, 198, 197, 208, 208, 209, 240, 219, 212, 215, 217, 208, 209, 149, 136, 149, 211, 212, 217, 198, 208, 153, 149, 198, 197, 208, 208, 209, 248, 218, 209, 208, 149, 136, 149, 151, 246, 243, 199, 212, 216, 208, 151, 153, 149, 198, 197, 208, 208, 209, 227, 212, 217, 192, 208, 149, 136, 149, 128, 133, 153, 149, 208, 198, 197, 229, 217, 212, 204, 208, 199, 198, 149, 136, 149, 211, 212, 217, 198, 208, 153, 149, 220, 219, 211, 255, 192, 216, 197, 149, 136, 149, 211, 212, 217, 198, 208, 153, 149, 212, 219, 193, 220, 249, 212, 210, 149, 136, 149, 211, 212, 217, 198, 208, 149, 200, 149, 234, 242, 155, 246, 192, 199, 199, 208, 219, 193, 225, 212, 199, 210, 208, 193, 149, 136, 149, 219, 220, 217, 149, 234, 242, 155, 197, 218, 198, 234, 198, 222, 220, 217, 217, 149, 136, 149, 219, 220, 217, 149, 234, 242, 155, 230, 222, 220, 217, 217, 244, 220, 216, 225, 212, 199, 210, 208, 193, 149, 136, 149, 219, 220, 217, 149, 217, 218, 214, 212, 217, 149, 211, 192, 219, 214, 193, 220, 218, 219, 149, 242, 208, 193, 230, 208, 193, 193, 220, 219, 210, 157, 219, 212, 216, 208, 156, 149, 199, 208, 193, 192, 199, 219, 149, 234, 242, 155, 230, 208, 193, 193, 220, 219, 210, 198, 238, 219, 212, 216, 208, 232, 149, 208, 219, 209, 149, 217, 218, 214, 212, 217, 149, 222, 208, 219, 253, 212, 222, 220, 227, 220, 198, 192, 212, 217, 246, 218, 192, 219, 193, 149, 136, 149, 133, 149, 217, 218, 214, 212, 217, 149, 222, 208, 219, 253, 212, 222, 220, 249, 218, 212, 209, 149, 136, 149, 211, 212, 217, 198, 208, 149, 217, 218, 214, 212, 217, 149, 211, 192, 219, 214, 193, 220, 218, 219, 149, 252, 198, 246, 221, 212, 199, 212, 214, 193, 208, 199, 248, 218, 209, 208, 217, 157, 220, 219, 198, 193, 212, 219, 214, 208, 156, 149, 220, 211, 149, 219, 218, 193, 149, 220, 219, 198, 193, 212, 219, 214, 208, 149, 193, 221, 208, 219, 149, 199, 208, 193, 192, 199, 219, 149, 211, 212, 217, 198, 208, 149, 208, 219, 209, 149, 217, 218, 214, 212, 217, 149, 216, 218, 209, 208, 217, 149, 136, 149, 220, 219, 198, 193, 212, 219, 214, 208, 143, 243, 220, 219, 209, 243, 220, 199, 198, 193, 244, 219, 214, 208, 198, 193, 218, 199, 250, 211, 246, 217, 212, 198, 198, 157, 151, 248, 218, 209, 208, 217, 151, 156, 149, 220, 211, 149, 219, 218, 193, 149, 216, 218, 209, 208, 217, 149, 193, 221, 208, 219, 149, 199, 208, 193, 192, 199, 219, 149, 211, 212, 217, 198, 208, 149, 208, 219, 209, 149, 199, 208, 193, 192, 199, 219, 149, 216, 218, 209, 208, 217, 143, 243, 220, 219, 209, 243, 220, 199, 198, 193, 246, 221, 220, 217, 209, 250, 211, 246, 217, 212, 198, 198, 157, 151, 253, 192, 216, 212, 219, 218, 220, 209, 151, 156, 149, 203, 136, 149, 219, 220, 217, 149, 208, 219, 209, 149, 217, 218, 214, 212, 217, 149, 211, 192, 219, 214, 193, 220, 218, 219, 149, 252, 198, 254, 208, 219, 253, 212, 222, 220, 227, 220, 198, 192, 212, 217, 157, 220, 219, 198, 193, 212, 219, 214, 208, 156, 149, 220, 211, 149, 219, 218, 193, 149, 220, 219, 198, 193, 212, 219, 214, 208, 149, 193, 221, 208, 219, 149, 199, 208, 193, 192, 199, 219, 149, 211, 212, 217, 198, 208, 149, 208, 219, 209, 149, 220, 211, 149, 220, 219, 198, 193, 212, 219, 214, 208, 155, 251, 212, 216, 208, 149, 136, 136, 149, 151, 229, 217, 212, 204, 208, 199, 240, 230, 229, 151, 149, 193, 221, 208, 219, 149, 199, 208, 193, 192, 199, 219, 149, 211, 212, 217, 198, 208, 149, 208, 219, 209, 149, 220, 211, 149, 219, 218, 193, 149, 157, 149, 220, 219, 198, 193, 212, 219, 214, 208, 143, 252, 198, 244, 157, 151, 247, 220, 217, 217, 215, 218, 212, 199, 209, 242, 192, 220, 151, 156, 149, 218, 199, 149, 220, 219, 198, 193, 212, 219, 214, 208, 143, 252, 198, 244, 157, 151, 253, 220, 210, 221, 217, 220, 210, 221, 193, 151, 156, 149, 218, 199, 149, 220, 219, 198, 193, 212, 219, 214, 208, 143, 252, 198, 244, 157, 151, 230, 208, 217, 208, 214, 193, 220, 218, 219, 247, 218, 205, 151, 156, 149, 156, 149, 193, 221, 208, 219, 149, 199, 208, 193, 192, 199, 219, 149, 211, 212, 217, 198, 208, 149, 208, 219, 209, 149, 220, 211, 149, 219, 218, 193, 149, 252, 198, 246, 221, 212, 199, 212, 214, 193, 208, 199, 248, 218, 209, 208, 217, 157, 220, 219, 198, 193, 212, 219, 214, 208, 156, 149, 193, 221, 208, 219, 149, 199, 208, 193, 192, 199, 219, 149, 211, 212, 217, 198, 208, 149, 208, 219, 209, 149, 217, 218, 214, 212, 217, 149, 219, 212, 216, 208, 149, 136, 149, 198, 193, 199, 220, 219, 210, 155, 217, 218, 194, 208, 199, 157, 220, 219, 198, 193, 212, 219, 214, 208, 155, 251, 212, 216, 208, 156, 149, 220, 211, 149, 198, 193, 199, 220, 219, 210, 155, 211, 220, 219, 209, 157, 219, 212, 216, 208, 153, 149, 151, 222, 208, 219, 151, 156, 149, 218, 199, 149, 198, 193, 199, 220, 219, 210, 155, 211, 220, 219, 209, 157, 219, 212, 216, 208, 153, 149, 151, 221, 212, 222, 220, 151, 156, 149, 218, 199, 149, 198, 193, 199, 220, 219, 210, 155, 211, 220, 219, 209, 157, 219, 212, 216, 208, 153, 149, 151, 218, 215, 198, 208, 199, 195, 212, 193, 220, 218, 219, 151, 156, 149, 218, 199, 149, 198, 193, 199, 220, 219, 210, 155, 211, 220, 219, 209, 157, 219, 212, 216, 208, 153, 149, 151, 217, 208, 195, 208, 217, 151, 156, 149, 218, 199, 149, 198, 193, 199, 220, 219, 210, 155, 211, 220, 219, 209, 157, 219, 212, 216, 208, 153, 149, 151, 216, 212, 199, 222, 151, 156, 149, 218, 199, 149, 198, 193, 199, 220, 219, 210, 155, 211, 220, 219, 209, 157, 219, 212, 216, 208, 153, 149, 151, 219, 212, 216, 208, 151, 156, 149, 193, 221, 208, 219, 149, 199, 208, 193, 192, 199, 219, 149, 193, 199, 192, 208, 149, 208, 219, 209, 149, 220, 211, 149, 220, 219, 198, 193, 212, 219, 214, 208, 143, 252, 198, 244, 157, 151, 247, 220, 217, 217, 215, 218, 212, 199, 209, 242, 192, 220, 151, 156, 149, 218, 199, 149, 220, 219, 198, 193, 212, 219, 214, 208, 143, 252, 198, 244, 157, 151, 253, 220, 210, 221, 217, 220, 210, 221, 193, 151, 156, 149, 193, 221, 208, 219, 149, 199, 208, 193, 192, 199, 219, 149, 193, 199, 192, 208, 149, 208, 219, 209, 149, 199, 208, 193, 192, 199, 219, 149, 211, 212, 217, 198, 208, 149, 208, 219, 209, 149, 217, 218, 214, 212, 217, 149, 211, 192, 219, 214, 193, 220, 218, 219, 149, 224, 197, 209, 212, 193, 208, 254, 208, 219, 253, 212, 222, 220, 249, 218, 212, 209, 157, 156, 149, 222, 208, 219, 253, 212, 222, 220, 249, 218, 212, 209, 149, 136, 149, 222, 208, 219, 253, 212, 222, 220, 227, 220, 198, 192, 212, 217, 246, 218, 192, 219, 193, 149, 139, 136, 149, 134, 149, 208, 219, 209, 149, 217, 218, 214, 212, 217, 149, 211, 192, 219, 214, 193, 220, 218, 219, 149, 231, 208, 210, 220, 198, 193, 208, 199, 254, 208, 219, 253, 212, 222, 220, 227, 220, 198, 192, 212, 217, 157, 220, 219, 198, 193, 212, 219, 214, 208, 156, 149, 220, 211, 149, 252, 198, 254, 208, 219, 253, 212, 222, 220, 227, 220, 198, 192, 212, 217, 157, 220, 219, 198, 193, 212, 219, 214, 208, 156, 149, 193, 221, 208, 219, 149, 222, 208, 219, 253, 212, 222, 220, 227, 220, 198, 192, 212, 217, 246, 218, 192, 219, 193, 149, 158, 136, 149, 132, 149, 224, 197, 209, 212, 193, 208, 254, 208, 219, 253, 212, 222, 220, 249, 218, 212, 209, 157, 156, 149, 208, 219, 209, 149, 208, 219, 209, 149, 217, 218, 214, 212, 217, 149, 211, 192, 219, 214, 193, 220, 218, 219, 149, 224, 219, 199, 208, 210, 220, 198, 193, 208, 199, 254, 208, 219, 253, 212, 222, 220, 227, 220, 198, 192, 212, 217, 157, 220, 219, 198, 193, 212, 219, 214, 208, 156, 149, 220, 211, 149, 252, 198, 254, 208, 219, 253, 212, 222, 220, 227, 220, 198, 192, 212, 217, 157, 220, 219, 198, 193, 212, 219, 214, 208, 156, 149, 193, 221, 208, 219, 149, 222, 208, 219, 253, 212, 222, 220, 227, 220, 198, 192, 212, 217, 246, 218, 192, 219, 193, 149, 136, 149, 216, 212, 193, 221, 155, 216, 212, 205, 157, 133, 153, 149, 222, 208, 219, 253, 212, 222, 220, 227, 220, 198, 192, 212, 217, 246, 218, 192, 219, 193, 149, 152, 149, 132, 156, 149, 224, 197, 209, 212, 193, 208, 254, 208, 219, 253, 212, 222, 220, 249, 218, 212, 209, 157, 156, 149, 208, 219, 209, 149, 208, 219, 209, 149, 193, 212, 198, 222, 155, 198, 197, 212, 194, 219, 157, 211, 192, 219, 214, 193, 220, 218, 219, 157, 156, 149, 217, 218, 214, 212, 217, 149, 214, 218, 192, 219, 193, 149, 136, 149, 133, 149, 211, 218, 199, 149, 234, 153, 149, 220, 219, 198, 193, 212, 219, 214, 208, 149, 220, 219, 149, 220, 197, 212, 220, 199, 198, 157, 194, 218, 199, 222, 198, 197, 212, 214, 208, 143, 242, 208, 193, 241, 208, 198, 214, 208, 219, 209, 212, 219, 193, 198, 157, 156, 156, 149, 209, 218, 149, 220, 211, 149, 252, 198, 254, 208, 219, 253, 212, 222, 220, 227, 220, 198, 192, 212, 217, 157, 220, 219, 198, 193, 212, 219, 214, 208, 156, 149, 193, 221, 208, 219, 149, 214, 218, 192, 219, 193, 149, 158, 136, 149, 132, 149, 208, 219, 209, 149, 208, 219, 209, 149, 222, 208, 219, 253, 212, 222, 220, 227, 220, 198, 192, 212, 217, 246, 218, 192, 219, 193, 149, 136, 149, 214, 218, 192, 219, 193, 149, 224, 197, 209, 212, 193, 208, 254, 208, 219, 253, 212, 222, 220, 249, 218, 212, 209, 157, 156, 149, 208, 219, 209, 156, 149, 194, 218, 199, 222, 198, 197, 212, 214, 208, 155, 241, 208, 198, 214, 208, 219, 209, 212, 219, 193, 244, 209, 209, 208, 209, 143, 246, 218, 219, 219, 208, 214, 193, 157, 211, 192, 219, 214, 193, 220, 218, 219, 157, 220, 219, 198, 193, 212, 219, 214, 208, 156, 149, 231, 208, 210, 220, 198, 193, 208, 199, 254, 208, 219, 253, 212, 222, 220, 227, 220, 198, 192, 212, 217, 157, 220, 219, 198, 193, 212, 219, 214, 208, 156, 149, 208, 219, 209, 156, 149, 194, 218, 199, 222, 198, 197, 212, 214, 208, 155, 241, 208, 198, 214, 208, 219, 209, 212, 219, 193, 231, 208, 216, 218, 195, 220, 219, 210, 143, 246, 218, 219, 219, 208, 214, 193, 157, 211, 192, 219, 214, 193, 220, 218, 219, 157, 220, 219, 198, 193, 212, 219, 214, 208, 156, 149, 224, 219, 199, 208, 210, 220, 198, 193, 208, 199, 254, 208, 219, 253, 212, 222, 220, 227, 220, 198, 192, 212, 217, 157, 220, 219, 198, 193, 212, 219, 214, 208, 156, 149, 208, 219, 209, 156, 149, 217, 218, 214, 212, 217, 149, 197, 217, 212, 204, 208, 199, 249, 220, 198, 193, 149, 136, 149, 206, 200, 149, 211, 218, 199, 149, 234, 153, 149, 197, 149, 220, 219, 149, 220, 197, 212, 220, 199, 198, 157, 229, 217, 212, 204, 208, 199, 198, 143, 242, 208, 193, 229, 217, 212, 204, 208, 199, 198, 157, 156, 156, 149, 209, 218, 149, 220, 211, 149, 197, 149, 203, 136, 149, 197, 217, 212, 204, 208, 199, 149, 193, 221, 208, 219, 149, 197, 217, 212, 204, 208, 199, 249, 220, 198, 193, 238, 197, 232, 149, 136, 149, 193, 199, 192, 208, 149, 208, 219, 209, 149, 208, 219, 209, 149, 229, 217, 212, 204, 208, 199, 198, 155, 229, 217, 212, 204, 208, 199, 244, 209, 209, 208, 209, 143, 246, 218, 219, 219, 208, 214, 193, 157, 211, 192, 219, 214, 193, 220, 218, 219, 157, 197, 156, 149, 220, 211, 149, 197, 149, 203, 136, 149, 197, 217, 212, 204, 208, 199, 149, 193, 221, 208, 219, 149, 197, 217, 212, 204, 208, 199, 249, 220, 198, 193, 238, 197, 232, 149, 136, 149, 193, 199, 192, 208, 149, 208, 219, 209, 149, 208, 219, 209, 156, 149, 229, 217, 212, 204, 208, 199, 198, 155, 229, 217, 212, 204, 208, 199, 231, 208, 216, 218, 195, 220, 219, 210, 143, 246, 218, 219, 219, 208, 214, 193, 157, 211, 192, 219, 214, 193, 220, 218, 219, 157, 197, 156, 149, 197, 217, 212, 204, 208, 199, 249, 220, 198, 193, 238, 197, 232, 149, 136, 149, 219, 220, 217, 149, 208, 219, 209, 156, 149, 217, 218, 214, 212, 217, 149, 219, 197, 214, 246, 212, 214, 221, 208, 149, 136, 149, 206, 200, 149, 217, 218, 214, 212, 217, 149, 211, 192, 219, 214, 193, 220, 218, 219, 149, 252, 198, 244, 217, 217, 218, 194, 208, 209, 251, 229, 246, 246, 218, 219, 193, 212, 220, 219, 208, 199, 157, 214, 218, 219, 193, 212, 220, 219, 208, 199, 156, 149, 220, 211, 149, 219, 218, 193, 149, 214, 218, 219, 193, 212, 220, 219, 208, 199, 149, 193, 221, 208, 219, 149, 199, 208, 193, 192, 199, 219, 149, 211, 212, 217, 198, 208, 149, 208, 219, 209, 149, 217, 218, 214, 212, 217, 149, 216, 218, 219, 198, 193, 208, 199, 149, 136, 149, 194, 218, 199, 222, 198, 197, 212, 214, 208, 143, 243, 220, 219, 209, 243, 220, 199, 198, 193, 246, 221, 220, 217, 209, 157, 151, 248, 218, 219, 198, 193, 208, 199, 151, 156, 149, 199, 208, 193, 192, 199, 219, 149, 214, 218, 219, 193, 212, 220, 219, 208, 199, 149, 136, 136, 149, 157, 216, 218, 219, 198, 193, 208, 199, 149, 212, 219, 209, 149, 216, 218, 219, 198, 193, 208, 199, 143, 243, 220, 219, 209, 243, 220, 199, 198, 193, 246, 221, 220, 217, 209, 157, 151, 248, 218, 219, 151, 156, 156, 149, 218, 199, 149, 214, 218, 219, 193, 212, 220, 219, 208, 199, 149, 136, 136, 149, 157, 216, 218, 219, 198, 193, 208, 199, 149, 212, 219, 209, 149, 216, 218, 219, 198, 193, 208, 199, 143, 243, 220, 219, 209, 243, 220, 199, 198, 193, 246, 221, 220, 217, 209, 157, 151, 247, 218, 198, 198, 151, 156, 156, 149, 218, 199, 149, 214, 218, 219, 193, 212, 220, 219, 208, 199, 149, 136, 136, 149, 194, 218, 199, 222, 198, 197, 212, 214, 208, 143, 243, 220, 219, 209, 243, 220, 199, 198, 193, 246, 221, 220, 217, 209, 157, 151, 248, 250, 247, 151, 156, 149, 208, 219, 209, 149, 217, 218, 214, 212, 217, 149, 211, 192, 219, 214, 193, 220, 218, 219, 149, 252, 198, 227, 212, 217, 220, 209, 251, 229, 246, 157, 216, 218, 209, 208, 217, 156, 149, 220, 211, 149, 219, 218, 193, 149, 216, 218, 209, 208, 217, 149, 218, 199, 149, 219, 218, 193, 149, 216, 218, 209, 208, 217, 143, 252, 198, 244, 157, 151, 248, 218, 209, 208, 217, 151, 156, 149, 193, 221, 208, 219, 149, 199, 208, 193, 192, 199, 219, 149, 211, 212, 217, 198, 208, 149, 208, 219, 209, 149, 220, 211, 149, 216, 218, 209, 208, 217, 149, 136, 136, 149, 197, 217, 212, 204, 208, 199, 155, 246, 221, 212, 199, 212, 214, 193, 208, 199, 149, 193, 221, 208, 219, 149, 199, 208, 193, 192, 199, 219, 149, 211, 212, 217, 198, 208, 149, 208, 219, 209, 149, 220, 211, 149, 219, 218, 193, 149, 252, 198, 244, 217, 217, 218, 194, 208, 209, 251, 229, 246, 246, 218, 219, 193, 212, 220, 219, 208, 199, 157, 216, 218, 209, 208, 217, 155, 229, 212, 199, 208, 219, 193, 156, 149, 193, 221, 208, 219, 149, 199, 208, 193, 192, 199, 219, 149, 211, 212, 217, 198, 208, 149, 208, 219, 209, 149, 217, 218, 214, 212, 217, 149, 221, 192, 216, 212, 219, 218, 220, 209, 149, 136, 149, 216, 218, 209, 208, 217, 143, 243, 220, 219, 209, 243, 220, 199, 198, 193, 246, 221, 220, 217, 209, 250, 211, 246, 217, 212, 198, 198, 157, 151, 253, 192, 216, 212, 219, 218, 220, 209, 151, 156, 149, 217, 218, 214, 212, 217, 149, 221, 199, 197, 149, 136, 149, 216, 218, 209, 208, 217, 143, 243, 220, 219, 209, 243, 220, 199, 198, 193, 246, 221, 220, 217, 209, 157, 151, 253, 192, 216, 212, 219, 218, 220, 209, 231, 218, 218, 193, 229, 212, 199, 193, 151, 156, 149, 199, 208, 193, 192, 199, 219, 149, 221, 192, 216, 212, 219, 218, 220, 209, 149, 203, 136, 149, 219, 220, 217, 149, 212, 219, 209, 149, 221, 192, 216, 212, 219, 218, 220, 209, 155, 253, 208, 212, 217, 193, 221, 149, 139, 149, 133, 149, 212, 219, 209, 149, 221, 199, 197, 149, 203, 136, 149, 219, 220, 217, 149, 208, 219, 209, 149, 217, 218, 214, 212, 217, 149, 211, 192, 219, 214, 193, 220, 218, 219, 149, 244, 209, 209, 251, 229, 246, 225, 218, 246, 212, 214, 221, 208, 157, 216, 218, 209, 208, 217, 156, 149, 220, 211, 149, 219, 218, 193, 149, 252, 198, 227, 212, 217, 220, 209, 251, 229, 246, 157, 216, 218, 209, 208, 217, 156, 149, 193, 221, 208, 219, 149, 199, 208, 193, 192, 199, 219, 149, 208, 219, 209, 149, 220, 211, 149, 219, 197, 214, 246, 212, 214, 221, 208, 238, 216, 218, 209, 208, 217, 232, 149, 193, 221, 208, 219, 149, 199, 208, 193, 192, 199, 219, 149, 208, 219, 209, 149, 219, 197, 214, 246, 212, 214, 221, 208, 238, 216, 218, 209, 208, 217, 232, 149, 136, 149, 206, 149, 246, 221, 212, 199, 212, 214, 193, 208, 199, 149, 136, 149, 216, 218, 209, 208, 217, 153, 149, 253, 192, 216, 212, 219, 218, 220, 209, 149, 136, 149, 216, 218, 209, 208, 217, 143, 243, 220, 219, 209, 243, 220, 199, 198, 193, 246, 221, 220, 217, 209, 250, 211, 246, 217, 212, 198, 198, 157, 151, 253, 192, 216, 212, 219, 218, 220, 209, 151, 156, 153, 149, 253, 231, 229, 149, 136, 149, 216, 218, 209, 208, 217, 143, 243, 220, 219, 209, 243, 220, 199, 198, 193, 246, 221, 220, 217, 209, 157, 151, 253, 192, 216, 212, 219, 218, 220, 209, 231, 218, 218, 193, 229, 212, 199, 193, 151, 156, 153, 149, 253, 208, 212, 209, 149, 136, 149, 216, 218, 209, 208, 217, 143, 243, 220, 219, 209, 243, 220, 199, 198, 193, 246, 221, 220, 217, 209, 157, 151, 253, 208, 212, 209, 151, 156, 149, 200, 149, 208, 219, 209, 149, 217, 218, 214, 212, 217, 149, 211, 192, 219, 214, 193, 220, 218, 219, 149, 231, 208, 216, 218, 195, 208, 251, 229, 246, 243, 199, 218, 216, 246, 212, 214, 221, 208, 157, 216, 218, 209, 208, 217, 156, 149, 219, 197, 214, 246, 212, 214, 221, 208, 238, 216, 218, 209, 208, 217, 232, 149, 136, 149, 219, 220, 217, 149, 208, 219, 209, 149, 217, 218, 214, 212, 217, 149, 211, 192, 219, 214, 193, 220, 218, 219, 149, 230, 214, 212, 219, 251, 229, 246, 246, 218, 219, 193, 212, 220, 219, 208, 199, 157, 214, 218, 219, 193, 212, 220, 219, 208, 199, 156, 149, 220, 211, 149, 219, 218, 193, 149, 214, 218, 219, 193, 212, 220, 219, 208, 199, 149, 193, 221, 208, 219, 149, 199, 208, 193, 192, 199, 219, 149, 208, 219, 209, 149, 211, 218, 199, 149, 234, 153, 149, 218, 215, 223, 208, 214, 193, 149, 220, 219, 149, 220, 197, 212, 220, 199, 198, 157, 214, 218, 219, 193, 212, 220, 219, 208, 199, 143, 242, 208, 193, 246, 221, 220, 217, 209, 199, 208, 219, 157, 156, 156, 149, 209, 218, 149, 220, 211, 149, 218, 215, 223, 208, 214, 193, 143, 252, 198, 244, 157, 151, 248, 218, 209, 208, 217, 151, 156, 149, 193, 221, 208, 219, 149, 244, 209, 209, 251, 229, 246, 225, 218, 246, 212, 214, 221, 208, 157, 218, 215, 223, 208, 214, 193, 156, 149, 208, 219, 209, 149, 208, 219, 209, 149, 208, 219, 209, 149, 217, 218, 214, 212, 217, 149, 211, 192, 219, 214, 193, 220, 218, 219, 149, 246, 218, 219, 219, 208, 214, 193, 251, 229, 246, 246, 218, 219, 193, 212, 220, 219, 208, 199, 157, 214, 218, 219, 193, 212, 220, 219, 208, 199, 156, 149, 220, 211, 149, 219, 218, 193, 149, 214, 218, 219, 193, 212, 220, 219, 208, 199, 149, 193, 221, 208, 219, 149, 199, 208, 193, 192, 199, 219, 149, 208, 219, 209, 149, 230, 214, 212, 219, 251, 229, 246, 246, 218, 219, 193, 212, 220, 219, 208, 199, 157, 214, 218, 219, 193, 212, 220, 219, 208, 199, 156, 149, 214, 218, 219, 193, 212, 220, 219, 208, 199, 155, 246, 221, 220, 217, 209, 244, 209, 209, 208, 209, 143, 246, 218, 219, 219, 208, 214, 193, 157, 211, 192, 219, 214, 193, 220, 218, 219, 157, 218, 215, 223, 208, 214, 193, 156, 149, 220, 211, 149, 218, 215, 223, 208, 214, 193, 143, 252, 198, 244, 157, 151, 248, 218, 209, 208, 217, 151, 156, 149, 193, 221, 208, 219, 149, 193, 212, 198, 222, 155, 209, 208, 211, 208, 199, 157, 211, 192, 219, 214, 193, 220, 218, 219, 157, 156, 149, 220, 211, 149, 218, 215, 223, 208, 214, 193, 155, 229, 212, 199, 208, 219, 193, 149, 136, 136, 149, 214, 218, 219, 193, 212, 220, 219, 208, 199, 149, 193, 221, 208, 219, 149, 244, 209, 209, 251, 229, 246, 225, 218, 246, 212, 214, 221, 208, 157, 218, 215, 223, 208, 214, 193, 156, 149, 208, 219, 209, 149, 208, 219, 209, 156, 149, 208, 219, 209, 149, 208, 219, 209, 156, 149, 214, 218, 219, 193, 212, 220, 219, 208, 199, 155, 246, 221, 220, 217, 209, 231, 208, 216, 218, 195, 208, 209, 143, 246, 218, 219, 219, 208, 214, 193, 157, 211, 192, 219, 214, 193, 220, 218, 219, 157, 218, 215, 223, 208, 214, 193, 156, 149, 220, 211, 149, 218, 215, 223, 208, 214, 193, 143, 252, 198, 244, 157, 151, 248, 218, 209, 208, 217, 151, 156, 149, 193, 221, 208, 219, 149, 231, 208, 216, 218, 195, 208, 251, 229, 246, 243, 199, 218, 216, 246, 212, 214, 221, 208, 157, 218, 215, 223, 208, 214, 193, 156, 149, 208, 219, 209, 149, 208, 219, 209, 156, 149, 208, 219, 209, 149, 193, 212, 198, 222, 155, 198, 197, 212, 194, 219, 157, 211, 192, 219, 214, 193, 220, 218, 219, 157, 156, 149, 217, 218, 214, 212, 217, 149, 216, 218, 219, 198, 193, 208, 199, 149, 136, 149, 194, 218, 199, 222, 198, 197, 212, 214, 208, 143, 243, 220, 219, 209, 243, 220, 199, 198, 193, 246, 221, 220, 217, 209, 157, 151, 248, 218, 219, 198, 193, 208, 199, 151, 156, 149, 246, 218, 219, 219, 208, 214, 193, 251, 229, 246, 246, 218, 219, 193, 212, 220, 219, 208, 199, 157, 216, 218, 219, 198, 193, 208, 199, 149, 212, 219, 209, 149, 216, 218, 219, 198, 193, 208, 199, 143, 243, 220, 219, 209, 243, 220, 199, 198, 193, 246, 221, 220, 217, 209, 157, 151, 248, 218, 219, 151, 156, 156, 149, 246, 218, 219, 219, 208, 214, 193, 251, 229, 246, 246, 218, 219, 193, 212, 220, 219, 208, 199, 157, 216, 218, 219, 198, 193, 208, 199, 149, 212, 219, 209, 149, 216, 218, 219, 198, 193, 208, 199, 143, 243, 220, 219, 209, 243, 220, 199, 198, 193, 246, 221, 220, 217, 209, 157, 151, 247, 218, 198, 198, 151, 156, 156, 149, 246, 218, 219, 219, 208, 214, 193, 251, 229, 246, 246, 218, 219, 193, 212, 220, 219, 208, 199, 157, 194, 218, 199, 222, 198, 197, 212, 214, 208, 143, 243, 220, 219, 209, 243, 220, 199, 198, 193, 246, 221, 220, 217, 209, 157, 151, 248, 250, 247, 151, 156, 156, 149, 208, 219, 209, 156, 149, 194, 218, 199, 222, 198, 197, 212, 214, 208, 155, 246, 221, 220, 217, 209, 244, 209, 209, 208, 209, 143, 246, 218, 219, 219, 208, 214, 193, 157, 211, 192, 219, 214, 193, 220, 218, 219, 157, 218, 215, 223, 208, 214, 193, 156, 149, 220, 211, 149, 218, 215, 223, 208, 214, 193, 155, 251, 212, 216, 208, 149, 136, 136, 149, 151, 248, 250, 247, 151, 149, 193, 221, 208, 219, 149, 246, 218, 219, 219, 208, 214, 193, 251, 229, 246, 246, 218, 219, 193, 212, 220, 219, 208, 199, 157, 218, 215, 223, 208, 214, 193, 156, 149, 208, 217, 198, 208, 220, 211, 149, 218, 215, 223, 208, 214, 193, 155, 251, 212, 216, 208, 149, 136, 136, 149, 151, 248, 218, 219, 198, 193, 208, 199, 151, 149, 193, 221, 208, 219, 149, 193, 212, 198, 222, 155, 209, 208, 211, 208, 199, 157, 211, 192, 219, 214, 193, 220, 218, 219, 157, 156, 149, 220, 211, 149, 218, 215, 223, 208, 214, 193, 155, 229, 212, 199, 208, 219, 193, 149, 136, 136, 149, 194, 218, 199, 222, 198, 197, 212, 214, 208, 149, 193, 221, 208, 219, 149, 246, 218, 219, 219, 208, 214, 193, 251, 229, 246, 246, 218, 219, 193, 212, 220, 219, 208, 199, 157, 218, 215, 223, 208, 214, 193, 143, 243, 220, 219, 209, 243, 220, 199, 198, 193, 246, 221, 220, 217, 209, 157, 151, 248, 218, 219, 151, 156, 156, 149, 246, 218, 219, 219, 208, 214, 193, 251, 229, 246, 246, 218, 219, 193, 212, 220, 219, 208, 199, 157, 218, 215, 223, 208, 214, 193, 143, 243, 220, 219, 209, 243, 220, 199, 198, 193, 246, 221, 220, 217, 209, 157, 151, 247, 218, 198, 198, 151, 156, 156, 149, 208, 219, 209, 149, 208, 219, 209, 156, 149, 208, 219, 209, 149, 208, 219, 209, 156, 149, 194, 218, 199, 222, 198, 197, 212, 214, 208, 155, 241, 208, 198, 214, 208, 219, 209, 212, 219, 193, 244, 209, 209, 208, 209, 143, 246, 218, 219, 219, 208, 214, 193, 157, 211, 192, 219, 214, 193, 220, 218, 219, 157, 218, 215, 223, 208, 214, 193, 156, 149, 220, 211, 149, 219, 218, 193, 149, 218, 215, 223, 208, 214, 193, 143, 252, 198, 244, 157, 151, 243, 218, 217, 209, 208, 199, 151, 156, 149, 193, 221, 208, 219, 149, 199, 208, 193, 192, 199, 219, 149, 208, 219, 209, 149, 220, 211, 149, 218, 215, 223, 208, 214, 193, 155, 251, 212, 216, 208, 149, 203, 136, 149, 151, 248, 218, 219, 151, 149, 212, 219, 209, 149, 218, 215, 223, 208, 214, 193, 155, 251, 212, 216, 208, 149, 203, 136, 149, 151, 247, 218, 198, 198, 151, 149, 193, 221, 208, 219, 149, 199, 208, 193, 192, 199, 219, 149, 208, 219, 209, 149, 217, 218, 214, 212, 217, 149, 216, 218, 219, 198, 193, 208, 199, 149, 136, 149, 194, 218, 199, 222, 198, 197, 212, 214, 208, 143, 243, 220, 219, 209, 243, 220, 199, 198, 193, 246, 221, 220, 217, 209, 157, 151, 248, 218, 219, 198, 193, 208, 199, 151, 156, 149, 220, 211, 149, 216, 218, 219, 198, 193, 208, 199, 149, 212, 219, 209, 149, 218, 215, 223, 208, 214, 193, 155, 229, 212, 199, 208, 219, 193, 149, 136, 136, 149, 216, 218, 219, 198, 193, 208, 199, 149, 193, 221, 208, 219, 149, 246, 218, 219, 219, 208, 214, 193, 251, 229, 246, 246, 218, 219, 193, 212, 220, 219, 208, 199, 157, 218, 215, 223, 208, 214, 193, 156, 149, 208, 219, 209, 149, 208, 219, 209, 156, 149, 217, 218, 214, 212, 217, 149, 210, 192, 220, 149, 136, 149, 252, 219, 198, 193, 212, 219, 214, 208, 155, 219, 208, 194, 157, 151, 230, 214, 199, 208, 208, 219, 242, 192, 220, 151, 156, 149, 210, 192, 220, 155, 251, 212, 216, 208, 149, 136, 149, 151, 251, 208, 205, 192, 198, 226, 212, 199, 208, 244, 220, 216, 246, 220, 199, 214, 217, 208, 151, 149, 210, 192, 220, 155, 231, 208, 198, 208, 193, 250, 219, 230, 197, 212, 194, 219, 149, 136, 149, 211, 212, 217, 198, 208, 149, 210, 192, 220, 155, 229, 212, 199, 208, 219, 193, 149, 136, 149, 210, 212, 216, 208, 155, 246, 218, 199, 208, 242, 192, 220, 149, 217, 218, 214, 212, 217, 149, 214, 220, 199, 214, 217, 208, 149, 136, 149, 252, 219, 198, 193, 212, 219, 214, 208, 155, 219, 208, 194, 157, 151, 243, 199, 212, 216, 208, 151, 156, 149, 214, 220, 199, 214, 217, 208, 155, 230, 220, 207, 208, 149, 136, 149, 224, 241, 220, 216, 135, 155, 219, 208, 194, 157, 133, 153, 149, 132, 128, 133, 153, 149, 133, 153, 149, 132, 128, 133, 156, 149, 214, 220, 199, 214, 217, 208, 155, 244, 219, 214, 221, 218, 199, 229, 218, 220, 219, 193, 149, 136, 149, 227, 208, 214, 193, 218, 199, 135, 155, 219, 208, 194, 157, 133, 155, 128, 153, 149, 133, 155, 128, 156, 149, 214, 220, 199, 214, 217, 208, 155, 247, 212, 214, 222, 210, 199, 218, 192, 219, 209, 225, 199, 212, 219, 198, 197, 212, 199, 208, 219, 214, 204, 149, 136, 149, 132, 149, 214, 220, 199, 214, 217, 208, 155, 227, 220, 198, 220, 215, 217, 208, 149, 136, 149, 211, 212, 217, 198, 208, 149, 214, 220, 199, 214, 217, 208, 155, 229, 212, 199, 208, 219, 193, 149, 136, 149, 210, 192, 220, 149, 217, 218, 214, 212, 217, 149, 192, 220, 246, 218, 199, 219, 208, 199, 149, 136, 149, 252, 219, 198, 193, 212, 219, 214, 208, 155, 219, 208, 194, 157, 151, 224, 252, 246, 218, 199, 219, 208, 199, 151, 156, 149, 192, 220, 246, 218, 199, 219, 208, 199, 155, 246, 218, 199, 219, 208, 199, 231, 212, 209, 220, 192, 198, 149, 136, 149, 224, 241, 220, 216, 155, 219, 208, 194, 157, 132, 153, 149, 133, 156, 149, 192, 220, 246, 218, 199, 219, 208, 199, 155, 229, 212, 199, 208, 219, 193, 149, 136, 149, 214, 220, 199, 214, 217, 208, 149, 217, 218, 214, 212, 217, 149, 192, 220, 230, 193, 199, 218, 222, 208, 149, 136, 149, 252, 219, 198, 193, 212, 219, 214, 208, 155, 219, 208, 194, 157, 151, 224, 252, 230, 193, 199, 218, 222, 208, 151, 156, 149, 192, 220, 230, 193, 199, 218, 222, 208, 155, 225, 221, 220, 214, 222, 219, 208, 198, 198, 149, 136, 149, 134, 149, 192, 220, 230, 193, 199, 218, 222, 208, 155, 246, 218, 217, 218, 199, 149, 136, 149, 246, 218, 217, 218, 199, 134, 155, 211, 199, 218, 216, 231, 242, 247, 157, 135, 128, 128, 153, 149, 133, 153, 149, 133, 156, 149, 192, 220, 230, 193, 199, 218, 222, 208, 155, 229, 212, 199, 208, 219, 193, 149, 136, 149, 214, 220, 199, 214, 217, 208, 149, 217, 218, 214, 212, 217, 149, 214, 220, 199, 214, 217, 208, 246, 218, 219, 219, 208, 214, 193, 220, 218, 219, 149, 136, 149, 219, 220, 217, 149, 217, 218, 214, 212, 217, 149, 211, 192, 219, 214, 193, 220, 218, 219, 149, 224, 197, 209, 212, 193, 208, 246, 220, 199, 214, 217, 208, 246, 218, 219, 219, 208, 214, 193, 220, 218, 219, 157, 208, 219, 212, 215, 217, 208, 209, 156, 149, 220, 211, 149, 208, 219, 212, 215, 217, 208, 209, 149, 193, 221, 208, 219, 149, 220, 211, 149, 219, 218, 193, 149, 214, 220, 199, 214, 217, 208, 246, 218, 219, 219, 208, 214, 193, 220, 218, 219, 149, 193, 221, 208, 219, 149, 214, 220, 199, 214, 217, 208, 155, 227, 220, 198, 220, 215, 217, 208, 149, 136, 149, 193, 199, 192, 208, 149, 214, 220, 199, 214, 217, 208, 246, 218, 219, 219, 208, 214, 193, 220, 218, 219, 149, 136, 149, 231, 192, 219, 230, 208, 199, 195, 220, 214, 208, 155, 231, 208, 219, 209, 208, 199, 230, 193, 208, 197, 197, 208, 209, 143, 246, 218, 219, 219, 208, 214, 193, 157, 211, 192, 219, 214, 193, 220, 218, 219, 157, 156, 149, 214, 220, 199, 214, 217, 208, 155, 229, 218, 198, 220, 193, 220, 218, 219, 149, 136, 149, 224, 241, 220, 216, 135, 155, 211, 199, 218, 216, 250, 211, 211, 198, 208, 193, 157, 149, 216, 218, 192, 198, 208, 155, 237, 153, 149, 216, 218, 192, 198, 208, 155, 236, 149, 156, 149, 220, 211, 149, 193, 212, 199, 210, 208, 193, 252, 219, 246, 220, 199, 214, 217, 208, 149, 193, 221, 208, 219, 149, 192, 220, 230, 193, 199, 218, 222, 208, 155, 246, 218, 217, 218, 199, 149, 136, 149, 246, 218, 217, 218, 199, 134, 155, 211, 199, 218, 216, 231, 242, 247, 157, 133, 153, 149, 135, 128, 128, 153, 149, 133, 156, 149, 208, 217, 198, 208, 149, 192, 220, 230, 193, 199, 218, 222, 208, 155, 246, 218, 217, 218, 199, 149, 136, 149, 246, 218, 217, 218, 199, 134, 155, 211, 199, 218, 216, 231, 242, 247, 157, 135, 128, 128, 153, 149, 133, 153, 149, 133, 156, 149, 208, 219, 209, 149, 208, 219, 209, 156, 149, 208, 219, 209, 149, 208, 217, 198, 208, 149, 220, 211, 149, 214, 220, 199, 214, 217, 208, 246, 218, 219, 219, 208, 214, 193, 220, 218, 219, 149, 193, 221, 208, 219, 149, 214, 220, 199, 214, 217, 208, 246, 218, 219, 219, 208, 214, 193, 220, 218, 219, 143, 241, 220, 198, 214, 218, 219, 219, 208, 214, 193, 157, 156, 149, 214, 220, 199, 214, 217, 208, 246, 218, 219, 219, 208, 214, 193, 220, 218, 219, 149, 136, 149, 219, 220, 217, 149, 208, 219, 209, 149, 214, 220, 199, 214, 217, 208, 155, 227, 220, 198, 220, 215, 217, 208, 149, 136, 149, 211, 212, 217, 198, 208, 149, 208, 219, 209, 149, 208, 219, 209, 149, 217, 218, 214, 212, 217, 149, 244, 252, 248, 234, 246, 252, 231, 246, 249, 240, 234, 247, 244, 230, 240, 234, 230, 252, 239, 240, 149, 136, 149, 132, 128, 133, 149, 217, 218, 214, 212, 217, 149, 211, 192, 219, 214, 193, 220, 218, 219, 149, 224, 197, 209, 212, 193, 208, 244, 220, 216, 246, 220, 199, 214, 217, 208, 230, 220, 207, 208, 157, 195, 212, 217, 192, 208, 156, 149, 217, 218, 214, 212, 217, 149, 209, 220, 212, 216, 208, 193, 208, 199, 149, 136, 149, 244, 252, 248, 234, 246, 252, 231, 246, 249, 240, 234, 247, 244, 230, 240, 234, 230, 252, 239, 240, 149, 158, 149, 195, 212, 217, 192, 208, 149, 214, 220, 199, 214, 217, 208, 155, 230, 220, 207, 208, 149, 136, 149, 224, 241, 220, 216, 135, 155, 211, 199, 218, 216, 250, 211, 211, 198, 208, 193, 157, 149, 209, 220, 212, 216, 208, 193, 208, 199, 153, 149, 209, 220, 212, 216, 208, 193, 208, 199, 149, 156, 149, 217, 218, 214, 212, 217, 149, 199, 212, 209, 220, 192, 198, 149, 136, 149, 209, 220, 212, 216, 208, 193, 208, 199, 149, 154, 149, 135, 149, 214, 212, 214, 221, 208, 209, 231, 212, 209, 220, 192, 198, 230, 196, 149, 136, 149, 199, 212, 209, 220, 192, 198, 149, 159, 149, 199, 212, 209, 220, 192, 198, 149, 208, 219, 209, 149, 217, 218, 214, 212, 217, 149, 211, 192, 219, 214, 193, 220, 218, 219, 149, 242, 208, 193, 246, 221, 212, 199, 212, 214, 193, 208, 199, 241, 212, 193, 212, 157, 193, 212, 199, 210, 208, 193, 229, 217, 212, 204, 208, 199, 156, 149, 220, 211, 149, 219, 218, 193, 149, 193, 212, 199, 210, 208, 193, 229, 217, 212, 204, 208, 199, 149, 193, 221, 208, 219, 149, 199, 208, 193, 192, 199, 219, 149, 219, 220, 217, 149, 208, 219, 209, 149, 217, 218, 214, 212, 217, 149, 214, 221, 212, 199, 212, 214, 193, 208, 199, 149, 136, 149, 193, 212, 199, 210, 208, 193, 229, 217, 212, 204, 208, 199, 155, 246, 221, 212, 199, 212, 214, 193, 208, 199, 149, 220, 211, 149, 219, 218, 193, 149, 214, 221, 212, 199, 212, 214, 193, 208, 199, 149, 193, 221, 208, 219, 149, 199, 208, 193, 192, 199, 219, 149, 219, 220, 217, 149, 208, 219, 209, 149, 217, 218, 214, 212, 217, 149, 221, 192, 216, 212, 219, 218, 220, 209, 149, 136, 149, 214, 221, 212, 199, 212, 214, 193, 208, 199, 143, 243, 220, 219, 209, 243, 220, 199, 198, 193, 246, 221, 220, 217, 209, 250, 211, 246, 217, 212, 198, 198, 157, 151, 253, 192, 216, 212, 219, 218, 220, 209, 151, 156, 149, 217, 218, 214, 212, 217, 149, 221, 199, 197, 149, 136, 149, 214, 221, 212, 199, 212, 214, 193, 208, 199, 143, 243, 220, 219, 209, 243, 220, 199, 198, 193, 246, 221, 220, 217, 209, 157, 151, 253, 192, 216, 212, 219, 218, 220, 209, 231, 218, 218, 193, 229, 212, 199, 193, 151, 156, 149, 217, 218, 214, 212, 217, 149, 221, 208, 212, 209, 149, 136, 149, 214, 221, 212, 199, 212, 214, 193, 208, 199, 143, 243, 220, 219, 209, 243, 220, 199, 198, 193, 246, 221, 220, 217, 209, 157, 151, 253, 208, 212, 209, 151, 156, 149, 220, 211, 149, 219, 218, 193, 149, 221, 192, 216, 212, 219, 218, 220, 209, 149, 218, 199, 149, 221, 192, 216, 212, 219, 218, 220, 209, 155, 253, 208, 212, 217, 193, 221, 149, 137, 136, 149, 133, 149, 193, 221, 208, 219, 149, 199, 208, 193, 192, 199, 219, 149, 219, 220, 217, 149, 208, 219, 209, 149, 220, 211, 149, 219, 218, 193, 149, 221, 199, 197, 149, 193, 221, 208, 219, 149, 199, 208, 193, 192, 199, 219, 149, 219, 220, 217, 149, 208, 219, 209, 149, 199, 208, 193, 192, 199, 219, 149, 206, 149, 229, 217, 212, 204, 208, 199, 149, 136, 149, 193, 212, 199, 210, 208, 193, 229, 217, 212, 204, 208, 199, 153, 149, 246, 221, 212, 199, 212, 214, 193, 208, 199, 149, 136, 149, 214, 221, 212, 199, 212, 214, 193, 208, 199, 153, 149, 253, 192, 216, 212, 219, 218, 220, 209, 149, 136, 149, 221, 192, 216, 212, 219, 218, 220, 209, 153, 149, 253, 231, 229, 149, 136, 149, 221, 199, 197, 153, 149, 253, 208, 212, 209, 149, 136, 149, 221, 208, 212, 209, 149, 200, 149, 208, 219, 209, 149, 217, 218, 214, 212, 217, 149, 211, 192, 219, 214, 193, 220, 218, 219, 149, 242, 208, 193, 229, 199, 220, 218, 199, 220, 193, 204, 225, 212, 199, 210, 208, 193, 157, 156, 149, 220, 211, 149, 219, 218, 193, 149, 242, 208, 193, 230, 208, 193, 193, 220, 219, 210, 157, 151, 212, 220, 216, 215, 218, 193, 229, 199, 220, 218, 199, 220, 193, 204, 151, 156, 149, 193, 221, 208, 219, 149, 199, 208, 193, 192, 199, 219, 149, 219, 220, 217, 149, 208, 219, 209, 149, 220, 211, 149, 198, 208, 217, 208, 214, 193, 208, 209, 229, 217, 212, 204, 208, 199, 149, 136, 136, 149, 151, 151, 149, 218, 199, 149, 198, 208, 217, 208, 214, 193, 208, 209, 229, 217, 212, 204, 208, 199, 149, 136, 136, 149, 151, 251, 218, 149, 241, 212, 193, 212, 151, 149, 193, 221, 208, 219, 149, 199, 208, 193, 192, 199, 219, 149, 219, 220, 217, 149, 208, 219, 209, 149, 217, 218, 214, 212, 217, 149, 193, 212, 199, 210, 208, 193, 229, 217, 212, 204, 208, 199, 149, 136, 149, 229, 217, 212, 204, 208, 199, 198, 143, 243, 220, 219, 209, 243, 220, 199, 198, 193, 246, 221, 220, 217, 209, 157, 198, 208, 217, 208, 214, 193, 208, 209, 229, 217, 212, 204, 208, 199, 156, 149, 199, 208, 193, 192, 199, 219, 149, 242, 208, 193, 246, 221, 212, 199, 212, 214, 193, 208, 199, 241, 212, 193, 212, 157, 193, 212, 199, 210, 208, 193, 229, 217, 212, 204, 208, 199, 156, 149, 208, 219, 209, 149, 217, 218, 214, 212, 217, 149, 211, 192, 219, 214, 193, 220, 218, 219, 149, 242, 208, 193, 230, 208, 217, 208, 214, 193, 208, 209, 225, 212, 199, 210, 208, 193, 157, 156, 149, 220, 211, 149, 219, 218, 193, 149, 242, 208, 193, 230, 208, 193, 193, 220, 219, 210, 157, 151, 212, 220, 216, 215, 218, 193, 151, 156, 149, 193, 221, 208, 219, 149, 199, 208, 193, 192, 199, 219, 149, 219, 220, 217, 149, 208, 219, 209, 149, 220, 211, 149, 198, 208, 217, 208, 214, 193, 208, 209, 229, 217, 212, 204, 208, 199, 149, 136, 136, 149, 151, 151, 149, 218, 199, 149, 198, 208, 217, 208, 214, 193, 208, 209, 229, 217, 212, 204, 208, 199, 149, 136, 136, 149, 151, 251, 218, 149, 241, 212, 193, 212, 151, 149, 193, 221, 208, 219, 149, 199, 208, 193, 192, 199, 219, 149, 219, 220, 217, 149, 208, 219, 209, 149, 217, 218, 214, 212, 217, 149, 193, 212, 199, 210, 208, 193, 229, 217, 212, 204, 208, 199, 149, 136, 149, 229, 217, 212, 204, 208, 199, 198, 143, 243, 220, 219, 209, 243, 220, 199, 198, 193, 246, 221, 220, 217, 209, 157, 198, 208, 217, 208, 214, 193, 208, 209, 229, 217, 212, 204, 208, 199, 156, 149, 199, 208, 193, 192, 199, 219, 149, 242, 208, 193, 246, 221, 212, 199, 212, 214, 193, 208, 199, 241, 212, 193, 212, 157, 193, 212, 199, 210, 208, 193, 229, 217, 212, 204, 208, 199, 156, 149, 208, 219, 209, 149, 217, 218, 214, 212, 217, 149, 211, 192, 219, 214, 193, 220, 218, 219, 149, 242, 208, 193, 251, 208, 212, 199, 208, 198, 193, 225, 212, 199, 210, 208, 193, 157, 156, 149, 220, 211, 149, 219, 218, 193, 149, 242, 208, 193, 230, 208, 193, 193, 220, 219, 210, 157, 151, 212, 220, 216, 215, 218, 193, 219, 208, 212, 199, 151, 156, 149, 193, 221, 208, 219, 149, 199, 208, 193, 192, 199, 219, 149, 219, 220, 217, 149, 208, 219, 209, 149, 217, 218, 214, 212, 217, 149, 216, 204, 246, 221, 212, 199, 212, 214, 193, 208, 199, 149, 136, 149, 197, 217, 212, 204, 208, 199, 155, 246, 221, 212, 199, 212, 214, 193, 208, 199, 149, 217, 218, 214, 212, 217, 149, 216, 204, 253, 231, 229, 149, 136, 149, 216, 204, 246, 221, 212, 199, 212, 214, 193, 208, 199, 149, 212, 219, 209, 149, 216, 204, 246, 221, 212, 199, 212, 214, 193, 208, 199, 143, 243, 220, 219, 209, 243, 220, 199, 198, 193, 246, 221, 220, 217, 209, 157, 151, 253, 192, 216, 212, 219, 218, 220, 209, 231, 218, 218, 193, 229, 212, 199, 193, 151, 156, 149, 220, 211, 149, 219, 218, 193, 149, 216, 204, 253, 231, 229, 149, 193, 221, 208, 219, 149, 199, 208, 193, 192, 199, 219, 149, 219, 220, 217, 149, 208, 219, 209, 149, 217, 218, 214, 212, 217, 149, 216, 212, 205, 241, 220, 198, 193, 212, 219, 214, 208, 149, 136, 149, 193, 218, 219, 192, 216, 215, 208, 199, 157, 242, 208, 193, 230, 208, 193, 193, 220, 219, 210, 157, 151, 212, 220, 216, 215, 218, 193, 209, 151, 156, 156, 149, 218, 199, 149, 135, 133, 133, 149, 220, 211, 149, 216, 212, 205, 241, 220, 198, 193, 212, 219, 214, 208, 149, 137, 136, 149, 133, 149, 193, 221, 208, 219, 149, 199, 208, 193, 192, 199, 219, 149, 219, 220, 217, 149, 208, 219, 209, 149, 217, 218, 214, 212, 217, 149, 216, 212, 205, 241, 220, 198, 193, 212, 219, 214, 208, 230, 196, 149, 136, 149, 216, 212, 205, 241, 220, 198, 193, 212, 219, 214, 208, 149, 159, 149, 216, 212, 205, 241, 220, 198, 193, 212, 219, 214, 208, 149, 217, 218, 214, 212, 217, 149, 214, 217, 218, 198, 208, 198, 193, 149, 136, 149, 219, 220, 217, 149, 217, 218, 214, 212, 217, 149, 214, 217, 218, 198, 208, 198, 193, 241, 220, 198, 193, 212, 219, 214, 208, 230, 196, 149, 136, 149, 216, 212, 193, 221, 155, 221, 192, 210, 208, 149, 211, 218, 199, 149, 193, 212, 199, 210, 208, 193, 229, 217, 212, 204, 208, 199, 149, 220, 219, 149, 197, 212, 220, 199, 198, 157, 197, 217, 212, 204, 208, 199, 249, 220, 198, 193, 156, 149, 209, 218, 149, 220, 211, 149, 193, 212, 199, 210, 208, 193, 229, 217, 212, 204, 208, 199, 149, 203, 136, 149, 197, 217, 212, 204, 208, 199, 149, 193, 221, 208, 219, 149, 217, 218, 214, 212, 217, 149, 209, 212, 193, 212, 149, 136, 149, 242, 208, 193, 246, 221, 212, 199, 212, 214, 193, 208, 199, 241, 212, 193, 212, 157, 193, 212, 199, 210, 208, 193, 229, 217, 212, 204, 208, 199, 156, 149, 220, 211, 149, 209, 212, 193, 212, 149, 212, 219, 209, 149, 209, 212, 193, 212, 155, 253, 231, 229, 149, 193, 221, 208, 219, 149, 217, 218, 214, 212, 217, 149, 198, 193, 212, 193, 198, 149, 136, 149, 193, 212, 199, 210, 208, 193, 229, 217, 212, 204, 208, 199, 143, 243, 220, 219, 209, 243, 220, 199, 198, 193, 246, 221, 220, 217, 209, 157, 151, 229, 217, 212, 204, 208, 199, 230, 193, 212, 193, 198, 151, 156, 149, 217, 218, 214, 212, 217, 149, 197, 195, 197, 149, 136, 149, 198, 193, 212, 193, 198, 149, 212, 219, 209, 149, 198, 193, 212, 193, 198, 143, 243, 220, 219, 209, 243, 220, 199, 198, 193, 246, 221, 220, 217, 209, 157, 151, 229, 227, 229, 151, 156, 149, 217, 218, 214, 212, 217, 149, 212, 217, 217, 204, 242, 224, 252, 149, 136, 149, 209, 212, 193, 212, 155, 253, 208, 212, 209, 149, 212, 219, 209, 149, 209, 212, 193, 212, 155, 253, 208, 212, 209, 143, 243, 220, 219, 209, 243, 220, 199, 198, 193, 246, 221, 220, 217, 209, 157, 151, 244, 217, 217, 204, 242, 224, 252, 151, 156, 149, 220, 211, 149, 197, 195, 197, 149, 212, 219, 209, 149, 197, 195, 197, 155, 227, 212, 217, 192, 208, 149, 212, 219, 209, 149, 219, 218, 193, 149, 212, 217, 217, 204, 242, 224, 252, 149, 193, 221, 208, 219, 149, 217, 218, 214, 212, 217, 149, 218, 211, 211, 198, 208, 193, 149, 136, 149, 209, 212, 193, 212, 155, 253, 231, 229, 155, 229, 218, 198, 220, 193, 220, 218, 219, 149, 152, 149, 216, 204, 253, 231, 229, 155, 229, 218, 198, 220, 193, 220, 218, 219, 149, 217, 218, 214, 212, 217, 149, 209, 220, 198, 193, 212, 219, 214, 208, 230, 196, 149, 136, 149, 218, 211, 211, 198, 208, 193, 143, 241, 218, 193, 157, 218, 211, 211, 198, 208, 193, 156, 149, 220, 211, 149, 209, 220, 198, 193, 212, 219, 214, 208, 230, 196, 149, 137, 136, 149, 216, 212, 205, 241, 220, 198, 193, 212, 219, 214, 208, 230, 196, 149, 212, 219, 209, 149, 209, 220, 198, 193, 212, 219, 214, 208, 230, 196, 149, 137, 149, 214, 217, 218, 198, 208, 198, 193, 241, 220, 198, 193, 212, 219, 214, 208, 230, 196, 149, 193, 221, 208, 219, 149, 214, 217, 218, 198, 208, 198, 193, 241, 220, 198, 193, 212, 219, 214, 208, 230, 196, 149, 136, 149, 209, 220, 198, 193, 212, 219, 214, 208, 230, 196, 149, 214, 217, 218, 198, 208, 198, 193, 149, 136, 149, 209, 212, 193, 212, 149, 208, 219, 209, 149, 208, 219, 209, 149, 208, 219, 209, 149, 208, 219, 209, 149, 208, 219, 209, 149, 199, 208, 193, 192, 199, 219, 149, 214, 217, 218, 198, 208, 198, 193, 149, 208, 219, 209, 149, 217, 218, 214, 212, 217, 149, 211, 192, 219, 214, 193, 220, 218, 219, 149, 242, 208, 193, 246, 220, 199, 214, 217, 208, 225, 212, 199, 210, 208, 193, 157, 156, 149, 220, 211, 149, 219, 218, 193, 149, 242, 208, 193, 230, 208, 193, 193, 220, 219, 210, 157, 151, 214, 220, 199, 214, 217, 208, 151, 156, 149, 193, 221, 208, 219, 149, 199, 208, 193, 192, 199, 219, 149, 219, 220, 217, 149, 208, 219, 209, 149, 217, 218, 214, 212, 217, 149, 216, 218, 192, 198, 208, 229, 218, 198, 220, 193, 220, 218, 219, 149, 136, 149, 227, 208, 214, 193, 218, 199, 135, 155, 219, 208, 194, 157, 216, 218, 192, 198, 208, 155, 237, 153, 149, 216, 218, 192, 198, 208, 155, 236, 156, 149, 217, 218, 214, 212, 217, 149, 214, 217, 218, 198, 208, 198, 193, 149, 136, 149, 219, 220, 217, 149, 217, 218, 214, 212, 217, 149, 214, 217, 218, 198, 208, 198, 193, 241, 220, 198, 193, 212, 219, 214, 208, 230, 196, 149, 136, 149, 214, 212, 214, 221, 208, 209, 231, 212, 209, 220, 192, 198, 230, 196, 149, 211, 218, 199, 149, 193, 212, 199, 210, 208, 193, 229, 217, 212, 204, 208, 199, 149, 220, 219, 149, 197, 212, 220, 199, 198, 157, 197, 217, 212, 204, 208, 199, 249, 220, 198, 193, 156, 149, 209, 218, 149, 217, 218, 214, 212, 217, 149, 209, 212, 193, 212, 149, 136, 149, 242, 208, 193, 246, 221, 212, 199, 212, 214, 193, 208, 199, 241, 212, 193, 212, 157, 193, 212, 199, 210, 208, 193, 229, 217, 212, 204, 208, 199, 156, 149, 220, 211, 149, 209, 212, 193, 212, 149, 212, 219, 209, 149, 209, 212, 193, 212, 155, 253, 231, 229, 149, 193, 221, 208, 219, 149, 217, 218, 214, 212, 217, 149, 198, 214, 199, 208, 208, 219, 229, 218, 198, 220, 193, 220, 218, 219, 153, 149, 218, 219, 230, 214, 199, 208, 208, 219, 149, 136, 149, 214, 212, 216, 208, 199, 212, 143, 226, 218, 199, 217, 209, 225, 218, 227, 220, 208, 194, 197, 218, 199, 193, 229, 218, 220, 219, 193, 157, 149, 209, 212, 193, 212, 155, 253, 231, 229, 155, 229, 218, 198, 220, 193, 220, 218, 219, 149, 156, 149, 220, 211, 149, 218, 219, 230, 214, 199, 208, 208, 219, 149, 193, 221, 208, 219, 149, 217, 218, 214, 212, 217, 149, 209, 205, 149, 136, 149, 216, 218, 192, 198, 208, 229, 218, 198, 220, 193, 220, 218, 219, 155, 237, 149, 152, 149, 198, 214, 199, 208, 208, 219, 229, 218, 198, 220, 193, 220, 218, 219, 155, 237, 149, 217, 218, 214, 212, 217, 149, 209, 204, 149, 136, 149, 216, 218, 192, 198, 208, 229, 218, 198, 220, 193, 220, 218, 219, 155, 236, 149, 152, 149, 198, 214, 199, 208, 208, 219, 229, 218, 198, 220, 193, 220, 218, 219, 155, 236, 149, 217, 218, 214, 212, 217, 149, 209, 220, 198, 193, 212, 219, 214, 208, 230, 196, 149, 136, 149, 209, 205, 149, 159, 149, 209, 205, 149, 158, 149, 209, 204, 149, 159, 149, 209, 204, 149, 220, 211, 149, 209, 220, 198, 193, 212, 219, 214, 208, 230, 196, 149, 137, 136, 149, 214, 217, 218, 198, 208, 198, 193, 241, 220, 198, 193, 212, 219, 214, 208, 230, 196, 149, 193, 221, 208, 219, 149, 214, 217, 218, 198, 208, 198, 193, 241, 220, 198, 193, 212, 219, 214, 208, 230, 196, 149, 136, 149, 209, 220, 198, 193, 212, 219, 214, 208, 230, 196, 149, 214, 217, 218, 198, 208, 198, 193, 149, 136, 149, 209, 212, 193, 212, 149, 208, 219, 209, 149, 208, 219, 209, 149, 208, 219, 209, 149, 208, 219, 209, 149, 199, 208, 193, 192, 199, 219, 149, 214, 217, 218, 198, 208, 198, 193, 149, 208, 219, 209, 149, 217, 218, 214, 212, 217, 149, 211, 192, 219, 214, 193, 220, 218, 219, 149, 242, 208, 193, 251, 229, 246, 225, 212, 199, 210, 208, 193, 157, 156, 149, 220, 211, 149, 219, 218, 193, 149, 242, 208, 193, 230, 208, 193, 193, 220, 219, 210, 157, 151, 212, 220, 216, 251, 229, 246, 151, 156, 149, 193, 221, 208, 219, 149, 199, 208, 193, 192, 199, 219, 149, 219, 220, 217, 149, 208, 219, 209, 149, 217, 218, 214, 212, 217, 149, 216, 204, 246, 221, 212, 199, 212, 214, 193, 208, 199, 149, 136, 149, 197, 217, 212, 204, 208, 199, 155, 246, 221, 212, 199, 212, 214, 193, 208, 199, 149, 217, 218, 214, 212, 217, 149, 216, 204, 253, 231, 229, 149, 136, 149, 216, 204, 246, 221, 212, 199, 212, 214, 193, 208, 199, 149, 212, 219, 209, 149, 216, 204, 246, 221, 212, 199, 212, 214, 193, 208, 199, 143, 243, 220, 219, 209, 243, 220, 199, 198, 193, 246, 221, 220, 217, 209, 157, 151, 253, 192, 216, 212, 219, 218, 220, 209, 231, 218, 218, 193, 229, 212, 199, 193, 151, 156, 149, 220, 211, 149, 219, 218, 193, 149, 216, 204, 253, 231, 229, 149, 193, 221, 208, 219, 149, 199, 208, 193, 192, 199, 219, 149, 219, 220, 217, 149, 208, 219, 209, 149, 217, 218, 214, 212, 217, 149, 216, 212, 205, 241, 220, 198, 193, 212, 219, 214, 208, 149, 136, 149, 193, 218, 219, 192, 216, 215, 208, 199, 157, 242, 208, 193, 230, 208, 193, 193, 220, 219, 210, 157, 151, 212, 220, 216, 251, 229, 246, 241, 220, 198, 193, 212, 219, 214, 208, 151, 156, 156, 149, 218, 199, 149, 135, 133, 133, 149, 220, 211, 149, 216, 212, 205, 241, 220, 198, 193, 212, 219, 214, 208, 149, 137, 136, 149, 133, 149, 193, 221, 208, 219, 149, 199, 208, 193, 192, 199, 219, 149, 219, 220, 217, 149, 208, 219, 209, 149, 217, 218, 214, 212, 217, 149, 216, 212, 205, 241, 220, 198, 193, 212, 219, 214, 208, 230, 196, 149, 136, 149, 216, 212, 205, 241, 220, 198, 193, 212, 219, 214, 208, 149, 159, 149, 216, 212, 205, 241, 220, 198, 193, 212, 219, 214, 208, 149, 217, 218, 214, 212, 217, 149, 214, 217, 218, 198, 208, 198, 193, 149, 136, 149, 219, 220, 217, 149, 217, 218, 214, 212, 217, 149, 214, 217, 218, 198, 208, 198, 193, 241, 220, 198, 193, 212, 219, 214, 208, 230, 196, 149, 136, 149, 216, 212, 193, 221, 155, 221, 192, 210, 208, 149, 211, 218, 199, 149, 219, 197, 214, 153, 149, 209, 212, 193, 212, 149, 220, 219, 149, 197, 212, 220, 199, 198, 157, 219, 197, 214, 246, 212, 214, 221, 208, 156, 149, 209, 218, 149, 220, 211, 149, 219, 218, 193, 149, 219, 197, 214, 155, 229, 212, 199, 208, 219, 193, 149, 218, 199, 149, 219, 218, 193, 149, 252, 198, 244, 217, 217, 218, 194, 208, 209, 251, 229, 246, 246, 218, 219, 193, 212, 220, 219, 208, 199, 157, 219, 197, 214, 155, 229, 212, 199, 208, 219, 193, 156, 149, 193, 221, 208, 219, 149, 219, 197, 214, 246, 212, 214, 221, 208, 238, 219, 197, 214, 232, 149, 136, 149, 219, 220, 217, 149, 208, 217, 198, 208, 220, 211, 149, 209, 212, 193, 212, 155, 253, 192, 216, 212, 219, 218, 220, 209, 149, 212, 219, 209, 149, 209, 212, 193, 212, 155, 253, 192, 216, 212, 219, 218, 220, 209, 155, 253, 208, 212, 217, 193, 221, 149, 139, 149, 133, 149, 212, 219, 209, 149, 209, 212, 193, 212, 155, 253, 231, 229, 149, 212, 219, 209, 149, 209, 212, 193, 212, 155, 253, 231, 229, 155, 229, 212, 199, 208, 219, 193, 149, 193, 221, 208, 219, 149, 217, 218, 214, 212, 217, 149, 212, 217, 217, 204, 242, 224, 252, 149, 136, 149, 209, 212, 193, 212, 155, 253, 208, 212, 209, 149, 212, 219, 209, 149, 209, 212, 193, 212, 155, 253, 208, 212, 209, 143, 243, 220, 219, 209, 243, 220, 199, 198, 193, 246, 221, 220, 217, 209, 157, 151, 244, 217, 217, 204, 242, 224, 252, 151, 156, 149, 220, 211, 149, 219, 218, 193, 149, 212, 217, 217, 204, 242, 224, 252, 149, 193, 221, 208, 219, 149, 217, 218, 214, 212, 217, 149, 218, 211, 211, 198, 208, 193, 149, 136, 149, 209, 212, 193, 212, 155, 253, 231, 229, 155, 229, 218, 198, 220, 193, 220, 218, 219, 149, 152, 149, 216, 204, 253, 231, 229, 155, 229, 218, 198, 220, 193, 220, 218, 219, 149, 217, 218, 214, 212, 217, 149, 209, 220, 198, 193, 212, 219, 214, 208, 230, 196, 149, 136, 149, 218, 211, 211, 198, 208, 193, 143, 241, 218, 193, 157, 218, 211, 211, 198, 208, 193, 156, 149, 220, 211, 149, 209, 220, 198, 193, 212, 219, 214, 208, 230, 196, 149, 137, 136, 149, 216, 212, 205, 241, 220, 198, 193, 212, 219, 214, 208, 230, 196, 149, 212, 219, 209, 149, 209, 220, 198, 193, 212, 219, 214, 208, 230, 196, 149, 137, 149, 214, 217, 218, 198, 208, 198, 193, 241, 220, 198, 193, 212, 219, 214, 208, 230, 196, 149, 193, 221, 208, 219, 149, 214, 217, 218, 198, 208, 198, 193, 241, 220, 198, 193, 212, 219, 214, 208, 230, 196, 149, 136, 149, 209, 220, 198, 193, 212, 219, 214, 208, 230, 196, 149, 214, 217, 218, 198, 208, 198, 193, 149, 136, 149, 209, 212, 193, 212, 149, 208, 219, 209, 149, 208, 219, 209, 149, 208, 219, 209, 149, 208, 219, 209, 149, 199, 208, 193, 192, 199, 219, 149, 214, 217, 218, 198, 208, 198, 193, 149, 208, 219, 209, 149, 217, 218, 214, 212, 217, 149, 214, 212, 214, 221, 208, 209, 251, 229, 246, 225, 212, 199, 210, 208, 193, 149, 136, 149, 219, 220, 217, 149, 217, 218, 214, 212, 217, 149, 217, 212, 198, 193, 251, 229, 246, 225, 212, 199, 210, 208, 193, 224, 197, 209, 212, 193, 208, 149, 136, 149, 133, 149, 217, 218, 214, 212, 217, 149, 211, 192, 219, 214, 193, 220, 218, 219, 149, 242, 208, 193, 246, 212, 214, 221, 208, 209, 251, 229, 246, 225, 212, 199, 210, 208, 193, 157, 156, 149, 220, 211, 149, 219, 218, 193, 149, 242, 208, 193, 230, 208, 193, 193, 220, 219, 210, 157, 151, 212, 220, 216, 251, 229, 246, 151, 156, 149, 193, 221, 208, 219, 149, 214, 212, 214, 221, 208, 209, 251, 229, 246, 225, 212, 199, 210, 208, 193, 149, 136, 149, 219, 220, 217, 149, 199, 208, 193, 192, 199, 219, 149, 219, 220, 217, 149, 208, 219, 209, 149, 217, 218, 214, 212, 217, 149, 219, 218, 194, 149, 136, 149, 218, 198, 155, 214, 217, 218, 214, 222, 157, 156, 149, 217, 218, 214, 212, 217, 149, 220, 219, 193, 208, 199, 195, 212, 217, 149, 136, 149, 222, 208, 219, 253, 212, 222, 220, 249, 218, 212, 209, 149, 212, 219, 209, 149, 133, 155, 134, 133, 149, 218, 199, 149, 133, 155, 135, 133, 149, 220, 211, 149, 219, 218, 194, 149, 152, 149, 217, 212, 198, 193, 251, 229, 246, 225, 212, 199, 210, 208, 193, 224, 197, 209, 212, 193, 208, 149, 139, 136, 149, 220, 219, 193, 208, 199, 195, 212, 217, 149, 193, 221, 208, 219, 149, 217, 212, 198, 193, 251, 229, 246, 225, 212, 199, 210, 208, 193, 224, 197, 209, 212, 193, 208, 149, 136, 149, 219, 218, 194, 149, 214, 212, 214, 221, 208, 209, 251, 229, 246, 225, 212, 199, 210, 208, 193, 149, 136, 149, 242, 208, 193, 251, 229, 246, 225, 212, 199, 210, 208, 193, 157, 156, 149, 208, 219, 209, 149, 199, 208, 193, 192, 199, 219, 149, 214, 212, 214, 221, 208, 209, 251, 229, 246, 225, 212, 199, 210, 208, 193, 149, 208, 219, 209, 149, 217, 218, 214, 212, 217, 149, 211, 192, 219, 214, 193, 220, 218, 219, 149, 231, 208, 198, 218, 217, 195, 208, 244, 220, 216, 225, 212, 199, 210, 208, 193, 157, 156, 149, 217, 218, 214, 212, 217, 149, 193, 212, 199, 210, 208, 193, 149, 136, 149, 242, 208, 193, 229, 199, 220, 218, 199, 220, 193, 204, 225, 212, 199, 210, 208, 193, 157, 156, 149, 220, 211, 149, 193, 212, 199, 210, 208, 193, 149, 193, 221, 208, 219, 149, 199, 208, 193, 192, 199, 219, 149, 193, 212, 199, 210, 208, 193, 153, 149, 151, 229, 199, 220, 218, 199, 220, 193, 204, 151, 149, 208, 219, 209, 149, 220, 211, 149, 242, 208, 193, 230, 208, 193, 193, 220, 219, 210, 157, 151, 212, 220, 216, 215, 218, 193, 219, 208, 212, 199, 151, 156, 149, 193, 221, 208, 219, 149, 193, 212, 199, 210, 208, 193, 149, 136, 149, 242, 208, 193, 251, 208, 212, 199, 208, 198, 193, 225, 212, 199, 210, 208, 193, 157, 156, 149, 220, 211, 149, 193, 212, 199, 210, 208, 193, 149, 193, 221, 208, 219, 149, 199, 208, 193, 192, 199, 219, 149, 193, 212, 199, 210, 208, 193, 153, 149, 151, 251, 208, 212, 199, 208, 198, 193, 151, 149, 208, 219, 209, 149, 208, 219, 209, 149, 193, 212, 199, 210, 208, 193, 149, 136, 149, 242, 208, 193, 230, 208, 217, 208, 214, 193, 208, 209, 225, 212, 199, 210, 208, 193, 157, 156, 149, 220, 211, 149, 193, 212, 199, 210, 208, 193, 149, 193, 221, 208, 219, 149, 199, 208, 193, 192, 199, 219, 149, 193, 212, 199, 210, 208, 193, 153, 149, 151, 230, 208, 217, 208, 214, 193, 208, 209, 151, 149, 208, 219, 209, 149, 193, 212, 199, 210, 208, 193, 149, 136, 149, 242, 208, 193, 246, 220, 199, 214, 217, 208, 225, 212, 199, 210, 208, 193, 157, 156, 149, 220, 211, 149, 193, 212, 199, 210, 208, 193, 149, 193, 221, 208, 219, 149, 199, 208, 193, 192, 199, 219, 149, 193, 212, 199, 210, 208, 193, 153, 149, 151, 246, 220, 199, 214, 217, 208, 151, 149, 208, 219, 209, 149, 193, 212, 199, 210, 208, 193, 149, 136, 149, 242, 208, 193, 246, 212, 214, 221, 208, 209, 251, 229, 246, 225, 212, 199, 210, 208, 193, 157, 156, 149, 220, 211, 149, 193, 212, 199, 210, 208, 193, 149, 193, 221, 208, 219, 149, 199, 208, 193, 192, 199, 219, 149, 193, 212, 199, 210, 208, 193, 153, 149, 151, 251, 229, 246, 151, 149, 208, 219, 209, 149, 199, 208, 193, 192, 199, 219, 149, 219, 220, 217, 153, 149, 219, 220, 217, 149, 208, 219, 209, 149, 217, 218, 214, 212, 217, 149, 212, 220, 216, 229, 217, 212, 204, 208, 199, 230, 220, 210, 219, 212, 193, 192, 199, 208, 149, 136, 149, 151, 151, 149, 217, 218, 214, 212, 217, 149, 211, 192, 219, 214, 193, 220, 218, 219, 149, 242, 208, 193, 244, 220, 216, 229, 217, 212, 204, 208, 199, 251, 212, 216, 208, 198, 157, 156, 149, 217, 218, 214, 212, 217, 149, 219, 212, 216, 208, 198, 149, 136, 149, 206, 200, 149, 211, 218, 199, 149, 197, 149, 220, 219, 149, 197, 212, 220, 199, 198, 157, 197, 217, 212, 204, 208, 199, 249, 220, 198, 193, 156, 149, 209, 218, 149, 220, 211, 149, 197, 149, 203, 136, 149, 197, 217, 212, 204, 208, 199, 149, 193, 221, 208, 219, 149, 193, 212, 215, 217, 208, 155, 220, 219, 198, 208, 199, 193, 157, 219, 212, 216, 208, 198, 153, 149, 197, 155, 251, 212, 216, 208, 156, 149, 208, 219, 209, 149, 208, 219, 209, 149, 193, 212, 215, 217, 208, 155, 198, 218, 199, 193, 157, 149, 219, 212, 216, 208, 198, 153, 149, 211, 192, 219, 214, 193, 220, 218, 219, 157, 212, 153, 149, 215, 156, 149, 199, 208, 193, 192, 199, 219, 149, 212, 143, 217, 218, 194, 208, 199, 157, 156, 149, 137, 149, 215, 143, 217, 218, 194, 208, 199, 157, 156, 149, 208, 219, 209, 149, 156, 149, 220, 211, 149, 150, 219, 212, 216, 208, 198, 149, 136, 136, 149, 133, 149, 193, 221, 208, 219, 149, 193, 212, 215, 217, 208, 155, 220, 219, 198, 208, 199, 193, 157, 219, 212, 216, 208, 198, 153, 149, 151, 251, 218, 149, 241, 212, 193, 212, 151, 156, 149, 208, 219, 209, 149, 199, 208, 193, 192, 199, 219, 149, 219, 212, 216, 208, 198, 149, 208, 219, 209, 149, 217, 218, 214, 212, 217, 149, 211, 192, 219, 214, 193, 220, 218, 219, 149, 242, 208, 193, 244, 220, 216, 229, 217, 212, 204, 208, 199, 230, 220, 210, 219, 212, 193, 192, 199, 208, 157, 156, 149, 199, 208, 193, 192, 199, 219, 149, 193, 212, 215, 217, 208, 155, 214, 218, 219, 214, 212, 193, 157, 149, 242, 208, 193, 244, 220, 216, 229, 217, 212, 204, 208, 199, 251, 212, 216, 208, 198, 157, 156, 153, 149, 151, 201, 151, 149, 156, 149, 208, 219, 209, 149, 217, 218, 214, 212, 217, 149, 214, 212, 216, 217, 218, 214, 222, 229, 217, 212, 204, 208, 199, 230, 220, 210, 219, 212, 193, 192, 199, 208, 149, 136, 149, 151, 151, 149, 217, 218, 214, 212, 217, 149, 211, 192, 219, 214, 193, 220, 218, 219, 149, 242, 208, 193, 246, 212, 216, 249, 218, 214, 222, 229, 217, 212, 204, 208, 199, 198, 157, 156, 149, 217, 218, 214, 212, 217, 149, 197, 217, 212, 204, 208, 199, 198, 149, 136, 149, 206, 200, 149, 211, 218, 199, 149, 234, 153, 149, 193, 212, 199, 210, 208, 193, 229, 217, 212, 204, 208, 199, 149, 220, 219, 149, 220, 197, 212, 220, 199, 198, 157, 149, 229, 217, 212, 204, 208, 199, 198, 143, 242, 208, 193, 229, 217, 212, 204, 208, 199, 198, 157, 156, 149, 156, 149, 209, 218, 149, 220, 211, 149, 193, 212, 199, 210, 208, 193, 229, 217, 212, 204, 208, 199, 149, 203, 136, 149, 197, 217, 212, 204, 208, 199, 149, 193, 221, 208, 219, 149, 193, 212, 215, 217, 208, 155, 220, 219, 198, 208, 199, 193, 157, 149, 197, 217, 212, 204, 208, 199, 198, 153, 149, 193, 212, 199, 210, 208, 193, 229, 217, 212, 204, 208, 199, 149, 156, 149, 208, 219, 209, 149, 208, 219, 209, 149, 193, 212, 215, 217, 208, 155, 198, 218, 199, 193, 157, 149, 197, 217, 212, 204, 208, 199, 198, 153, 149, 211, 192, 219, 214, 193, 220, 218, 219, 157, 212, 153, 149, 215, 156, 149, 199, 208, 193, 192, 199, 219, 149, 212, 155, 251, 212, 216, 208, 143, 217, 218, 194, 208, 199, 157, 156, 149, 137, 149, 215, 155, 251, 212, 216, 208, 143, 217, 218, 194, 208, 199, 157, 156, 149, 208, 219, 209, 149, 156, 149, 199, 208, 193, 192, 199, 219, 149, 197, 217, 212, 204, 208, 199, 198, 149, 208, 219, 209, 149, 217, 218, 214, 212, 217, 149, 211, 192, 219, 214, 193, 220, 218, 219, 149, 242, 208, 193, 246, 212, 216, 249, 218, 214, 222, 229, 217, 212, 204, 208, 199, 251, 212, 216, 208, 198, 157, 156, 149, 217, 218, 214, 212, 217, 149, 219, 212, 216, 208, 198, 149, 136, 149, 206, 200, 149, 211, 218, 199, 149, 234, 153, 149, 193, 212, 199, 210, 208, 193, 229, 217, 212, 204, 208, 199, 149, 220, 219, 149, 220, 197, 212, 220, 199, 198, 157, 149, 242, 208, 193, 246, 212, 216, 249, 218, 214, 222, 229, 217, 212, 204, 208, 199, 198, 157, 156, 149, 156, 149, 209, 218, 149, 193, 212, 215, 217, 208, 155, 220, 219, 198, 208, 199, 193, 157, 149, 219, 212, 216, 208, 198, 153, 149, 193, 212, 199, 210, 208, 193, 229, 217, 212, 204, 208, 199, 155, 251, 212, 216, 208, 149, 156, 149, 208, 219, 209, 149, 220, 211, 149, 150, 219, 212, 216, 208, 198, 149, 136, 136, 149, 133, 149, 193, 221, 208, 219, 149, 193, 212, 215, 217, 208, 155, 220, 219, 198, 208, 199, 193, 157, 149, 219, 212, 216, 208, 198, 153, 149, 151, 251, 218, 149, 229, 217, 212, 204, 208, 199, 198, 151, 149, 156, 149, 208, 219, 209, 149, 199, 208, 193, 192, 199, 219, 149, 219, 212, 216, 208, 198, 149, 208, 219, 209, 149, 217, 218, 214, 212, 217, 149, 211, 192, 219, 214, 193, 220, 218, 219, 149, 242, 208, 193, 246, 212, 216, 249, 218, 214, 222, 230, 220, 210, 219, 212, 193, 192, 199, 208, 157, 156, 149, 199, 208, 193, 192, 199, 219, 149, 193, 212, 215, 217, 208, 155, 214, 218, 219, 214, 212, 193, 157, 149, 242, 208, 193, 246, 212, 216, 249, 218, 214, 222, 229, 217, 212, 204, 208, 199, 251, 212, 216, 208, 198, 157, 156, 153, 149, 151, 201, 151, 149, 156, 149, 208, 219, 209, 149, 217, 218, 214, 212, 217, 149, 211, 192, 219, 214, 193, 220, 218, 219, 149, 243, 220, 219, 209, 246, 217, 218, 198, 208, 198, 193, 246, 212, 216, 249, 218, 214, 222, 229, 217, 212, 204, 208, 199, 157, 156, 149, 217, 218, 214, 212, 217, 149, 216, 204, 246, 221, 212, 199, 212, 214, 193, 208, 199, 149, 136, 149, 197, 217, 212, 204, 208, 199, 155, 246, 221, 212, 199, 212, 214, 193, 208, 199, 149, 217, 218, 214, 212, 217, 149, 216, 204, 253, 231, 229, 149, 136, 149, 216, 204, 246, 221, 212, 199, 212, 214, 193, 208, 199, 149, 212, 219, 209, 149, 216, 204, 246, 221, 212, 199, 212, 214, 193, 208, 199, 143, 243, 220, 219, 209, 243, 220, 199, 198, 193, 246, 221, 220, 217, 209, 157, 149, 151, 253, 192, 216, 212, 219, 218, 220, 209, 231, 218, 218, 193, 229, 212, 199, 193, 151, 149, 156, 149, 220, 211, 149, 219, 218, 193, 149, 216, 204, 253, 231, 229, 149, 193, 221, 208, 219, 149, 199, 208, 193, 192, 199, 219, 149, 219, 220, 217, 149, 208, 219, 209, 149, 217, 218, 214, 212, 217, 149, 214, 217, 218, 198, 208, 198, 193, 246, 221, 212, 199, 212, 214, 193, 208, 199, 149, 136, 149, 219, 220, 217, 149, 217, 218, 214, 212, 217, 149, 214, 217, 218, 198, 208, 198, 193, 241, 220, 198, 193, 212, 219, 214, 208, 230, 196, 149, 136, 149, 216, 212, 193, 221, 155, 221, 192, 210, 208, 149, 211, 218, 199, 149, 234, 153, 149, 193, 212, 199, 210, 208, 193, 229, 217, 212, 204, 208, 199, 149, 220, 219, 149, 220, 197, 212, 220, 199, 198, 157, 149, 242, 208, 193, 246, 212, 216, 249, 218, 214, 222, 229, 217, 212, 204, 208, 199, 198, 157, 156, 149, 156, 149, 209, 218, 149, 217, 218, 214, 212, 217, 149, 214, 221, 212, 199, 212, 214, 193, 208, 199, 149, 136, 149, 193, 212, 199, 210, 208, 193, 229, 217, 212, 204, 208, 199, 155, 246, 221, 212, 199, 212, 214, 193, 208, 199, 149, 220, 211, 149, 214, 221, 212, 199, 212, 214, 193, 208, 199, 149, 193, 221, 208, 219, 149, 217, 218, 214, 212, 217, 149, 221, 199, 197, 149, 136, 149, 214, 221, 212, 199, 212, 214, 193, 208, 199, 143, 243, 220, 219, 209, 243, 220, 199, 198, 193, 246, 221, 220, 217, 209, 157, 149, 151, 253, 192, 216, 212, 219, 218, 220, 209, 231, 218, 218, 193, 229, 212, 199, 193, 151, 149, 156, 149, 217, 218, 214, 212, 217, 149, 221, 192, 216, 212, 219, 218, 220, 209, 149, 136, 149, 214, 221, 212, 199, 212, 214, 193, 208, 199, 143, 243, 220, 219, 209, 243, 220, 199, 198, 193, 246, 221, 220, 217, 209, 250, 211, 246, 217, 212, 198, 198, 157, 149, 151, 253, 192, 216, 212, 219, 218, 220, 209, 151, 149, 156, 149, 220, 211, 149, 221, 199, 197, 149, 212, 219, 209, 149, 221, 192, 216, 212, 219, 218, 220, 209, 149, 212, 219, 209, 149, 221, 192, 216, 212, 219, 218, 220, 209, 155, 253, 208, 212, 217, 193, 221, 149, 139, 149, 133, 149, 193, 221, 208, 219, 149, 217, 218, 214, 212, 217, 149, 221, 208, 212, 209, 149, 136, 149, 214, 221, 212, 199, 212, 214, 193, 208, 199, 143, 243, 220, 219, 209, 243, 220, 199, 198, 193, 246, 221, 220, 217, 209, 157, 151, 253, 208, 212, 209, 151, 156, 149, 217, 218, 214, 212, 217, 149, 212, 217, 217, 204, 242, 224, 252, 149, 136, 149, 221, 208, 212, 209, 149, 212, 219, 209, 149, 221, 208, 212, 209, 143, 243, 220, 219, 209, 243, 220, 199, 198, 193, 246, 221, 220, 217, 209, 157, 151, 244, 217, 217, 204, 242, 224, 252, 151, 156, 149, 220, 211, 149, 219, 218, 193, 149, 212, 217, 217, 204, 242, 224, 252, 149, 193, 221, 208, 219, 149, 217, 218, 214, 212, 217, 149, 218, 211, 211, 198, 208, 193, 149, 136, 149, 216, 204, 253, 231, 229, 155, 229, 218, 198, 220, 193, 220, 218, 219, 149, 152, 149, 221, 199, 197, 155, 229, 218, 198, 220, 193, 220, 218, 219, 149, 217, 218, 214, 212, 217, 149, 209, 220, 198, 193, 212, 219, 214, 208, 230, 196, 149, 136, 149, 218, 211, 211, 198, 208, 193, 143, 241, 218, 193, 157, 218, 211, 211, 198, 208, 193, 156, 149, 220, 211, 149, 209, 220, 198, 193, 212, 219, 214, 208, 230, 196, 149, 137, 149, 214, 217, 218, 198, 208, 198, 193, 241, 220, 198, 193, 212, 219, 214, 208, 230, 196, 149, 193, 221, 208, 219, 149, 214, 217, 218, 198, 208, 198, 193, 241, 220, 198, 193, 212, 219, 214, 208, 230, 196, 149, 136, 149, 209, 220, 198, 193, 212, 219, 214, 208, 230, 196, 149, 214, 217, 218, 198, 208, 198, 193, 246, 221, 212, 199, 212, 214, 193, 208, 199, 149, 136, 149, 214, 221, 212, 199, 212, 214, 193, 208, 199, 149, 208, 219, 209, 149, 208, 219, 209, 149, 208, 219, 209, 149, 208, 219, 209, 149, 208, 219, 209, 149, 199, 208, 193, 192, 199, 219, 149, 214, 217, 218, 198, 208, 198, 193, 246, 221, 212, 199, 212, 214, 193, 208, 199, 149, 208, 219, 209, 149, 217, 218, 214, 212, 217, 149, 211, 192, 219, 214, 193, 220, 218, 219, 149, 243, 220, 219, 209, 229, 199, 220, 218, 199, 220, 193, 204, 246, 212, 216, 249, 218, 214, 222, 229, 217, 212, 204, 208, 199, 157, 156, 149, 217, 218, 214, 212, 217, 149, 193, 212, 199, 210, 208, 193, 251, 212, 216, 208, 149, 136, 149, 234, 242, 155, 230, 208, 193, 193, 220, 219, 210, 198, 155, 214, 212, 216, 217, 218, 214, 222, 225, 212, 199, 210, 208, 193, 149, 220, 211, 149, 219, 218, 193, 149, 193, 212, 199, 210, 208, 193, 251, 212, 216, 208, 149, 218, 199, 149, 193, 212, 199, 210, 208, 193, 251, 212, 216, 208, 149, 136, 136, 149, 151, 151, 149, 218, 199, 149, 193, 212, 199, 210, 208, 193, 251, 212, 216, 208, 149, 136, 136, 149, 151, 251, 218, 149, 229, 217, 212, 204, 208, 199, 198, 151, 149, 193, 221, 208, 219, 149, 199, 208, 193, 192, 199, 219, 149, 219, 220, 217, 149, 208, 219, 209, 149, 217, 218, 214, 212, 217, 149, 193, 212, 199, 210, 208, 193, 229, 217, 212, 204, 208, 199, 149, 136, 149, 229, 217, 212, 204, 208, 199, 198, 143, 243, 220, 219, 209, 243, 220, 199, 198, 193, 246, 221, 220, 217, 209, 157, 149, 193, 212, 199, 210, 208, 193, 251, 212, 216, 208, 149, 156, 149, 220, 211, 149, 219, 218, 193, 149, 193, 212, 199, 210, 208, 193, 229, 217, 212, 204, 208, 199, 149, 218, 199, 149, 193, 212, 199, 210, 208, 193, 229, 217, 212, 204, 208, 199, 149, 136, 136, 149, 197, 217, 212, 204, 208, 199, 149, 193, 221, 208, 219, 149, 199, 208, 193, 192, 199, 219, 149, 219, 220, 217, 149, 208, 219, 209, 149, 217, 218, 214, 212, 217, 149, 214, 221, 212, 199, 212, 214, 193, 208, 199, 149, 136, 149, 193, 212, 199, 210, 208, 193, 229, 217, 212, 204, 208, 199, 155, 246, 221, 212, 199, 212, 214, 193, 208, 199, 149, 220, 211, 149, 219, 218, 193, 149, 214, 221, 212, 199, 212, 214, 193, 208, 199, 149, 193, 221, 208, 219, 149, 199, 208, 193, 192, 199, 219, 149, 219, 220, 217, 149, 208, 219, 209, 149, 217, 218, 214, 212, 217, 149, 221, 199, 197, 149, 136, 149, 214, 221, 212, 199, 212, 214, 193, 208, 199, 143, 243, 220, 219, 209, 243, 220, 199, 198, 193, 246, 221, 220, 217, 209, 157, 149, 151, 253, 192, 216, 212, 219, 218, 220, 209, 231, 218, 218, 193, 229, 212, 199, 193, 151, 149, 156, 149, 217, 218, 214, 212, 217, 149, 221, 192, 216, 212, 219, 218, 220, 209, 149, 136, 149, 214, 221, 212, 199, 212, 214, 193, 208, 199, 143, 243, 220, 219, 209, 243, 220, 199, 198, 193, 246, 221, 220, 217, 209, 250, 211, 246, 217, 212, 198, 198, 157, 149, 151, 253, 192, 216, 212, 219, 218, 220, 209, 151, 149, 156, 149, 220, 211, 149, 219, 218, 193, 149, 221, 199, 197, 149, 218, 199, 149, 219, 218, 193, 149, 221, 192, 216, 212, 219, 218, 220, 209, 149, 218, 199, 149, 221, 192, 216, 212, 219, 218, 220, 209, 155, 253, 208, 212, 217, 193, 221, 149, 137, 136, 149, 133, 149, 193, 221, 208, 219, 149, 199, 208, 193, 192, 199, 219, 149, 219, 220, 217, 149, 208, 219, 209, 149, 217, 218, 214, 212, 217, 149, 221, 208, 212, 209, 149, 136, 149, 214, 221, 212, 199, 212, 214, 193, 208, 199, 143, 243, 220, 219, 209, 243, 220, 199, 198, 193, 246, 221, 220, 217, 209, 157, 151, 253, 208, 212, 209, 151, 156, 149, 217, 218, 214, 212, 217, 149, 212, 217, 217, 204, 242, 224, 252, 149, 136, 149, 221, 208, 212, 209, 149, 212, 219, 209, 149, 221, 208, 212, 209, 143, 243, 220, 219, 209, 243, 220, 199, 198, 193, 246, 221, 220, 217, 209, 157, 151, 244, 217, 217, 204, 242, 224, 252, 151, 156, 149, 220, 211, 149, 212, 217, 217, 204, 242, 224, 252, 149, 193, 221, 208, 219, 149, 199, 208, 193, 192, 199, 219, 149, 219, 220, 217, 149, 208, 219, 209, 149, 199, 208, 193, 192, 199, 219, 149, 214, 221, 212, 199, 212, 214, 193, 208, 199, 149, 208, 219, 209, 149, 217, 218, 214, 212, 217, 149, 211, 192, 219, 214, 193, 220, 218, 219, 149, 224, 197, 209, 212, 193, 208, 246, 212, 216, 249, 218, 214, 222, 225, 212, 199, 210, 208, 193, 157, 156, 149, 220, 211, 149, 219, 218, 193, 149, 234, 242, 155, 230, 208, 193, 193, 220, 219, 210, 198, 155, 214, 212, 216, 217, 218, 214, 222, 149, 193, 221, 208, 219, 149, 234, 242, 155, 246, 192, 199, 199, 208, 219, 193, 225, 212, 199, 210, 208, 193, 149, 136, 149, 219, 220, 217, 149, 199, 208, 193, 192, 199, 219, 149, 208, 219, 209, 149, 220, 211, 149, 234, 242, 155, 230, 208, 193, 193, 220, 219, 210, 198, 155, 214, 212, 216, 217, 218, 214, 222, 229, 199, 220, 218, 199, 220, 193, 204, 149, 193, 221, 208, 219, 149, 234, 242, 155, 246, 192, 199, 199, 208, 219, 193, 225, 212, 199, 210, 208, 193, 149, 136, 149, 243, 220, 219, 209, 229, 199, 220, 218, 199, 220, 193, 204, 246, 212, 216, 249, 218, 214, 222, 229, 217, 212, 204, 208, 199, 157, 156, 149, 199, 208, 193, 192, 199, 219, 149, 208, 219, 209, 149, 234, 242, 155, 246, 192, 199, 199, 208, 219, 193, 225, 212, 199, 210, 208, 193, 149, 136, 149, 243, 220, 219, 209, 246, 217, 218, 198, 208, 198, 193, 246, 212, 216, 249, 218, 214, 222, 229, 217, 212, 204, 208, 199, 157, 156, 149, 208, 219, 209, 149, 217, 218, 214, 212, 217, 149, 252, 219, 211, 218, 225, 212, 215, 149, 136, 149, 226, 220, 219, 209, 218, 194, 143, 225, 212, 215, 157, 206, 149, 225, 220, 193, 217, 208, 149, 136, 149, 151, 252, 219, 211, 218, 151, 153, 149, 252, 214, 218, 219, 149, 136, 149, 151, 221, 218, 192, 198, 208, 151, 153, 149, 250, 197, 208, 219, 208, 209, 149, 136, 149, 193, 199, 192, 208, 153, 149, 200, 156, 149, 252, 219, 211, 218, 225, 212, 215, 143, 230, 208, 214, 193, 220, 218, 219, 157, 206, 149, 225, 220, 193, 217, 208, 149, 136, 149, 151, 87, 53, 33, 149, 226, 208, 217, 214, 218, 216, 208, 149, 193, 218, 149, 227, 204, 199, 220, 218, 219, 149, 253, 192, 215, 149, 87, 53, 33, 151, 153, 149, 252, 214, 218, 219, 149, 136, 149, 151, 198, 197, 212, 199, 222, 217, 208, 198, 151, 153, 149, 250, 197, 208, 219, 208, 209, 149, 136, 149, 211, 212, 217, 198, 208, 153, 149, 241, 208, 198, 214, 149, 136, 149, 151, 244, 220, 216, 215, 218, 193, 149, 216, 218, 209, 192, 217, 208, 149, 87, 53, 23, 149, 226, 220, 219, 209, 224, 252, 149, 208, 209, 220, 193, 220, 218, 219, 151, 153, 149, 200, 156, 149, 252, 219, 211, 218, 225, 212, 215, 143, 229, 212, 199, 212, 210, 199, 212, 197, 221, 157, 206, 149, 225, 220, 193, 217, 208, 149, 136, 149, 151, 244, 215, 218, 192, 193, 149, 227, 204, 199, 220, 218, 219, 149, 253, 192, 215, 151, 153, 149, 241, 208, 198, 214, 149, 136, 149, 151, 87, 51, 39, 149, 227, 204, 199, 220, 218, 219, 149, 253, 192, 215, 149, 201, 149, 244, 220, 216, 215, 218, 193, 149, 132, 155, 130, 233, 219, 87, 51, 39, 149, 226, 220, 219, 209, 224, 252, 149, 220, 219, 193, 208, 199, 211, 212, 214, 208, 149, 198, 193, 204, 217, 208, 209, 149, 212, 211, 193, 208, 199, 149, 227, 204, 199, 220, 218, 219, 149, 253, 192, 215, 149, 243, 220, 219, 212, 217, 155, 233, 219, 87, 51, 39, 149, 250, 199, 220, 210, 220, 219, 212, 217, 149, 214, 218, 216, 215, 212, 193, 153, 149, 197, 217, 212, 204, 208, 199, 153, 149, 251, 229, 246, 149, 212, 219, 209, 149, 197, 208, 199, 211, 218, 199, 216, 212, 219, 214, 208, 149, 217, 218, 210, 220, 214, 149, 197, 199, 208, 198, 208, 199, 195, 208, 209, 155, 233, 219, 87, 51, 39, 149, 231, 192, 219, 193, 220, 216, 208, 149, 214, 218, 219, 211, 220, 210, 192, 199, 212, 193, 220, 218, 219, 149, 199, 208, 216, 212, 220, 219, 198, 149, 198, 193, 218, 199, 208, 209, 149, 220, 219, 149, 234, 242, 155, 230, 208, 193, 193, 220, 219, 210, 198, 155, 151, 153, 149, 200, 156, 149, 252, 219, 211, 218, 225, 212, 215, 143, 241, 220, 195, 220, 209, 208, 199, 157, 156, 149, 217, 218, 214, 212, 217, 149, 241, 220, 198, 214, 218, 199, 209, 252, 219, 195, 220, 193, 208, 149, 136, 149, 151, 248, 134, 197, 212, 212, 204, 140, 224, 130, 151, 149, 217, 218, 214, 212, 217, 149, 241, 220, 198, 214, 218, 199, 209, 252, 219, 195, 220, 193, 208, 224, 231, 249, 149, 136, 149, 151, 221, 193, 193, 197, 198, 143, 154, 154, 209, 220, 198, 214, 218, 199, 209, 155, 210, 210, 154, 151, 149, 155, 155, 149, 241, 220, 198, 214, 218, 199, 209, 252, 219, 195, 220, 193, 208, 149, 217, 218, 214, 212, 217, 149, 241, 220, 198, 214, 218, 199, 209, 244, 229, 252, 224, 231, 249, 149, 136, 149, 151, 221, 193, 193, 197, 198, 143, 154, 154, 209, 220, 198, 214, 218, 199, 209, 155, 214, 218, 216, 154, 212, 197, 220, 154, 195, 132, 133, 154, 220, 219, 195, 220, 193, 208, 198, 154, 151, 149, 155, 155, 149, 241, 220, 198, 214, 218, 199, 209, 252, 219, 195, 220, 193, 208, 149, 155, 155, 149, 151, 138, 194, 220, 193, 221, 234, 214, 218, 192, 219, 193, 198, 136, 193, 199, 192, 208, 147, 194, 220, 193, 221, 234, 208, 205, 197, 220, 199, 212, 193, 220, 218, 219, 136, 193, 199, 192, 208, 151, 149, 217, 218, 214, 212, 217, 149, 241, 220, 198, 214, 218, 199, 209, 252, 219, 211, 218, 149, 136, 149, 206, 149, 216, 208, 216, 215, 208, 199, 246, 218, 192, 219, 193, 149, 136, 149, 151, 155, 155, 155, 151, 153, 149, 218, 219, 217, 220, 219, 208, 246, 218, 192, 219, 193, 149, 136, 149, 151, 155, 155, 155, 151, 153, 149, 197, 212, 199, 212, 210, 199, 212, 197, 221, 149, 136, 149, 219, 220, 217, 153, 149, 200, 149, 217, 218, 214, 212, 217, 149, 211, 192, 219, 214, 193, 220, 218, 219, 149, 241, 220, 198, 214, 218, 199, 209, 231, 208, 196, 192, 208, 198, 193, 157, 218, 197, 193, 220, 218, 219, 198, 156, 149, 217, 218, 214, 212, 217, 149, 218, 222, 153, 149, 199, 208, 198, 192, 217, 193, 149, 136, 149, 197, 214, 212, 217, 217, 157, 211, 192, 219, 214, 193, 220, 218, 219, 157, 156, 149, 220, 211, 149, 198, 204, 219, 149, 212, 219, 209, 149, 198, 204, 219, 155, 199, 208, 196, 192, 208, 198, 193, 149, 193, 221, 208, 219, 149, 199, 208, 193, 192, 199, 219, 149, 198, 204, 219, 155, 199, 208, 196, 192, 208, 198, 193, 157, 218, 197, 193, 220, 218, 219, 198, 156, 149, 208, 219, 209, 149, 220, 211, 149, 199, 208, 196, 192, 208, 198, 193, 149, 212, 219, 209, 149, 193, 204, 197, 208, 157, 199, 208, 196, 192, 208, 198, 193, 156, 149, 136, 136, 149, 151, 211, 192, 219, 214, 193, 220, 218, 219, 151, 149, 193, 221, 208, 219, 149, 199, 208, 193, 192, 199, 219, 149, 199, 208, 196, 192, 208, 198, 193, 157, 218, 197, 193, 220, 218, 219, 198, 156, 149, 208, 219, 209, 149, 220, 211, 149, 221, 193, 193, 197, 149, 212, 219, 209, 149, 221, 193, 193, 197, 155, 199, 208, 196, 192, 208, 198, 193, 149, 193, 221, 208, 219, 149, 199, 208, 193, 192, 199, 219, 149, 221, 193, 193, 197, 155, 199, 208, 196, 192, 208, 198, 193, 157, 218, 197, 193, 220, 218, 219, 198, 156, 149, 208, 219, 209, 149, 217, 218, 214, 212, 217, 149, 253, 193, 193, 197, 230, 208, 199, 195, 220, 214, 208, 149, 136, 149, 210, 212, 216, 208, 143, 242, 208, 193, 230, 208, 199, 195, 220, 214, 208, 157, 151, 253, 193, 193, 197, 230, 208, 199, 195, 220, 214, 208, 151, 156, 149, 199, 208, 193, 192, 199, 219, 149, 206, 149, 247, 218, 209, 204, 149, 136, 149, 253, 193, 193, 197, 230, 208, 199, 195, 220, 214, 208, 143, 242, 208, 193, 244, 198, 204, 219, 214, 157, 218, 197, 193, 220, 218, 219, 198, 155, 224, 199, 217, 156, 153, 149, 230, 193, 212, 193, 192, 198, 246, 218, 209, 208, 149, 136, 149, 135, 133, 133, 153, 149, 230, 192, 214, 214, 208, 198, 198, 149, 136, 149, 193, 199, 192, 208, 153, 149, 200, 149, 208, 219, 209, 156, 149, 220, 211, 149, 218, 222, 149, 193, 221, 208, 219, 149, 199, 208, 193, 192, 199, 219, 149, 199, 208, 198, 192, 217, 193, 149, 208, 219, 209, 149, 199, 208, 193, 192, 199, 219, 149, 206, 149, 247, 218, 209, 204, 149, 136, 149, 151, 206, 200, 151, 153, 149, 230, 193, 212, 193, 192, 198, 246, 218, 209, 208, 149, 136, 149, 133, 153, 149, 230, 192, 214, 214, 208, 198, 198, 149, 136, 149, 211, 212, 217, 198, 208, 149, 200, 149, 208, 219, 209, 149, 217, 218, 214, 212, 217, 149, 211, 192, 219, 214, 193, 220, 218, 219, 149, 242, 208, 193, 241, 220, 198, 214, 218, 199, 209, 252, 219, 211, 218, 157, 156, 149, 217, 218, 214, 212, 217, 149, 253, 193, 193, 197, 230, 208, 199, 195, 220, 214, 208, 149, 136, 149, 210, 212, 216, 208, 143, 242, 208, 193, 230, 208, 199, 195, 220, 214, 208, 157, 151, 253, 193, 193, 197, 230, 208, 199, 195, 220, 214, 208, 151, 156, 149, 217, 218, 214, 212, 217, 149, 218, 222, 153, 149, 209, 212, 193, 212, 149, 136, 149, 197, 214, 212, 217, 217, 157, 211, 192, 219, 214, 193, 220, 218, 219, 157, 156, 149, 217, 218, 214, 212, 217, 149, 199, 208, 198, 197, 218, 219, 198, 208, 149, 136, 149, 241, 220, 198, 214, 218, 199, 209, 231, 208, 196, 192, 208, 198, 193, 157, 206, 149, 224, 199, 217, 149, 136, 149, 241, 220, 198, 214, 218, 199, 209, 244, 229, 252, 224, 231, 249, 153, 149, 248, 208, 193, 221, 218, 209, 149, 136, 149, 151, 242, 240, 225, 151, 153, 149, 253, 208, 212, 209, 208, 199, 198, 149, 136, 149, 206, 149, 238, 151, 224, 198, 208, 199, 152, 244, 210, 208, 219, 193, 151, 232, 149, 136, 149, 151, 231, 218, 215, 217, 218, 205, 247, 218, 193, 154, 132, 155, 133, 151, 153, 149, 244, 214, 214, 208, 197, 193, 149, 136, 149, 151, 212, 197, 197, 217, 220, 214, 212, 193, 220, 218, 219, 154, 223, 198, 218, 219, 151, 153, 149, 200, 153, 149, 200, 156, 149, 220, 211, 149, 219, 218, 193, 149, 199, 208, 198, 197, 218, 219, 198, 208, 149, 218, 199, 149, 157, 199, 208, 198, 197, 218, 219, 198, 208, 155, 230, 193, 212, 193, 192, 198, 246, 218, 209, 208, 149, 212, 219, 209, 149, 199, 208, 198, 197, 218, 219, 198, 208, 155, 230, 193, 212, 193, 192, 198, 246, 218, 209, 208, 149, 203, 136, 149, 135, 133, 133, 156, 149, 193, 221, 208, 219, 149, 208, 199, 199, 218, 199, 157, 151, 241, 220, 198, 214, 218, 199, 209, 149, 199, 208, 196, 192, 208, 198, 193, 149, 211, 212, 220, 217, 208, 209, 151, 156, 149, 208, 219, 209, 149, 199, 208, 193, 192, 199, 219, 149, 253, 193, 193, 197, 230, 208, 199, 195, 220, 214, 208, 143, 255, 230, 250, 251, 241, 208, 214, 218, 209, 208, 157, 199, 208, 198, 197, 218, 219, 198, 208, 155, 247, 218, 209, 204, 156, 149, 208, 219, 209, 156, 149, 220, 211, 149, 218, 222, 149, 212, 219, 209, 149, 209, 212, 193, 212, 149, 212, 219, 209, 149, 209, 212, 193, 212, 155, 210, 192, 220, 217, 209, 149, 193, 221, 208, 219, 149, 241, 220, 198, 214, 218, 199, 209, 252, 219, 211, 218, 155, 216, 208, 216, 215, 208, 199, 246, 218, 192, 219, 193, 149, 136, 149, 193, 218, 198, 193, 199, 220, 219, 210, 157, 209, 212, 193, 212, 155, 212, 197, 197, 199, 218, 205, 220, 216, 212, 193, 208, 234, 216, 208, 216, 215, 208, 199, 234, 214, 218, 192, 219, 193, 149, 218, 199, 149, 151, 224, 219, 212, 195, 212, 220, 217, 212, 215, 217, 208, 151, 156, 149, 241, 220, 198, 214, 218, 199, 209, 252, 219, 211, 218, 155, 218, 219, 217, 220, 219, 208, 246, 218, 192, 219, 193, 149, 136, 149, 193, 218, 198, 193, 199, 220, 219, 210, 157, 209, 212, 193, 212, 155, 212, 197, 197, 199, 218, 205, 220, 216, 212, 193, 208, 234, 197, 199, 208, 198, 208, 219, 214, 208, 234, 214, 218, 192, 219, 193, 149, 218, 199, 149, 151, 224, 219, 212, 195, 212, 220, 217, 212, 215, 217, 208, 151, 156, 149, 217, 218, 214, 212, 217, 149, 220, 214, 218, 219, 224, 231, 249, 149, 136, 149, 219, 220, 217, 149, 220, 211, 149, 209, 212, 193, 212, 155, 210, 192, 220, 217, 209, 155, 220, 209, 149, 212, 219, 209, 149, 209, 212, 193, 212, 155, 210, 192, 220, 217, 209, 155, 220, 214, 218, 219, 149, 193, 221, 208, 219, 149, 220, 214, 218, 219, 224, 231, 249, 149, 136, 149, 151, 221, 193, 193, 197, 198, 143, 154, 154, 214, 209, 219, 155, 209, 220, 198, 214, 218, 199, 209, 212, 197, 197, 155, 214, 218, 216, 154, 220, 214, 218, 219, 198, 154, 151, 149, 155, 155, 149, 193, 218, 198, 193, 199, 220, 219, 210, 157, 209, 212, 193, 212, 155, 210, 192, 220, 217, 209, 155, 220, 209, 156, 149, 155, 155, 149, 151, 154, 151, 149, 155, 155, 149, 193, 218, 198, 193, 199, 220, 219, 210, 157, 209, 212, 193, 212, 155, 210, 192, 220, 217, 209, 155, 220, 214, 218, 219, 156, 149, 155, 155, 149, 151, 155, 197, 219, 210, 138, 198, 220, 207, 208, 136, 132, 133, 135, 129, 151, 149, 208, 219, 209, 149, 199, 208, 193, 192, 199, 219, 149, 220, 214, 218, 219, 224, 231, 249, 149, 208, 219, 209, 149, 241, 220, 198, 214, 218, 199, 209, 252, 219, 211, 218, 155, 216, 208, 216, 215, 208, 199, 246, 218, 192, 219, 193, 149, 136, 149, 151, 224, 219, 212, 195, 212, 220, 217, 212, 215, 217, 208, 151, 149, 241, 220, 198, 214, 218, 199, 209, 252, 219, 211, 218, 155, 218, 219, 217, 220, 219, 208, 246, 218, 192, 219, 193, 149, 136, 149, 151, 224, 219, 212, 195, 212, 220, 217, 212, 215, 217, 208, 151, 149, 199, 208, 193, 192, 199, 219, 149, 219, 220, 217, 149, 208, 219, 209, 149, 217, 218, 214, 212, 217, 149, 211, 192, 219, 214, 193, 220, 218, 219, 149, 241, 220, 198, 214, 218, 199, 209, 246, 218, 192, 219, 193, 198, 225, 208, 205, 193, 157, 156, 149, 199, 208, 193, 192, 199, 219, 149, 151, 87, 53, 23, 149, 248, 208, 216, 215, 208, 199, 198, 143, 149, 151, 149, 155, 155, 149, 241, 220, 198, 214, 218, 199, 209, 252, 219, 211, 218, 155, 216, 208, 216, 215, 208, 199, 246, 218, 192, 219, 193, 149, 155, 155, 149, 151, 233, 219, 87, 53, 23, 149, 250, 219, 217, 220, 219, 208, 143, 149, 151, 149, 155, 155, 149, 241, 220, 198, 214, 218, 199, 209, 252, 219, 211, 218, 155, 218, 219, 217, 220, 219, 208, 246, 218, 192, 219, 193, 149, 208, 219, 209, 149, 217, 218, 214, 212, 217, 149, 241, 220, 198, 214, 218, 199, 209, 252, 214, 218, 219, 149, 136, 149, 242, 208, 193, 241, 220, 198, 214, 218, 199, 209, 252, 219, 211, 218, 157, 156, 149, 241, 220, 198, 214, 218, 199, 209, 252, 219, 211, 218, 155, 197, 212, 199, 212, 210, 199, 212, 197, 221, 149, 136, 149, 252, 219, 211, 218, 225, 212, 215, 143, 229, 212, 199, 212, 210, 199, 212, 197, 221, 157, 206, 149, 225, 220, 193, 217, 208, 149, 136, 149, 151, 227, 204, 199, 220, 218, 219, 230, 193, 192, 209, 220, 218, 198, 151, 153, 149, 241, 208, 198, 214, 149, 136, 149, 241, 220, 198, 214, 218, 199, 209, 246, 218, 192, 219, 193, 198, 225, 208, 205, 193, 157, 156, 153, 149, 252, 216, 212, 210, 208, 149, 136, 149, 241, 220, 198, 214, 218, 199, 209, 252, 214, 218, 219, 153, 149, 252, 216, 212, 210, 208, 230, 220, 207, 208, 149, 136, 149, 128, 135, 153, 149, 200, 156, 149, 252, 219, 211, 218, 225, 212, 215, 143, 247, 192, 193, 193, 218, 219, 157, 206, 149, 225, 220, 193, 217, 208, 149, 136, 149, 151, 241, 220, 198, 214, 218, 199, 209, 151, 153, 149, 252, 214, 218, 219, 149, 136, 149, 151, 216, 208, 198, 198, 212, 210, 208, 152, 214, 220, 199, 214, 217, 208, 151, 153, 149, 241, 208, 198, 214, 199, 220, 197, 193, 220, 218, 219, 149, 136, 149, 151, 255, 218, 220, 219, 149, 193, 221, 208, 149, 218, 211, 211, 220, 214, 220, 212, 217, 149, 227, 204, 199, 220, 218, 219, 230, 193, 192, 209, 220, 218, 198, 149, 241, 220, 198, 214, 218, 199, 209, 149, 214, 218, 216, 216, 192, 219, 220, 193, 204, 151, 153, 149, 246, 212, 217, 217, 215, 212, 214, 222, 149, 136, 149, 211, 192, 219, 214, 193, 220, 218, 219, 157, 156, 149, 197, 214, 212, 217, 217, 157, 211, 192, 219, 214, 193, 220, 218, 219, 157, 156, 149, 198, 208, 193, 214, 217, 220, 197, 215, 218, 212, 199, 209, 157, 241, 220, 198, 214, 218, 199, 209, 252, 219, 195, 220, 193, 208, 224, 231, 249, 156, 149, 208, 219, 209, 156, 149, 251, 218, 193, 220, 211, 204, 157, 151, 241, 220, 198, 214, 218, 199, 209, 149, 220, 219, 195, 220, 193, 208, 149, 214, 218, 197, 220, 208, 209, 149, 193, 218, 149, 214, 217, 220, 197, 215, 218, 212, 199, 209, 148, 151, 156, 149, 208, 219, 209, 153, 149, 200, 156, 149, 252, 219, 211, 218, 225, 212, 215, 143, 241, 220, 195, 220, 209, 208, 199, 157, 156, 149, 252, 219, 211, 218, 225, 212, 215, 143, 230, 208, 214, 193, 220, 218, 219, 157, 206, 149, 225, 220, 193, 217, 208, 149, 136, 149, 151, 252, 219, 211, 218, 199, 216, 212, 193, 220, 218, 219, 151, 153, 149, 252, 214, 218, 219, 149, 136, 149, 151, 220, 219, 211, 218, 151, 153, 149, 250, 197, 208, 219, 208, 209, 149, 136, 149, 211, 212, 217, 198, 208, 153, 149, 241, 208, 198, 214, 149, 136, 149, 151, 151, 153, 149, 200, 156, 149, 252, 219, 211, 218, 225, 212, 215, 143, 229, 212, 199, 212, 210, 199, 212, 197, 221, 157, 206, 149, 225, 220, 193, 217, 208, 149, 136, 149, 151, 244, 215, 218, 192, 193, 149, 227, 204, 199, 220, 218, 219, 149, 253, 192, 215, 151, 153, 149, 241, 208, 198, 214, 149, 136, 149, 151, 87, 51, 39, 149, 227, 204, 199, 220, 218, 219, 149, 253, 192, 215, 149, 201, 149, 244, 220, 216, 215, 218, 193, 149, 216, 218, 209, 192, 217, 208, 155, 233, 219, 87, 51, 39, 149, 226, 220, 219, 209, 224, 252, 149, 220, 219, 193, 208, 199, 211, 212, 214, 208, 149, 198, 193, 204, 217, 208, 209, 149, 212, 211, 193, 208, 199, 149, 227, 204, 199, 220, 218, 219, 149, 253, 192, 215, 149, 243, 220, 219, 212, 217, 155, 233, 219, 87, 51, 39, 149, 250, 199, 220, 210, 220, 219, 212, 217, 149, 210, 212, 216, 208, 197, 217, 212, 204, 149, 217, 218, 210, 220, 214, 149, 212, 219, 209, 149, 199, 192, 219, 193, 220, 216, 208, 149, 214, 218, 219, 211, 220, 210, 192, 199, 212, 193, 220, 218, 219, 149, 197, 199, 208, 198, 208, 199, 195, 208, 209, 155, 151, 153, 149, 200, 156, 149, 252, 219, 211, 218, 225, 212, 215, 143, 241, 220, 195, 220, 209, 208, 199, 157, 156, 149, 252, 219, 211, 218, 225, 212, 215, 143, 230, 208, 214, 193, 220, 218, 219, 157, 206, 149, 225, 220, 193, 217, 208, 149, 136, 149, 151, 243, 208, 212, 193, 192, 199, 208, 198, 151, 153, 149, 252, 214, 218, 219, 149, 136, 149, 151, 217, 220, 198, 193, 151, 153, 149, 250, 197, 208, 219, 208, 209, 149, 136, 149, 211, 212, 217, 198, 208, 153, 149, 241, 208, 198, 214, 149, 136, 149, 151, 151, 153, 149, 200, 156, 149, 252, 219, 211, 218, 225, 212, 215, 143, 229, 212, 199, 212, 210, 199, 212, 197, 221, 157, 206, 149, 225, 220, 193, 217, 208, 149, 136, 149, 151, 226, 221, 212, 193, 146, 198, 149, 252, 219, 214, 217, 192, 209, 208, 209, 151, 153, 149, 241, 208, 198, 214, 149, 136, 149, 151, 87, 51, 39, 149, 244, 220, 216, 149, 230, 222, 220, 217, 217, 149, 229, 217, 212, 204, 208, 199, 233, 219, 87, 51, 39, 149, 246, 212, 216, 249, 218, 214, 222, 233, 219, 87, 51, 39, 149, 229, 217, 212, 204, 208, 199, 149, 225, 208, 217, 208, 197, 218, 199, 193, 233, 219, 87, 51, 39, 149, 229, 217, 212, 204, 208, 199, 149, 240, 230, 229, 233, 219, 87, 51, 39, 149, 230, 197, 208, 208, 209, 149, 158, 149, 252, 219, 211, 220, 219, 220, 193, 208, 149, 255, 192, 216, 197, 233, 219, 87, 51, 39, 149, 244, 220, 216, 149, 251, 229, 246, 233, 219, 87, 51, 39, 149, 244, 219, 193, 220, 149, 249, 212, 210, 233, 219, 87, 51, 39, 149, 230, 208, 199, 195, 208, 199, 149, 249, 220, 195, 208, 149, 154, 149, 208, 195, 208, 219, 193, 149, 199, 208, 197, 218, 199, 193, 220, 219, 210, 233, 219, 87, 51, 39, 149, 250, 199, 220, 210, 220, 219, 212, 217, 149, 194, 208, 215, 221, 218, 218, 222, 149, 154, 149, 211, 199, 192, 220, 193, 152, 198, 193, 218, 214, 222, 149, 199, 218, 192, 193, 220, 219, 208, 198, 149, 199, 208, 216, 212, 220, 219, 149, 212, 214, 193, 220, 195, 208, 155, 151, 153, 149, 200, 156, 149, 252, 219, 211, 218, 225, 212, 215, 143, 241, 220, 195, 220, 209, 208, 199, 157, 156, 149, 252, 219, 211, 218, 225, 212, 215, 143, 230, 208, 214, 193, 220, 218, 219, 157, 206, 149, 225, 220, 193, 217, 208, 149, 136, 149, 151, 231, 208, 211, 199, 208, 198, 221, 151, 153, 149, 252, 214, 218, 219, 149, 136, 149, 151, 199, 208, 211, 199, 208, 198, 221, 152, 214, 194, 151, 153, 149, 250, 197, 208, 219, 208, 209, 149, 136, 149, 211, 212, 217, 198, 208, 153, 149, 241, 208, 198, 214, 149, 136, 149, 151, 151, 153, 149, 200, 156, 149, 252, 219, 211, 218, 225, 212, 215, 143, 247, 192, 193, 193, 218, 219, 157, 206, 149, 225, 220, 193, 217, 208, 149, 136, 149, 151, 231, 208, 211, 199, 208, 198, 221, 149, 230, 208, 199, 195, 208, 199, 149, 252, 219, 211, 218, 151, 153, 149, 241, 208, 198, 214, 199, 220, 197, 193, 220, 218, 219, 149, 136, 149, 151, 231, 208, 152, 211, 208, 193, 214, 221, 149, 217, 220, 195, 208, 149, 241, 220, 198, 214, 218, 199, 209, 149, 216, 208, 216, 215, 208, 199, 149, 212, 219, 209, 149, 218, 219, 217, 220, 219, 208, 149, 214, 218, 192, 219, 193, 198, 151, 153, 149, 246, 212, 217, 217, 215, 212, 214, 222, 149, 136, 149, 211, 192, 219, 214, 193, 220, 218, 219, 157, 156, 149, 217, 218, 214, 212, 217, 149, 220, 214, 218, 219, 224, 231, 249, 149, 136, 149, 242, 208, 193, 241, 220, 198, 214, 218, 199, 209, 252, 219, 211, 218, 157, 156, 149, 197, 214, 212, 217, 217, 157, 211, 192, 219, 214, 193, 220, 218, 219, 157, 156, 149, 241, 220, 198, 214, 218, 199, 209, 252, 219, 211, 218, 155, 197, 212, 199, 212, 210, 199, 212, 197, 221, 143, 230, 208, 193, 241, 208, 198, 214, 157, 241, 220, 198, 214, 218, 199, 209, 246, 218, 192, 219, 193, 198, 225, 208, 205, 193, 157, 156, 156, 149, 220, 211, 149, 220, 214, 218, 219, 224, 231, 249, 149, 193, 221, 208, 219, 149, 241, 220, 198, 214, 218, 199, 209, 252, 219, 211, 218, 155, 197, 212, 199, 212, 210, 199, 212, 197, 221, 149, 136, 149, 252, 219, 211, 218, 225, 212, 215, 143, 229, 212, 199, 212, 210, 199, 212, 197, 221, 157, 206, 149, 225, 220, 193, 217, 208, 149, 136, 149, 151, 227, 204, 199, 220, 218, 219, 230, 193, 192, 209, 220, 218, 198, 151, 153, 149, 241, 208, 198, 214, 149, 136, 149, 241, 220, 198, 214, 218, 199, 209, 246, 218, 192, 219, 193, 198, 225, 208, 205, 193, 157, 156, 153, 149, 252, 216, 212, 210, 208, 149, 136, 149, 220, 214, 218, 219, 224, 231, 249, 153, 149, 252, 216, 212, 210, 208, 230, 220, 207, 208, 149, 136, 149, 128, 135, 153, 149, 200, 156, 149, 208, 219, 209, 149, 208, 219, 209, 156, 149, 251, 218, 193, 220, 211, 204, 157, 151, 241, 220, 198, 214, 218, 199, 209, 149, 220, 219, 211, 218, 149, 192, 197, 209, 212, 193, 208, 209, 148, 151, 156, 149, 208, 219, 209, 153, 149, 200, 156, 149, 252, 219, 211, 218, 225, 212, 215, 143, 241, 220, 195, 220, 209, 208, 199, 157, 156, 149, 252, 219, 211, 218, 225, 212, 215, 143, 230, 208, 214, 193, 220, 218, 219, 157, 206, 149, 225, 220, 193, 217, 208, 149, 136, 149, 151, 231, 192, 219, 193, 220, 216, 208, 149, 246, 218, 219, 211, 220, 210, 192, 199, 212, 193, 220, 218, 219, 151, 153, 149, 252, 214, 218, 219, 149, 136, 149, 151, 198, 208, 193, 193, 220, 219, 210, 198, 151, 153, 149, 250, 197, 208, 219, 208, 209, 149, 136, 149, 211, 212, 217, 198, 208, 153, 149, 241, 208, 198, 214, 149, 136, 149, 151, 250, 199, 220, 210, 220, 219, 212, 217, 149, 234, 242, 155, 230, 208, 193, 193, 220, 219, 210, 198, 149, 193, 212, 215, 217, 208, 149, 197, 199, 208, 198, 208, 199, 195, 208, 209, 155, 151, 153, 149, 200, 156, 149, 217, 218, 214, 212, 217, 149, 230, 208, 193, 193, 220, 219, 210, 198, 252, 219, 211, 218, 149, 136, 149, 252, 219, 211, 218, 225, 212, 215, 143, 229, 212, 199, 212, 210, 199, 212, 197, 221, 157, 206, 149, 225, 220, 193, 217, 208, 149, 136, 149, 151, 246, 192, 199, 199, 208, 219, 193, 149, 230, 193, 212, 193, 192, 198, 151, 153, 149, 241, 208, 198, 214, 149, 136, 149, 151, 244, 220, 216, 215, 218, 193, 143, 149, 211, 212, 217, 198, 208, 233, 219, 246, 212, 216, 249, 218, 214, 222, 143, 149, 211, 212, 217, 198, 208, 233, 219, 229, 217, 212, 204, 208, 199, 149, 240, 230, 229, 143, 149, 211, 212, 217, 198, 208, 233, 219, 244, 220, 216, 149, 251, 229, 246, 143, 149, 211, 212, 217, 198, 208, 233, 219, 244, 219, 193, 220, 149, 249, 212, 210, 143, 149, 211, 212, 217, 198, 208, 151, 153, 149, 200, 156, 149, 217, 218, 214, 212, 217, 149, 211, 192, 219, 214, 193, 220, 218, 219, 149, 231, 208, 211, 199, 208, 198, 221, 230, 208, 193, 193, 220, 219, 210, 198, 252, 219, 211, 218, 157, 156, 149, 197, 214, 212, 217, 217, 157, 211, 192, 219, 214, 193, 220, 218, 219, 157, 156, 149, 230, 208, 193, 193, 220, 219, 210, 198, 252, 219, 211, 218, 143, 230, 208, 193, 241, 208, 198, 214, 157, 149, 151, 244, 220, 216, 215, 218, 193, 143, 149, 151, 149, 155, 155, 149, 193, 218, 198, 193, 199, 220, 219, 210, 157, 234, 242, 155, 230, 208, 193, 193, 220, 219, 210, 198, 155, 212, 220, 216, 215, 218, 193, 156, 149, 155, 155, 149, 151, 233, 219, 246, 212, 216, 249, 218, 214, 222, 143, 149, 151, 149, 155, 155, 149, 193, 218, 198, 193, 199, 220, 219, 210, 157, 234, 242, 155, 230, 208, 193, 193, 220, 219, 210, 198, 155, 214, 212, 216, 217, 218, 214, 222, 156, 149, 155, 155, 149, 151, 233, 219, 229, 217, 212, 204, 208, 199, 149, 240, 230, 229, 143, 149, 151, 149, 155, 155, 149, 193, 218, 198, 193, 199, 220, 219, 210, 157, 234, 242, 155, 230, 208, 193, 193, 220, 219, 210, 198, 155, 208, 198, 197, 229, 217, 212, 204, 208, 199, 198, 156, 149, 155, 155, 149, 151, 233, 219, 244, 220, 216, 149, 251, 229, 246, 143, 149, 151, 149, 155, 155, 149, 193, 218, 198, 193, 199, 220, 219, 210, 157, 234, 242, 155, 230, 208, 193, 193, 220, 219, 210, 198, 155, 212, 220, 216, 251, 229, 246, 156, 149, 155, 155, 149, 151, 233, 219, 244, 219, 193, 220, 149, 249, 212, 210, 143, 149, 151, 149, 155, 155, 149, 193, 218, 198, 193, 199, 220, 219, 210, 157, 234, 242, 155, 230, 208, 193, 193, 220, 219, 210, 198, 155, 212, 219, 193, 220, 249, 212, 210, 156, 149, 156, 149, 208, 219, 209, 156, 149, 208, 219, 209, 149, 252, 219, 211, 218, 225, 212, 215, 143, 247, 192, 193, 193, 218, 219, 157, 206, 149, 225, 220, 193, 217, 208, 149, 136, 149, 151, 231, 208, 211, 199, 208, 198, 221, 149, 230, 208, 193, 193, 220, 219, 210, 198, 149, 252, 219, 211, 218, 151, 153, 149, 252, 214, 218, 219, 149, 136, 149, 151, 199, 208, 211, 199, 208, 198, 221, 152, 214, 194, 151, 153, 149, 241, 208, 198, 214, 199, 220, 197, 193, 220, 218, 219, 149, 136, 149, 151, 231, 208, 211, 199, 208, 198, 221, 149, 193, 221, 208, 149, 199, 192, 219, 193, 220, 216, 208, 149, 198, 193, 212, 193, 192, 198, 149, 198, 221, 218, 194, 219, 149, 212, 215, 218, 195, 208, 155, 151, 153, 149, 246, 212, 217, 217, 215, 212, 214, 222, 149, 136, 149, 211, 192, 219, 214, 193, 220, 218, 219, 157, 156, 149, 231, 208, 211, 199, 208, 198, 221, 230, 208, 193, 193, 220, 219, 210, 198, 252, 219, 211, 218, 157, 156, 149, 251, 218, 193, 220, 211, 204, 157, 151, 231, 192, 219, 193, 220, 216, 208, 149, 198, 208, 193, 193, 220, 219, 210, 198, 149, 220, 219, 211, 218, 199, 216, 212, 193, 220, 218, 219, 149, 199, 208, 211, 199, 208, 198, 221, 208, 209, 155, 151, 156, 149, 208, 219, 209, 153, 149, 200, 156, 149, 252, 219, 211, 218, 225, 212, 215, 143, 241, 220, 195, 220, 209, 208, 199, 157, 156, 149, 252, 219, 211, 218, 225, 212, 215, 143, 230, 208, 214, 193, 220, 218, 219, 157, 206, 149, 225, 220, 193, 217, 208, 149, 136, 149, 151, 224, 252, 151, 153, 149, 252, 214, 218, 219, 149, 136, 149, 151, 197, 212, 217, 208, 193, 193, 208, 151, 153, 149, 250, 197, 208, 219, 208, 209, 149, 136, 149, 211, 212, 217, 198, 208, 153, 149, 241, 208, 198, 214, 149, 136, 149, 151, 227, 204, 199, 220, 218, 219, 149, 231, 208, 209, 149, 247, 217, 192, 208, 149, 193, 221, 208, 216, 208, 149, 87, 53, 23, 149, 226, 220, 219, 209, 224, 252, 149, 132, 155, 131, 155, 128, 129, 151, 153, 149, 200, 156, 149, 252, 219, 211, 218, 225, 212, 215, 143, 229, 212, 199, 212, 210, 199, 212, 197, 221, 157, 206, 149, 225, 220, 193, 217, 208, 149, 136, 149, 151, 252, 219, 193, 208, 199, 211, 212, 214, 208, 151, 153, 149, 241, 208, 198, 214, 149, 136, 149, 151, 131, 129, 133, 118, 34, 129, 135, 133, 149, 199, 208, 198, 220, 207, 212, 215, 217, 208, 149, 194, 220, 219, 209, 218, 194, 233, 219, 229, 192, 199, 197, 217, 208, 149, 154, 149, 215, 217, 192, 208, 149, 227, 204, 199, 220, 218, 219, 149, 210, 199, 212, 209, 220, 208, 219, 193, 233, 219, 243, 217, 218, 212, 193, 220, 219, 210, 149, 227, 204, 199, 220, 218, 219, 149, 215, 192, 193, 193, 218, 219, 233, 219, 226, 220, 219, 209, 224, 252, 149, 198, 220, 209, 208, 215, 212, 199, 149, 212, 219, 209, 149, 198, 208, 212, 199, 214, 221, 151, 153, 149, 200, 156, 149, 217, 218, 214, 212, 217, 149, 225, 212, 215, 149, 136, 149, 226, 220, 219, 209, 218, 194, 143, 225, 212, 215, 157, 206, 149, 225, 220, 193, 217, 208, 149, 136, 149, 151, 246, 218, 216, 215, 212, 193, 151, 153, 149, 252, 214, 218, 219, 149, 136, 149, 151, 198, 194, 218, 199, 209, 198, 151, 153, 149, 250, 197, 208, 219, 208, 209, 149, 136, 149, 211, 212, 217, 198, 208, 149, 200, 156, 149, 225, 212, 215, 143, 230, 208, 214, 193, 220, 218, 219, 157, 206, 149, 225, 220, 193, 217, 208, 149, 136, 149, 151, 244, 220, 216, 149, 230, 222, 220, 217, 217, 149, 229, 217, 212, 204, 208, 199, 151, 153, 149, 252, 214, 218, 219, 149, 136, 149, 151, 214, 199, 218, 198, 198, 221, 212, 220, 199, 151, 153, 149, 250, 197, 208, 219, 208, 209, 149, 136, 149, 211, 212, 217, 198, 208, 153, 149, 241, 208, 198, 214, 149, 136, 149, 151, 151, 149, 200, 156, 149, 217, 218, 214, 212, 217, 149, 229, 217, 212, 204, 208, 199, 241, 199, 218, 197, 209, 218, 194, 219, 149, 136, 149, 225, 212, 215, 143, 241, 199, 218, 197, 209, 218, 194, 219, 157, 206, 149, 225, 220, 193, 217, 208, 149, 136, 149, 151, 230, 208, 217, 208, 214, 193, 149, 229, 217, 212, 204, 208, 199, 151, 153, 149, 227, 212, 217, 192, 208, 198, 149, 136, 149, 242, 208, 193, 244, 220, 216, 229, 217, 212, 204, 208, 199, 251, 212, 216, 208, 198, 157, 156, 153, 149, 227, 212, 217, 192, 208, 149, 136, 149, 151, 251, 218, 149, 241, 212, 193, 212, 151, 153, 149, 246, 212, 217, 217, 215, 212, 214, 222, 149, 136, 149, 211, 192, 219, 214, 193, 220, 218, 219, 157, 227, 212, 217, 192, 208, 156, 149, 220, 211, 149, 227, 212, 217, 192, 208, 149, 136, 136, 149, 151, 251, 218, 149, 241, 212, 193, 212, 151, 149, 193, 221, 208, 219, 149, 198, 208, 217, 208, 214, 193, 208, 209, 229, 217, 212, 204, 208, 199, 149, 136, 149, 151, 151, 149, 208, 217, 198, 208, 149, 198, 208, 217, 208, 214, 193, 208, 209, 229, 217, 212, 204, 208, 199, 149, 136, 149, 193, 218, 198, 193, 199, 220, 219, 210, 157, 227, 212, 217, 192, 208, 156, 149, 208, 219, 209, 149, 208, 219, 209, 149, 200, 156, 149, 225, 212, 215, 143, 225, 218, 210, 210, 217, 208, 157, 206, 149, 225, 220, 193, 217, 208, 149, 136, 149, 151, 243, 217, 212, 198, 221, 149, 230, 193, 208, 197, 149, 244, 220, 216, 149, 157, 247, 192, 193, 193, 218, 219, 231, 134, 156, 151, 153, 149, 241, 208, 211, 212, 192, 217, 193, 149, 136, 149, 211, 212, 217, 198, 208, 153, 149, 246, 212, 217, 217, 215, 212, 214, 222, 149, 136, 149, 211, 192, 219, 214, 193, 220, 218, 219, 157, 227, 212, 217, 192, 208, 156, 149, 234, 242, 155, 230, 208, 193, 193, 220, 219, 210, 198, 155, 211, 217, 212, 198, 221, 230, 193, 208, 197, 244, 220, 216, 149, 136, 149, 227, 212, 217, 192, 208, 149, 208, 219, 209, 149, 200, 156, 149, 225, 212, 215, 143, 225, 218, 210, 210, 217, 208, 157, 206, 149, 225, 220, 193, 217, 208, 149, 136, 149, 151, 244, 220, 216, 149, 230, 208, 217, 208, 214, 193, 208, 209, 149, 229, 217, 212, 204, 208, 199, 151, 153, 149, 241, 208, 211, 212, 192, 217, 193, 149, 136, 149, 211, 212, 217, 198, 208, 153, 149, 246, 212, 217, 217, 215, 212, 214, 222, 149, 136, 149, 211, 192, 219, 214, 193, 220, 218, 219, 157, 227, 212, 217, 192, 208, 156, 149, 234, 242, 155, 230, 208, 193, 193, 220, 219, 210, 198, 155, 212, 220, 216, 215, 218, 193, 149, 136, 149, 227, 212, 217, 192, 208, 149, 208, 219, 209, 149, 200, 156, 149, 217, 218, 214, 212, 217, 149, 211, 192, 219, 214, 193, 220, 218, 219, 149, 231, 208, 211, 199, 208, 198, 221, 244, 220, 216, 229, 217, 212, 204, 208, 199, 198, 157, 211, 218, 199, 214, 208, 156, 149, 217, 218, 214, 212, 217, 149, 219, 208, 194, 230, 220, 210, 219, 212, 193, 192, 199, 208, 149, 136, 149, 242, 208, 193, 244, 220, 216, 229, 217, 212, 204, 208, 199, 230, 220, 210, 219, 212, 193, 192, 199, 208, 157, 156, 149, 220, 211, 149, 219, 218, 193, 149, 211, 218, 199, 214, 208, 149, 212, 219, 209, 149, 219, 208, 194, 230, 220, 210, 219, 212, 193, 192, 199, 208, 149, 136, 136, 149, 212, 220, 216, 229, 217, 212, 204, 208, 199, 230, 220, 210, 219, 212, 193, 192, 199, 208, 149, 193, 221, 208, 219, 149, 199, 208, 193, 192, 199, 219, 149, 208, 219, 209, 149, 212, 220, 216, 229, 217, 212, 204, 208, 199, 230, 220, 210, 219, 212, 193, 192, 199, 208, 149, 136, 149, 219, 208, 194, 230, 220, 210, 219, 212, 193, 192, 199, 208, 149, 217, 218, 214, 212, 217, 149, 197, 199, 208, 195, 220, 218, 192, 198, 229, 217, 212, 204, 208, 199, 149, 136, 149, 198, 208, 217, 208, 214, 193, 208, 209, 229, 217, 212, 204, 208, 199, 149, 197, 214, 212, 217, 217, 157, 211, 192, 219, 214, 193, 220, 218, 219, 157, 156, 149, 229, 217, 212, 204, 208, 199, 241, 199, 218, 197, 209, 218, 194, 219, 143, 230, 208, 193, 227, 212, 217, 192, 208, 198, 157, 149, 242, 208, 193, 244, 220, 216, 229, 217, 212, 204, 208, 199, 251, 212, 216, 208, 198, 157, 156, 149, 156, 149, 208, 219, 209, 156, 149, 220, 211, 149, 197, 199, 208, 195, 220, 218, 192, 198, 229, 217, 212, 204, 208, 199, 149, 203, 136, 149, 151, 151, 149, 212, 219, 209, 149, 197, 199, 208, 195, 220, 218, 192, 198, 229, 217, 212, 204, 208, 199, 149, 203, 136, 149, 151, 251, 218, 149, 241, 212, 193, 212, 151, 149, 212, 219, 209, 149, 229, 217, 212, 204, 208, 199, 198, 143, 243, 220, 219, 209, 243, 220, 199, 198, 193, 246, 221, 220, 217, 209, 157, 149, 197, 199, 208, 195, 220, 218, 192, 198, 229, 217, 212, 204, 208, 199, 149, 156, 149, 193, 221, 208, 219, 149, 198, 208, 217, 208, 214, 193, 208, 209, 229, 217, 212, 204, 208, 199, 149, 136, 149, 197, 199, 208, 195, 220, 218, 192, 198, 229, 217, 212, 204, 208, 199, 149, 208, 217, 198, 208, 149, 198, 208, 217, 208, 214, 193, 208, 209, 229, 217, 212, 204, 208, 199, 149, 136, 149, 151, 151, 149, 208, 219, 209, 149, 208, 219, 209, 149, 225, 212, 215, 143, 247, 192, 193, 193, 218, 219, 157, 206, 149, 225, 220, 193, 217, 208, 149, 136, 149, 151, 231, 208, 211, 199, 208, 198, 221, 149, 229, 217, 212, 204, 208, 199, 198, 151, 153, 149, 252, 214, 218, 219, 149, 136, 149, 151, 199, 208, 211, 199, 208, 198, 221, 152, 214, 194, 151, 153, 149, 246, 212, 217, 217, 215, 212, 214, 222, 149, 136, 149, 211, 192, 219, 214, 193, 220, 218, 219, 157, 156, 149, 231, 208, 211, 199, 208, 198, 221, 244, 220, 216, 229, 217, 212, 204, 208, 199, 198, 157, 193, 199, 192, 208, 156, 149, 208, 219, 209, 153, 149, 200, 156, 149, 225, 212, 215, 143, 225, 218, 210, 210, 217, 208, 157, 206, 149, 225, 220, 193, 217, 208, 149, 136, 149, 151, 244, 220, 216, 149, 230, 222, 220, 217, 217, 149, 251, 208, 212, 199, 208, 198, 193, 151, 153, 149, 241, 208, 211, 212, 192, 217, 193, 149, 136, 149, 211, 212, 217, 198, 208, 153, 149, 246, 212, 217, 217, 215, 212, 214, 222, 149, 136, 149, 211, 192, 219, 214, 193, 220, 218, 219, 157, 227, 212, 217, 192, 208, 156, 149, 234, 242, 155, 230, 208, 193, 193, 220, 219, 210, 198, 155, 212, 220, 216, 215, 218, 193, 219, 208, 212, 199, 149, 136, 149, 227, 212, 217, 192, 208, 149, 208, 219, 209, 149, 200, 156, 149, 225, 212, 215, 143, 225, 218, 210, 210, 217, 208, 157, 206, 149, 225, 220, 193, 217, 208, 149, 136, 149, 151, 229, 199, 220, 218, 199, 220, 193, 204, 149, 229, 217, 212, 204, 208, 199, 149, 244, 220, 216, 149, 230, 222, 220, 217, 217, 151, 153, 149, 241, 208, 211, 212, 192, 217, 193, 149, 136, 149, 211, 212, 217, 198, 208, 153, 149, 246, 212, 217, 217, 215, 212, 214, 222, 149, 136, 149, 211, 192, 219, 214, 193, 220, 218, 219, 157, 227, 212, 217, 192, 208, 156, 149, 234, 242, 155, 230, 208, 193, 193, 220, 219, 210, 198, 155, 212, 220, 216, 215, 218, 193, 229, 199, 220, 218, 199, 220, 193, 204, 149, 136, 149, 227, 212, 217, 192, 208, 149, 208, 219, 209, 149, 200, 156, 149, 225, 212, 215, 143, 230, 217, 220, 209, 208, 199, 157, 206, 149, 225, 220, 193, 217, 208, 149, 136, 149, 151, 244, 220, 216, 149, 241, 220, 198, 193, 212, 219, 214, 208, 151, 153, 149, 227, 212, 217, 192, 208, 149, 136, 149, 206, 149, 248, 220, 219, 149, 136, 149, 135, 133, 133, 153, 149, 248, 212, 205, 149, 136, 149, 132, 133, 133, 133, 153, 149, 241, 208, 211, 212, 192, 217, 193, 149, 136, 149, 135, 133, 133, 149, 200, 153, 149, 230, 193, 208, 197, 149, 136, 149, 132, 153, 149, 246, 212, 217, 217, 215, 212, 214, 222, 149, 136, 149, 211, 192, 219, 214, 193, 220, 218, 219, 157, 227, 212, 217, 192, 208, 156, 149, 234, 242, 155, 230, 208, 193, 193, 220, 219, 210, 198, 155, 212, 220, 216, 215, 218, 193, 209, 149, 136, 149, 227, 212, 217, 192, 208, 149, 208, 219, 209, 149, 200, 156, 149, 225, 212, 215, 143, 230, 217, 220, 209, 208, 199, 157, 206, 149, 225, 220, 193, 217, 208, 149, 136, 149, 151, 244, 220, 216, 149, 229, 199, 208, 209, 220, 214, 193, 220, 218, 219, 151, 153, 149, 227, 212, 217, 192, 208, 149, 136, 149, 206, 149, 248, 220, 219, 149, 136, 149, 133, 153, 149, 248, 212, 205, 149, 136, 149, 133, 155, 128, 133, 153, 149, 241, 208, 211, 212, 192, 217, 193, 149, 136, 149, 133, 149, 200, 153, 149, 230, 193, 208, 197, 149, 136, 149, 133, 155, 133, 132, 153, 149, 246, 212, 217, 217, 215, 212, 214, 222, 149, 136, 149, 211, 192, 219, 214, 193, 220, 218, 219, 157, 227, 212, 217, 192, 208, 156, 149, 217, 218, 214, 212, 217, 149, 195, 212, 217, 192, 208, 149, 136, 149, 193, 218, 219, 192, 216, 215, 208, 199, 157, 227, 212, 217, 192, 208, 156, 149, 218, 199, 149, 133, 149, 220, 211, 149, 195, 212, 217, 192, 208, 149, 137, 149, 133, 155, 133, 132, 149, 193, 221, 208, 219, 149, 195, 212, 217, 192, 208, 149, 136, 149, 133, 149, 208, 219, 209, 149, 234, 242, 155, 230, 208, 193, 193, 220, 219, 210, 198, 155, 212, 220, 216, 229, 199, 208, 209, 220, 214, 193, 220, 218, 219, 149, 136, 149, 195, 212, 217, 192, 208, 149, 208, 219, 209, 149, 200, 156, 149, 225, 212, 215, 143, 225, 218, 210, 210, 217, 208, 157, 206, 149, 225, 220, 193, 217, 208, 149, 136, 149, 151, 225, 192, 199, 219, 149, 250, 219, 149, 244, 220, 216, 149, 246, 220, 199, 214, 217, 208, 151, 153, 149, 241, 208, 211, 212, 192, 217, 193, 149, 136, 149, 211, 212, 217, 198, 208, 153, 149, 246, 212, 217, 217, 215, 212, 214, 222, 149, 136, 149, 211, 192, 219, 214, 193, 220, 218, 219, 157, 227, 212, 217, 192, 208, 156, 149, 234, 242, 155, 230, 208, 193, 193, 220, 219, 210, 198, 155, 214, 220, 199, 214, 217, 208, 149, 136, 149, 227, 212, 217, 192, 208, 149, 224, 197, 209, 212, 193, 208, 246, 220, 199, 214, 217, 208, 246, 218, 219, 219, 208, 214, 193, 220, 218, 219, 157, 149, 227, 212, 217, 192, 208, 149, 156, 149, 208, 219, 209, 149, 200, 156, 149, 225, 212, 215, 143, 230, 217, 220, 209, 208, 199, 157, 206, 149, 225, 220, 193, 217, 208, 149, 136, 149, 151, 244, 220, 216, 149, 246, 220, 199, 214, 217, 208, 149, 230, 220, 207, 208, 151, 153, 149, 227, 212, 217, 192, 208, 149, 136, 149, 206, 149, 248, 220, 219, 149, 136, 149, 133, 153, 149, 248, 212, 205, 149, 136, 149, 129, 133, 133, 153, 149, 241, 208, 211, 212, 192, 217, 193, 149, 136, 149, 133, 149, 200, 153, 149, 230, 193, 208, 197, 149, 136, 149, 132, 153, 149, 246, 212, 217, 217, 215, 212, 214, 222, 149, 136, 149, 211, 192, 219, 214, 193, 220, 218, 219, 157, 227, 212, 217, 192, 208, 156, 149, 234, 242, 155, 230, 208, 193, 193, 220, 219, 210, 198, 155, 214, 220, 199, 214, 217, 208, 207, 149, 136, 149, 227, 212, 217, 192, 208, 149, 224, 197, 209, 212, 193, 208, 244, 220, 216, 246, 220, 199, 214, 217, 208, 230, 220, 207, 208, 157, 149, 227, 212, 217, 192, 208, 149, 156, 149, 208, 219, 209, 149, 200, 156, 149, 225, 212, 215, 143, 230, 208, 214, 193, 220, 218, 219, 157, 206, 149, 225, 220, 193, 217, 208, 149, 136, 149, 151, 246, 212, 216, 249, 218, 214, 222, 151, 153, 149, 252, 214, 218, 219, 149, 136, 149, 151, 217, 218, 214, 222, 151, 153, 149, 250, 197, 208, 219, 208, 209, 149, 136, 149, 211, 212, 217, 198, 208, 153, 149, 241, 208, 198, 214, 149, 136, 149, 151, 151, 149, 200, 156, 149, 217, 218, 214, 212, 217, 149, 246, 212, 216, 249, 218, 214, 222, 229, 217, 212, 204, 208, 199, 241, 199, 218, 197, 209, 218, 194, 219, 149, 136, 149, 225, 212, 215, 143, 241, 199, 218, 197, 209, 218, 194, 219, 157, 206, 149, 225, 220, 193, 217, 208, 149, 136, 149, 151, 246, 212, 216, 249, 218, 214, 222, 149, 229, 217, 212, 204, 208, 199, 151, 153, 149, 227, 212, 217, 192, 208, 198, 149, 136, 149, 242, 208, 193, 246, 212, 216, 249, 218, 214, 222, 229, 217, 212, 204, 208, 199, 251, 212, 216, 208, 198, 157, 156, 153, 149, 227, 212, 217, 192, 208, 149, 136, 149, 151, 251, 218, 149, 229, 217, 212, 204, 208, 199, 198, 151, 153, 149, 246, 212, 217, 217, 215, 212, 214, 222, 149, 136, 149, 211, 192, 219, 214, 193, 220, 218, 219, 157, 227, 212, 217, 192, 208, 156, 149, 220, 211, 149, 227, 212, 217, 192, 208, 149, 136, 136, 149, 151, 251, 218, 149, 229, 217, 212, 204, 208, 199, 198, 151, 149, 193, 221, 208, 219, 149, 234, 242, 155, 230, 208, 193, 193, 220, 219, 210, 198, 155, 214, 212, 216, 217, 218, 214, 222, 225, 212, 199, 210, 208, 193, 149, 136, 149, 151, 151, 149, 208, 217, 198, 208, 149, 234, 242, 155, 230, 208, 193, 193, 220, 219, 210, 198, 155, 214, 212, 216, 217, 218, 214, 222, 225, 212, 199, 210, 208, 193, 149, 136, 149, 193, 218, 198, 193, 199, 220, 219, 210, 157, 227, 212, 217, 192, 208, 156, 149, 208, 219, 209, 149, 220, 211, 149, 234, 242, 155, 230, 208, 193, 193, 220, 219, 210, 198, 155, 214, 212, 216, 217, 218, 214, 222, 229, 199, 220, 218, 199, 220, 193, 204, 149, 193, 221, 208, 219, 149, 224, 197, 209, 212, 193, 208, 246, 212, 216, 249, 218, 214, 222, 225, 212, 199, 210, 208, 193, 157, 156, 149, 208, 219, 209, 149, 208, 219, 209, 149, 200, 156, 149, 217, 218, 214, 212, 217, 149, 211, 192, 219, 214, 193, 220, 218, 219, 149, 231, 208, 211, 199, 208, 198, 221, 246, 212, 216, 249, 218, 214, 222, 229, 217, 212, 204, 208, 199, 198, 157, 211, 218, 199, 214, 208, 156, 149, 217, 218, 214, 212, 217, 149, 219, 208, 194, 230, 220, 210, 219, 212, 193, 192, 199, 208, 149, 136, 149, 242, 208, 193, 246, 212, 216, 249, 218, 214, 222, 230, 220, 210, 219, 212, 193, 192, 199, 208, 157, 156, 149, 220, 211, 149, 219, 218, 193, 149, 211, 218, 199, 214, 208, 149, 212, 219, 209, 149, 219, 208, 194, 230, 220, 210, 219, 212, 193, 192, 199, 208, 149, 136, 136, 149, 214, 212, 216, 217, 218, 214, 222, 229, 217, 212, 204, 208, 199, 230, 220, 210, 219, 212, 193, 192, 199, 208, 149, 193, 221, 208, 219, 149, 199, 208, 193, 192, 199, 219, 149, 208, 219, 209, 149, 214, 212, 216, 217, 218, 214, 222, 229, 217, 212, 204, 208, 199, 230, 220, 210, 219, 212, 193, 192, 199, 208, 149, 136, 149, 219, 208, 194, 230, 220, 210, 219, 212, 193, 192, 199, 208, 149, 217, 218, 214, 212, 217, 149, 197, 199, 208, 195, 220, 218, 192, 198, 225, 212, 199, 210, 208, 193, 149, 136, 149, 234, 242, 155, 230, 208, 193, 193, 220, 219, 210, 198, 155, 214, 212, 216, 217, 218, 214, 222, 225, 212, 199, 210, 208, 193, 149, 197, 214, 212, 217, 217, 157, 211, 192, 219, 214, 193, 220, 218, 219, 157, 156, 149, 246, 212, 216, 249, 218, 214, 222, 229, 217, 212, 204, 208, 199, 241, 199, 218, 197, 209, 218, 194, 219, 143, 230, 208, 193, 227, 212, 217, 192, 208, 198, 157, 149, 242, 208, 193, 246, 212, 216, 249, 218, 214, 222, 229, 217, 212, 204, 208, 199, 251, 212, 216, 208, 198, 157, 156, 149, 156, 149, 208, 219, 209, 156, 149, 220, 211, 149, 197, 199, 208, 195, 220, 218, 192, 198, 225, 212, 199, 210, 208, 193, 149, 203, 136, 149, 151, 151, 149, 212, 219, 209, 149, 197, 199, 208, 195, 220, 218, 192, 198, 225, 212, 199, 210, 208, 193, 149, 203, 136, 149, 151, 251, 218, 149, 229, 217, 212, 204, 208, 199, 198, 151, 149, 212, 219, 209, 149, 229, 217, 212, 204, 208, 199, 198, 143, 243, 220, 219, 209, 243, 220, 199, 198, 193, 246, 221, 220, 217, 209, 157, 149, 197, 199, 208, 195, 220, 218, 192, 198, 225, 212, 199, 210, 208, 193, 149, 156, 149, 193, 221, 208, 219, 149, 234, 242, 155, 230, 208, 193, 193, 220, 219, 210, 198, 155, 214, 212, 216, 217, 218, 214, 222, 225, 212, 199, 210, 208, 193, 149, 136, 149, 197, 199, 208, 195, 220, 218, 192, 198, 225, 212, 199, 210, 208, 193, 149, 208, 217, 198, 208, 149, 234, 242, 155, 230, 208, 193, 193, 220, 219, 210, 198, 155, 214, 212, 216, 217, 218, 214, 222, 225, 212, 199, 210, 208, 193, 149, 136, 149, 151, 151, 149, 220, 211, 149, 234, 242, 155, 230, 208, 193, 193, 220, 219, 210, 198, 155, 214, 212, 216, 217, 218, 214, 222, 229, 199, 220, 218, 199, 220, 193, 204, 149, 193, 221, 208, 219, 149, 234, 242, 155, 246, 192, 199, 199, 208, 219, 193, 225, 212, 199, 210, 208, 193, 149, 136, 149, 219, 220, 217, 149, 208, 219, 209, 149, 208, 219, 209, 149, 224, 197, 209, 212, 193, 208, 246, 212, 216, 249, 218, 214, 222, 225, 212, 199, 210, 208, 193, 157, 156, 149, 208, 219, 209, 149, 225, 212, 215, 143, 247, 192, 193, 193, 218, 219, 157, 206, 149, 225, 220, 193, 217, 208, 149, 136, 149, 151, 231, 208, 211, 199, 208, 198, 221, 149, 246, 212, 216, 249, 218, 214, 222, 149, 229, 217, 212, 204, 208, 199, 198, 151, 153, 149, 252, 214, 218, 219, 149, 136, 149, 151, 199, 208, 211, 199, 208, 198, 221, 152, 214, 194, 151, 153, 149, 246, 212, 217, 217, 215, 212, 214, 222, 149, 136, 149, 211, 192, 219, 214, 193, 220, 218, 219, 157, 156, 149, 231, 208, 211, 199, 208, 198, 221, 246, 212, 216, 249, 218, 214, 222, 229, 217, 212, 204, 208, 199, 198, 157, 193, 199, 192, 208, 156, 149, 208, 219, 209, 153, 149, 200, 156, 149, 225, 212, 215, 143, 225, 218, 210, 210, 217, 208, 157, 206, 149, 225, 220, 193, 217, 208, 149, 136, 149, 151, 229, 199, 220, 218, 199, 220, 193, 204, 149, 229, 217, 212, 204, 208, 199, 149, 249, 218, 214, 222, 151, 153, 149, 241, 208, 211, 212, 192, 217, 193, 149, 136, 149, 211, 212, 217, 198, 208, 153, 149, 246, 212, 217, 217, 215, 212, 214, 222, 149, 136, 149, 211, 192, 219, 214, 193, 220, 218, 219, 157, 227, 212, 217, 192, 208, 156, 149, 234, 242, 155, 230, 208, 193, 193, 220, 219, 210, 198, 155, 214, 212, 216, 217, 218, 214, 222, 229, 199, 220, 218, 199, 220, 193, 204, 149, 136, 149, 227, 212, 217, 192, 208, 149, 224, 197, 209, 212, 193, 208, 246, 212, 216, 249, 218, 214, 222, 225, 212, 199, 210, 208, 193, 157, 156, 149, 208, 219, 209, 149, 200, 156, 149, 225, 212, 215, 143, 225, 218, 210, 210, 217, 208, 157, 206, 149, 225, 220, 193, 217, 208, 149, 136, 149, 151, 246, 212, 216, 249, 218, 214, 222, 151, 153, 149, 241, 208, 211, 212, 192, 217, 193, 149, 136, 149, 211, 212, 217, 198, 208, 153, 149, 246, 212, 217, 217, 215, 212, 214, 222, 149, 136, 149, 211, 192, 219, 214, 193, 220, 218, 219, 157, 227, 212, 217, 192, 208, 156, 149, 234, 242, 155, 230, 208, 193, 193, 220, 219, 210, 198, 155, 214, 212, 216, 217, 218, 214, 222, 149, 136, 149, 227, 212, 217, 192, 208, 149, 220, 211, 149, 219, 218, 193, 149, 227, 212, 217, 192, 208, 149, 193, 221, 208, 219, 149, 234, 242, 155, 246, 192, 199, 199, 208, 219, 193, 225, 212, 199, 210, 208, 193, 149, 136, 149, 219, 220, 217, 149, 208, 217, 198, 208, 149, 224, 197, 209, 212, 193, 208, 246, 212, 216, 249, 218, 214, 222, 225, 212, 199, 210, 208, 193, 157, 156, 149, 208, 219, 209, 149, 208, 219, 209, 149, 200, 156, 149, 225, 212, 215, 143, 230, 217, 220, 209, 208, 199, 157, 206, 149, 225, 220, 193, 217, 208, 149, 136, 149, 151, 248, 218, 219, 220, 193, 218, 199, 220, 219, 210, 149, 252, 219, 193, 208, 219, 198, 220, 193, 204, 151, 153, 149, 227, 212, 217, 192, 208, 149, 136, 149, 206, 149, 248, 220, 219, 149, 136, 149, 132, 153, 149, 248, 212, 205, 149, 136, 149, 135, 133, 153, 149, 241, 208, 211, 212, 192, 217, 193, 149, 136, 149, 128, 149, 200, 153, 149, 230, 193, 208, 197, 149, 136, 149, 132, 153, 149, 246, 212, 217, 217, 215, 212, 214, 222, 149, 136, 149, 211, 192, 219, 214, 193, 220, 218, 219, 157, 227, 212, 217, 192, 208, 156, 149, 234, 242, 155, 230, 208, 193, 193, 220, 219, 210, 198, 155, 214, 212, 216, 217, 218, 214, 222, 252, 219, 193, 208, 219, 198, 220, 193, 204, 149, 136, 149, 227, 212, 217, 192, 208, 149, 208, 219, 209, 149, 200, 156, 149, 217, 218, 214, 212, 217, 149, 229, 217, 212, 204, 208, 199, 225, 212, 215, 149, 136, 149, 226, 220, 219, 209, 218, 194, 143, 225, 212, 215, 157, 206, 149, 225, 220, 193, 217, 208, 149, 136, 149, 151, 229, 217, 212, 204, 208, 199, 151, 153, 149, 252, 214, 218, 219, 149, 136, 149, 151, 192, 198, 208, 199, 151, 153, 149, 250, 197, 208, 219, 208, 209, 149, 136, 149, 211, 212, 217, 198, 208, 149, 200, 156, 149, 234, 242, 155, 230, 208, 193, 193, 220, 219, 210, 198, 155, 212, 192, 193, 218, 231, 192, 219, 249, 218, 194, 253, 208, 212, 217, 193, 221, 149, 136, 149, 234, 242, 155, 230, 208, 193, 193, 220, 219, 210, 198, 155, 212, 192, 193, 218, 231, 192, 219, 249, 218, 194, 253, 208, 212, 217, 193, 221, 149, 218, 199, 149, 211, 212, 217, 198, 208, 149, 234, 242, 155, 230, 208, 193, 193, 220, 219, 210, 198, 155, 212, 192, 193, 218, 231, 192, 219, 249, 218, 194, 253, 208, 212, 217, 193, 221, 229, 208, 199, 214, 208, 219, 193, 149, 136, 149, 234, 242, 155, 230, 208, 193, 193, 220, 219, 210, 198, 155, 212, 192, 193, 218, 231, 192, 219, 249, 218, 194, 253, 208, 212, 217, 193, 221, 229, 208, 199, 214, 208, 219, 193, 149, 218, 199, 149, 128, 133, 149, 234, 242, 155, 230, 208, 193, 193, 220, 219, 210, 198, 155, 212, 192, 193, 218, 244, 214, 193, 220, 195, 212, 193, 208, 227, 134, 149, 136, 149, 234, 242, 155, 230, 208, 193, 193, 220, 219, 210, 198, 155, 212, 192, 193, 218, 244, 214, 193, 220, 195, 212, 193, 208, 227, 134, 149, 218, 199, 149, 211, 212, 217, 198, 208, 149, 234, 242, 155, 230, 208, 193, 193, 220, 219, 210, 198, 155, 212, 192, 193, 218, 244, 214, 193, 220, 195, 212, 193, 208, 227, 134, 229, 208, 199, 214, 208, 219, 193, 149, 136, 149, 234, 242, 155, 230, 208, 193, 193, 220, 219, 210, 198, 155, 212, 192, 193, 218, 244, 214, 193, 220, 195, 212, 193, 208, 227, 134, 229, 208, 199, 214, 208, 219, 193, 149, 218, 199, 149, 134, 133, 149, 217, 218, 214, 212, 217, 149, 249, 218, 194, 253, 208, 212, 217, 193, 221, 231, 192, 219, 229, 218, 198, 220, 193, 220, 218, 219, 149, 136, 149, 246, 243, 199, 212, 216, 208, 155, 219, 208, 194, 157, 152, 128, 140, 140, 129, 153, 149, 135, 133, 132, 132, 141, 153, 149, 128, 129, 131, 132, 156, 149, 217, 218, 214, 212, 217, 149, 217, 218, 194, 253, 208, 212, 217, 193, 221, 231, 208, 193, 192, 199, 219, 246, 243, 199, 212, 216, 208, 149, 136, 149, 219, 220, 217, 149, 217, 218, 214, 212, 217, 149, 217, 218, 194, 253, 208, 212, 217, 193, 221, 231, 192, 219, 244, 214, 193, 220, 195, 208, 149, 136, 149, 211, 212, 217, 198, 208, 149, 217, 218, 214, 212, 217, 149, 217, 218, 194, 253, 208, 212, 217, 193, 221, 227, 134, 225, 199, 220, 210, 210, 208, 199, 208, 209, 149, 136, 149, 211, 212, 217, 198, 208, 149, 217, 218, 214, 212, 217, 149, 211, 192, 219, 214, 193, 220, 218, 219, 149, 242, 208, 193, 249, 218, 194, 253, 208, 212, 217, 193, 221, 229, 208, 199, 214, 208, 219, 193, 157, 156, 149, 217, 218, 214, 212, 217, 149, 214, 221, 212, 199, 212, 214, 193, 208, 199, 149, 136, 149, 197, 217, 212, 204, 208, 199, 155, 246, 221, 212, 199, 212, 214, 193, 208, 199, 149, 217, 218, 214, 212, 217, 149, 221, 192, 216, 212, 219, 218, 220, 209, 149, 136, 149, 214, 221, 212, 199, 212, 214, 193, 208, 199, 149, 212, 219, 209, 149, 214, 221, 212, 199, 212, 214, 193, 208, 199, 143, 243, 220, 219, 209, 243, 220, 199, 198, 193, 246, 221, 220, 217, 209, 250, 211, 246, 217, 212, 198, 198, 157, 151, 253, 192, 216, 212, 219, 218, 220, 209, 151, 156, 149, 220, 211, 149, 219, 218, 193, 149, 221, 192, 216, 212, 219, 218, 220, 209, 149, 218, 199, 149, 221, 192, 216, 212, 219, 218, 220, 209, 155, 248, 212, 205, 253, 208, 212, 217, 193, 221, 149, 137, 136, 149, 133, 149, 193, 221, 208, 219, 149, 199, 208, 193, 192, 199, 219, 149, 219, 220, 217, 149, 208, 219, 209, 149, 199, 208, 193, 192, 199, 219, 149, 157, 221, 192, 216, 212, 219, 218, 220, 209, 155, 253, 208, 212, 217, 193, 221, 149, 154, 149, 221, 192, 216, 212, 219, 218, 220, 209, 155, 248, 212, 205, 253, 208, 212, 217, 193, 221, 156, 149, 159, 149, 132, 133, 133, 149, 208, 219, 209, 149, 217, 218, 214, 212, 217, 149, 211, 192, 219, 214, 193, 220, 218, 219, 149, 231, 208, 193, 192, 199, 219, 243, 199, 218, 216, 249, 218, 194, 253, 208, 212, 217, 193, 221, 231, 192, 219, 157, 156, 149, 220, 211, 149, 219, 218, 193, 149, 217, 218, 194, 253, 208, 212, 217, 193, 221, 231, 192, 219, 244, 214, 193, 220, 195, 208, 149, 193, 221, 208, 219, 149, 199, 208, 193, 192, 199, 219, 149, 208, 219, 209, 149, 217, 218, 214, 212, 217, 149, 214, 221, 212, 199, 212, 214, 193, 208, 199, 149, 136, 149, 197, 217, 212, 204, 208, 199, 155, 246, 221, 212, 199, 212, 214, 193, 208, 199, 149, 217, 218, 214, 212, 217, 149, 199, 218, 218, 193, 149, 136, 149, 214, 221, 212, 199, 212, 214, 193, 208, 199, 149, 212, 219, 209, 149, 214, 221, 212, 199, 212, 214, 193, 208, 199, 143, 243, 220, 219, 209, 243, 220, 199, 198, 193, 246, 221, 220, 217, 209, 157, 151, 253, 192, 216, 212, 219, 218, 220, 209, 231, 218, 218, 193, 229, 212, 199, 193, 151, 156, 149, 220, 211, 149, 199, 218, 218, 193, 149, 212, 219, 209, 149, 217, 218, 194, 253, 208, 212, 217, 193, 221, 231, 208, 193, 192, 199, 219, 246, 243, 199, 212, 216, 208, 149, 193, 221, 208, 219, 149, 199, 218, 218, 193, 155, 246, 243, 199, 212, 216, 208, 149, 136, 149, 217, 218, 194, 253, 208, 212, 217, 193, 221, 231, 208, 193, 192, 199, 219, 246, 243, 199, 212, 216, 208, 149, 208, 219, 209, 149, 217, 218, 194, 253, 208, 212, 217, 193, 221, 231, 208, 193, 192, 199, 219, 246, 243, 199, 212, 216, 208, 149, 136, 149, 219, 220, 217, 149, 217, 218, 194, 253, 208, 212, 217, 193, 221, 231, 192, 219, 244, 214, 193, 220, 195, 208, 149, 136, 149, 211, 212, 217, 198, 208, 149, 208, 219, 209, 149, 229, 217, 212, 204, 208, 199, 225, 212, 215, 143, 230, 208, 214, 193, 220, 218, 219, 157, 206, 149, 225, 220, 193, 217, 208, 149, 136, 149, 151, 231, 192, 219, 149, 249, 218, 194, 149, 253, 208, 212, 217, 193, 221, 151, 153, 149, 252, 214, 218, 219, 149, 136, 149, 151, 221, 208, 212, 199, 193, 152, 197, 192, 217, 198, 208, 151, 153, 149, 250, 197, 208, 219, 208, 209, 149, 136, 149, 211, 212, 217, 198, 208, 153, 149, 241, 208, 198, 214, 149, 136, 149, 151, 240, 198, 214, 212, 197, 208, 149, 212, 219, 209, 149, 199, 208, 193, 192, 199, 219, 149, 212, 192, 193, 218, 216, 212, 193, 220, 214, 212, 217, 217, 204, 149, 212, 214, 214, 218, 199, 209, 220, 219, 210, 149, 193, 218, 149, 221, 208, 212, 217, 193, 221, 155, 151, 153, 149, 200, 156, 149, 229, 217, 212, 204, 208, 199, 225, 212, 215, 143, 225, 218, 210, 210, 217, 208, 157, 206, 149, 225, 220, 193, 217, 208, 149, 136, 149, 151, 244, 192, 193, 218, 149, 231, 192, 219, 149, 249, 218, 194, 149, 253, 208, 212, 217, 193, 221, 151, 153, 149, 241, 208, 211, 212, 192, 217, 193, 149, 136, 149, 211, 212, 217, 198, 208, 153, 149, 246, 212, 217, 217, 215, 212, 214, 222, 149, 136, 149, 211, 192, 219, 214, 193, 220, 218, 219, 157, 227, 212, 217, 192, 208, 156, 149, 234, 242, 155, 230, 208, 193, 193, 220, 219, 210, 198, 155, 212, 192, 193, 218, 231, 192, 219, 249, 218, 194, 253, 208, 212, 217, 193, 221, 149, 136, 149, 227, 212, 217, 192, 208, 149, 220, 211, 149, 219, 218, 193, 149, 227, 212, 217, 192, 208, 149, 193, 221, 208, 219, 149, 231, 208, 193, 192, 199, 219, 243, 199, 218, 216, 249, 218, 194, 253, 208, 212, 217, 193, 221, 231, 192, 219, 157, 156, 149, 208, 219, 209, 149, 208, 219, 209, 153, 149, 200, 156, 149, 229, 217, 212, 204, 208, 199, 225, 212, 215, 143, 230, 217, 220, 209, 208, 199, 157, 206, 149, 225, 220, 193, 217, 208, 149, 136, 149, 151, 231, 192, 219, 149, 253, 208, 212, 217, 193, 221, 149, 144, 151, 153, 149, 227, 212, 217, 192, 208, 149, 136, 149, 206, 149, 248, 220, 219, 149, 136, 149, 135, 133, 153, 149, 248, 212, 205, 149, 136, 149, 132, 133, 133, 153, 149, 241, 208, 211, 212, 192, 217, 193, 149, 136, 149, 128, 133, 149, 200, 153, 149, 230, 193, 208, 197, 149, 136, 149, 132, 153, 149, 246, 212, 217, 217, 215, 212, 214, 222, 149, 136, 149, 211, 192, 219, 214, 193, 220, 218, 219, 157, 227, 212, 217, 192, 208, 156, 149, 234, 242, 155, 230, 208, 193, 193, 220, 219, 210, 198, 155, 212, 192, 193, 218, 231, 192, 219, 249, 218, 194, 253, 208, 212, 217, 193, 221, 229, 208, 199, 214, 208, 219, 193, 149, 136, 149, 193, 218, 219, 192, 216, 215, 208, 199, 157, 227, 212, 217, 192, 208, 156, 149, 218, 199, 149, 128, 133, 149, 208, 219, 209, 153, 149, 200, 156, 149, 229, 217, 212, 204, 208, 199, 225, 212, 215, 143, 230, 208, 214, 193, 220, 218, 219, 157, 206, 149, 225, 220, 193, 217, 208, 149, 136, 149, 151, 244, 214, 193, 220, 195, 212, 193, 208, 149, 227, 134, 149, 194, 220, 193, 221, 149, 217, 218, 194, 149, 221, 208, 212, 217, 193, 221, 151, 153, 149, 252, 214, 218, 219, 149, 136, 149, 151, 198, 221, 220, 208, 217, 209, 151, 153, 149, 250, 197, 208, 219, 208, 209, 149, 136, 149, 211, 212, 217, 198, 208, 153, 149, 241, 208, 198, 214, 149, 136, 149, 151, 244, 214, 193, 220, 195, 212, 193, 208, 198, 149, 227, 134, 149, 218, 219, 214, 208, 149, 194, 221, 208, 219, 149, 221, 208, 212, 217, 193, 221, 149, 199, 208, 212, 214, 221, 208, 198, 149, 193, 221, 208, 149, 198, 208, 217, 208, 214, 193, 208, 209, 149, 193, 221, 199, 208, 198, 221, 218, 217, 209, 155, 151, 153, 149, 200, 156, 149, 229, 217, 212, 204, 208, 199, 225, 212, 215, 143, 225, 218, 210, 210, 217, 208, 157, 206, 149, 225, 220, 193, 217, 208, 149, 136, 149, 151, 244, 192, 193, 218, 149, 244, 214, 193, 220, 195, 212, 193, 208, 149, 227, 134, 151, 153, 149, 241, 208, 211, 212, 192, 217, 193, 149, 136, 149, 211, 212, 217, 198, 208, 153, 149, 246, 212, 217, 217, 215, 212, 214, 222, 149, 136, 149, 211, 192, 219, 214, 193, 220, 218, 219, 157, 227, 212, 217, 192, 208, 156, 149, 234, 242, 155, 230, 208, 193, 193, 220, 219, 210, 198, 155, 212, 192, 193, 218, 244, 214, 193, 220, 195, 212, 193, 208, 227, 134, 149, 136, 149, 227, 212, 217, 192, 208, 149, 220, 211, 149, 219, 218, 193, 149, 227, 212, 217, 192, 208, 149, 193, 221, 208, 219, 149, 217, 218, 194, 253, 208, 212, 217, 193, 221, 227, 134, 225, 199, 220, 210, 210, 208, 199, 208, 209, 149, 136, 149, 211, 212, 217, 198, 208, 149, 208, 219, 209, 149, 208, 219, 209, 153, 149, 200, 156, 149, 229, 217, 212, 204, 208, 199, 225, 212, 215, 143, 230, 217, 220, 209, 208, 199, 157, 206, 149, 225, 220, 193, 217, 208, 149, 136, 149, 151, 227, 134, 149, 253, 208, 212, 217, 193, 221, 149, 144, 151, 153, 149, 227, 212, 217, 192, 208, 149, 136, 149, 206, 149, 248, 220, 219, 149, 136, 149, 132, 133, 153, 149, 248, 212, 205, 149, 136, 149, 132, 133, 133, 153, 149, 241, 208, 211, 212, 192, 217, 193, 149, 136, 149, 134, 133, 149, 200, 153, 149, 230, 193, 208, 197, 149, 136, 149, 132, 153, 149, 246, 212, 217, 217, 215, 212, 214, 222, 149, 136, 149, 211, 192, 219, 214, 193, 220, 218, 219, 157, 227, 212, 217, 192, 208, 156, 149, 234, 242, 155, 230, 208, 193, 193, 220, 219, 210, 198, 155, 212, 192, 193, 218, 244, 214, 193, 220, 195, 212, 193, 208, 227, 134, 229, 208, 199, 214, 208, 219, 193, 149, 136, 149, 193, 218, 219, 192, 216, 215, 208, 199, 157, 227, 212, 217, 192, 208, 156, 149, 218, 199, 149, 134, 133, 149, 208, 219, 209, 153, 149, 200, 156, 149, 193, 212, 198, 222, 155, 198, 197, 212, 194, 219, 157, 211, 192, 219, 214, 193, 220, 218, 219, 157, 156, 149, 194, 221, 220, 217, 208, 149, 193, 212, 198, 222, 155, 194, 212, 220, 193, 157, 133, 155, 132, 156, 149, 209, 218, 149, 197, 214, 212, 217, 217, 157, 211, 192, 219, 214, 193, 220, 218, 219, 157, 156, 149, 217, 218, 214, 212, 217, 149, 221, 197, 149, 136, 149, 242, 208, 193, 249, 218, 194, 253, 208, 212, 217, 193, 221, 229, 208, 199, 214, 208, 219, 193, 157, 156, 149, 220, 211, 149, 219, 218, 193, 149, 221, 197, 149, 193, 221, 208, 219, 149, 199, 208, 193, 192, 199, 219, 149, 208, 219, 209, 149, 220, 211, 149, 234, 242, 155, 230, 208, 193, 193, 220, 219, 210, 198, 155, 212, 192, 193, 218, 231, 192, 219, 249, 218, 194, 253, 208, 212, 217, 193, 221, 149, 193, 221, 208, 219, 149, 217, 218, 214, 212, 217, 149, 193, 221, 199, 208, 198, 221, 218, 217, 209, 149, 136, 149, 193, 218, 219, 192, 216, 215, 208, 199, 157, 234, 242, 155, 230, 208, 193, 193, 220, 219, 210, 198, 155, 212, 192, 193, 218, 231, 192, 219, 249, 218, 194, 253, 208, 212, 217, 193, 221, 229, 208, 199, 214, 208, 219, 193, 156, 149, 218, 199, 149, 128, 133, 149, 217, 218, 214, 212, 217, 149, 214, 221, 212, 199, 212, 214, 193, 208, 199, 149, 136, 149, 197, 217, 212, 204, 208, 199, 155, 246, 221, 212, 199, 212, 214, 193, 208, 199, 149, 217, 218, 214, 212, 217, 149, 199, 218, 218, 193, 149, 136, 149, 214, 221, 212, 199, 212, 214, 193, 208, 199, 149, 212, 219, 209, 149, 214, 221, 212, 199, 212, 214, 193, 208, 199, 143, 243, 220, 219, 209, 243, 220, 199, 198, 193, 246, 221, 220, 217, 209, 157, 151, 253, 192, 216, 212, 219, 218, 220, 209, 231, 218, 218, 193, 229, 212, 199, 193, 151, 156, 149, 220, 211, 149, 219, 218, 193, 149, 217, 218, 194, 253, 208, 212, 217, 193, 221, 231, 192, 219, 244, 214, 193, 220, 195, 208, 149, 212, 219, 209, 149, 221, 197, 149, 137, 136, 149, 193, 221, 199, 208, 198, 221, 218, 217, 209, 149, 212, 219, 209, 149, 199, 218, 218, 193, 149, 193, 221, 208, 219, 149, 217, 218, 194, 253, 208, 212, 217, 193, 221, 231, 208, 193, 192, 199, 219, 246, 243, 199, 212, 216, 208, 149, 136, 149, 199, 218, 218, 193, 155, 246, 243, 199, 212, 216, 208, 149, 217, 218, 194, 253, 208, 212, 217, 193, 221, 231, 192, 219, 244, 214, 193, 220, 195, 208, 149, 136, 149, 193, 199, 192, 208, 149, 199, 218, 218, 193, 155, 246, 243, 199, 212, 216, 208, 149, 136, 149, 249, 218, 194, 253, 208, 212, 217, 193, 221, 231, 192, 219, 229, 218, 198, 220, 193, 220, 218, 219, 149, 208, 217, 198, 208, 220, 211, 149, 217, 218, 194, 253, 208, 212, 217, 193, 221, 231, 192, 219, 244, 214, 193, 220, 195, 208, 149, 212, 219, 209, 149, 221, 197, 149, 139, 149, 193, 221, 199, 208, 198, 221, 218, 217, 209, 149, 193, 221, 208, 219, 149, 231, 208, 193, 192, 199, 219, 243, 199, 218, 216, 249, 218, 194, 253, 208, 212, 217, 193, 221, 231, 192, 219, 157, 156, 149, 208, 217, 198, 208, 220, 211, 149, 217, 218, 194, 253, 208, 212, 217, 193, 221, 231, 192, 219, 244, 214, 193, 220, 195, 208, 149, 212, 219, 209, 149, 199, 218, 218, 193, 149, 193, 221, 208, 219, 149, 199, 218, 218, 193, 155, 246, 243, 199, 212, 216, 208, 149, 136, 149, 249, 218, 194, 253, 208, 212, 217, 193, 221, 231, 192, 219, 229, 218, 198, 220, 193, 220, 218, 219, 149, 208, 219, 209, 149, 208, 217, 198, 208, 220, 211, 149, 217, 218, 194, 253, 208, 212, 217, 193, 221, 231, 192, 219, 244, 214, 193, 220, 195, 208, 149, 193, 221, 208, 219, 149, 231, 208, 193, 192, 199, 219, 243, 199, 218, 216, 249, 218, 194, 253, 208, 212, 217, 193, 221, 231, 192, 219, 157, 156, 149, 208, 219, 209, 149, 220, 211, 149, 234, 242, 155, 230, 208, 193, 193, 220, 219, 210, 198, 155, 212, 192, 193, 218, 244, 214, 193, 220, 195, 212, 193, 208, 227, 134, 149, 193, 221, 208, 219, 149, 217, 218, 214, 212, 217, 149, 193, 221, 199, 208, 198, 221, 218, 217, 209, 149, 136, 149, 193, 218, 219, 192, 216, 215, 208, 199, 157, 234, 242, 155, 230, 208, 193, 193, 220, 219, 210, 198, 155, 212, 192, 193, 218, 244, 214, 193, 220, 195, 212, 193, 208, 227, 134, 229, 208, 199, 214, 208, 219, 193, 156, 149, 218, 199, 149, 134, 133, 149, 220, 211, 149, 221, 197, 149, 139, 149, 193, 221, 199, 208, 198, 221, 218, 217, 209, 149, 193, 221, 208, 219, 149, 217, 218, 194, 253, 208, 212, 217, 193, 221, 227, 134, 225, 199, 220, 210, 210, 208, 199, 208, 209, 149, 136, 149, 211, 212, 217, 198, 208, 149, 208, 217, 198, 208, 220, 211, 149, 221, 197, 149, 137, 136, 149, 193, 221, 199, 208, 198, 221, 218, 217, 209, 149, 212, 219, 209, 149, 219, 218, 193, 149, 217, 218, 194, 253, 208, 212, 217, 193, 221, 227, 134, 225, 199, 220, 210, 210, 208, 199, 208, 209, 149, 193, 221, 208, 219, 149, 217, 218, 194, 253, 208, 212, 217, 193, 221, 227, 134, 225, 199, 220, 210, 210, 208, 199, 208, 209, 149, 136, 149, 193, 199, 192, 208, 149, 193, 212, 198, 222, 155, 198, 197, 212, 194, 219, 157, 211, 192, 219, 214, 193, 220, 218, 219, 157, 156, 149, 197, 214, 212, 217, 217, 157, 211, 192, 219, 214, 193, 220, 218, 219, 157, 156, 149, 217, 218, 214, 212, 217, 149, 214, 221, 208, 198, 193, 149, 136, 149, 210, 212, 216, 208, 143, 242, 208, 193, 230, 208, 199, 195, 220, 214, 208, 157, 151, 231, 208, 197, 217, 220, 214, 212, 193, 208, 209, 230, 193, 218, 199, 212, 210, 208, 151, 156, 143, 243, 220, 219, 209, 243, 220, 199, 198, 193, 246, 221, 220, 217, 209, 157, 151, 246, 221, 208, 198, 193, 151, 156, 149, 217, 218, 214, 212, 217, 149, 199, 208, 216, 218, 193, 208, 198, 149, 136, 149, 214, 221, 208, 198, 193, 149, 212, 219, 209, 149, 214, 221, 208, 198, 193, 143, 243, 220, 219, 209, 243, 220, 199, 198, 193, 246, 221, 220, 217, 209, 157, 151, 231, 208, 216, 218, 193, 208, 198, 151, 156, 149, 217, 218, 214, 212, 217, 149, 211, 192, 219, 214, 193, 220, 218, 219, 198, 149, 136, 149, 199, 208, 216, 218, 193, 208, 198, 149, 212, 219, 209, 149, 199, 208, 216, 218, 193, 208, 198, 143, 243, 220, 219, 209, 243, 220, 199, 198, 193, 246, 221, 220, 217, 209, 157, 151, 243, 192, 219, 214, 193, 220, 218, 219, 198, 151, 156, 149, 217, 218, 214, 212, 217, 149, 198, 222, 220, 217, 217, 244, 214, 193, 220, 218, 219, 149, 136, 149, 211, 192, 219, 214, 193, 220, 218, 219, 198, 149, 212, 219, 209, 149, 211, 192, 219, 214, 193, 220, 218, 219, 198, 143, 243, 220, 219, 209, 243, 220, 199, 198, 193, 246, 221, 220, 217, 209, 157, 151, 230, 222, 220, 217, 217, 244, 214, 193, 220, 218, 219, 151, 156, 149, 220, 211, 149, 198, 222, 220, 217, 217, 244, 214, 193, 220, 218, 219, 149, 212, 219, 209, 149, 198, 222, 220, 217, 217, 244, 214, 193, 220, 218, 219, 143, 252, 198, 244, 157, 151, 231, 208, 216, 218, 193, 208, 243, 192, 219, 214, 193, 220, 218, 219, 151, 156, 149, 193, 221, 208, 219, 149, 198, 222, 220, 217, 217, 244, 214, 193, 220, 218, 219, 143, 252, 219, 195, 218, 222, 208, 230, 208, 199, 195, 208, 199, 157, 151, 231, 246, 151, 156, 149, 208, 219, 209, 149, 208, 219, 209, 156, 149, 208, 219, 209, 156, 149, 208, 219, 209, 149, 208, 217, 198, 208, 149, 217, 218, 194, 253, 208, 212, 217, 193, 221, 227, 134, 225, 199, 220, 210, 210, 208, 199, 208, 209, 149, 136, 149, 211, 212, 217, 198, 208, 149, 208, 219, 209, 149, 208, 219, 209, 156, 149, 208, 219, 209, 149, 208, 219, 209, 156, 149, 229, 217, 212, 204, 208, 199, 225, 212, 215, 143, 230, 208, 214, 193, 220, 218, 219, 157, 206, 149, 225, 220, 193, 217, 208, 149, 136, 149, 151, 225, 208, 217, 208, 197, 218, 199, 193, 149, 229, 217, 212, 204, 208, 199, 151, 153, 149, 252, 214, 218, 219, 149, 136, 149, 151, 199, 218, 214, 222, 208, 193, 151, 153, 149, 250, 197, 208, 219, 208, 209, 149, 136, 149, 211, 212, 217, 198, 208, 153, 149, 241, 208, 198, 214, 149, 136, 149, 151, 151, 149, 200, 156, 149, 217, 218, 214, 212, 217, 149, 193, 208, 217, 208, 197, 218, 199, 193, 230, 208, 217, 208, 214, 193, 208, 209, 229, 217, 212, 204, 208, 199, 149, 136, 149, 151, 151, 149, 217, 218, 214, 212, 217, 149, 193, 208, 217, 208, 197, 218, 199, 193, 229, 217, 212, 204, 208, 199, 230, 220, 210, 219, 212, 193, 192, 199, 208, 149, 136, 149, 151, 151, 149, 217, 218, 214, 212, 217, 149, 211, 192, 219, 214, 193, 220, 218, 219, 149, 242, 208, 193, 225, 208, 217, 208, 197, 218, 199, 193, 229, 217, 212, 204, 208, 199, 251, 212, 216, 208, 198, 157, 156, 149, 217, 218, 214, 212, 217, 149, 219, 212, 216, 208, 198, 149, 136, 149, 206, 200, 149, 211, 218, 199, 149, 197, 149, 220, 219, 149, 197, 212, 220, 199, 198, 157, 197, 217, 212, 204, 208, 199, 249, 220, 198, 193, 156, 149, 209, 218, 149, 220, 211, 149, 197, 149, 203, 136, 149, 197, 217, 212, 204, 208, 199, 149, 193, 221, 208, 219, 149, 193, 212, 215, 217, 208, 155, 220, 219, 198, 208, 199, 193, 157, 149, 219, 212, 216, 208, 198, 153, 149, 197, 155, 251, 212, 216, 208, 149, 156, 149, 208, 219, 209, 149, 208, 219, 209, 149, 193, 212, 215, 217, 208, 155, 198, 218, 199, 193, 157, 149, 219, 212, 216, 208, 198, 153, 149, 211, 192, 219, 214, 193, 220, 218, 219, 157, 212, 153, 149, 215, 156, 149, 199, 208, 193, 192, 199, 219, 149, 212, 143, 217, 218, 194, 208, 199, 157, 156, 149, 137, 149, 215, 143, 217, 218, 194, 208, 199, 157, 156, 149, 208, 219, 209, 149, 156, 149, 220, 211, 149, 150, 219, 212, 216, 208, 198, 149, 136, 136, 149, 133, 149, 193, 221, 208, 219, 149, 193, 212, 215, 217, 208, 155, 220, 219, 198, 208, 199, 193, 157, 149, 219, 212, 216, 208, 198, 153, 149, 151, 251, 218, 149, 241, 212, 193, 212, 151, 149, 156, 149, 208, 219, 209, 149, 199, 208, 193, 192, 199, 219, 149, 219, 212, 216, 208, 198, 149, 208, 219, 209, 149, 217, 218, 214, 212, 217, 149, 211, 192, 219, 214, 193, 220, 218, 219, 149, 242, 208, 193, 225, 208, 217, 208, 197, 218, 199, 193, 229, 217, 212, 204, 208, 199, 230, 220, 210, 219, 212, 193, 192, 199, 208, 157, 156, 149, 199, 208, 193, 192, 199, 219, 149, 193, 212, 215, 217, 208, 155, 214, 218, 219, 214, 212, 193, 157, 149, 242, 208, 193, 225, 208, 217, 208, 197, 218, 199, 193, 229, 217, 212, 204, 208, 199, 251, 212, 216, 208, 198, 157, 156, 153, 149, 151, 201, 151, 149, 156, 149, 208, 219, 209, 149, 217, 218, 214, 212, 217, 149, 225, 208, 217, 208, 197, 218, 199, 193, 229, 217, 212, 204, 208, 199, 241, 199, 218, 197, 209, 218, 194, 219, 149, 136, 149, 229, 217, 212, 204, 208, 199, 225, 212, 215, 143, 241, 199, 218, 197, 209, 218, 194, 219, 157, 206, 149, 225, 220, 193, 217, 208, 149, 136, 149, 151, 225, 208, 217, 208, 197, 218, 199, 193, 149, 229, 217, 212, 204, 208, 199, 149, 230, 208, 217, 208, 214, 193, 151, 153, 149, 227, 212, 217, 192, 208, 198, 149, 136, 149, 242, 208, 193, 225, 208, 217, 208, 197, 218, 199, 193, 229, 217, 212, 204, 208, 199, 251, 212, 216, 208, 198, 157, 156, 153, 149, 227, 212, 217, 192, 208, 149, 136, 149, 151, 251, 218, 149, 241, 212, 193, 212, 151, 153, 149, 246, 212, 217, 217, 215, 212, 214, 222, 149, 136, 149, 211, 192, 219, 214, 193, 220, 218, 219, 157, 227, 212, 217, 192, 208, 156, 149, 220, 211, 149, 227, 212, 217, 192, 208, 149, 136, 136, 149, 151, 251, 218, 149, 241, 212, 193, 212, 151, 149, 193, 221, 208, 219, 149, 193, 208, 217, 208, 197, 218, 199, 193, 230, 208, 217, 208, 214, 193, 208, 209, 229, 217, 212, 204, 208, 199, 149, 136, 149, 151, 151, 149, 208, 217, 198, 208, 149, 193, 208, 217, 208, 197, 218, 199, 193, 230, 208, 217, 208, 214, 193, 208, 209, 229, 217, 212, 204, 208, 199, 149, 136, 149, 193, 218, 198, 193, 199, 220, 219, 210, 157, 227, 212, 217, 192, 208, 156, 149, 208, 219, 209, 149, 208, 219, 209, 149, 200, 156, 149, 217, 218, 214, 212, 217, 149, 211, 192, 219, 214, 193, 220, 218, 219, 149, 231, 208, 211, 199, 208, 198, 221, 225, 208, 217, 208, 197, 218, 199, 193, 229, 217, 212, 204, 208, 199, 198, 157, 211, 218, 199, 214, 208, 156, 149, 217, 218, 214, 212, 217, 149, 219, 208, 194, 230, 220, 210, 219, 212, 193, 192, 199, 208, 149, 136, 149, 242, 208, 193, 225, 208, 217, 208, 197, 218, 199, 193, 229, 217, 212, 204, 208, 199, 230, 220, 210, 219, 212, 193, 192, 199, 208, 157, 156, 149, 220, 211, 149, 219, 218, 193, 149, 211, 218, 199, 214, 208, 149, 212, 219, 209, 149, 219, 208, 194, 230, 220, 210, 219, 212, 193, 192, 199, 208, 149, 136, 136, 149, 193, 208, 217, 208, 197, 218, 199, 193, 229, 217, 212, 204, 208, 199, 230, 220, 210, 219, 212, 193, 192, 199, 208, 149, 193, 221, 208, 219, 149, 199, 208, 193, 192, 199, 219, 149, 208, 219, 209, 149, 193, 208, 217, 208, 197, 218, 199, 193, 229, 217, 212, 204, 208, 199, 230, 220, 210, 219, 212, 193, 192, 199, 208, 149, 136, 149, 219, 208, 194, 230, 220, 210, 219, 212, 193, 192, 199, 208, 149, 217, 218, 214, 212, 217, 149, 197, 199, 208, 195, 220, 218, 192, 198, 229, 217, 212, 204, 208, 199, 149, 136, 149, 193, 208, 217, 208, 197, 218, 199, 193, 230, 208, 217, 208, 214, 193, 208, 209, 229, 217, 212, 204, 208, 199, 149, 217, 218, 214, 212, 217, 149, 219, 212, 216, 208, 198, 149, 136, 149, 242, 208, 193, 225, 208, 217, 208, 197, 218, 199, 193, 229, 217, 212, 204, 208, 199, 251, 212, 216, 208, 198, 157, 156, 149, 197, 214, 212, 217, 217, 157, 211, 192, 219, 214, 193, 220, 218, 219, 157, 156, 149, 225, 208, 217, 208, 197, 218, 199, 193, 229, 217, 212, 204, 208, 199, 241, 199, 218, 197, 209, 218, 194, 219, 143, 230, 208, 193, 227, 212, 217, 192, 208, 198, 157, 149, 219, 212, 216, 208, 198, 149, 156, 149, 208, 219, 209, 156, 149, 220, 211, 149, 197, 199, 208, 195, 220, 218, 192, 198, 229, 217, 212, 204, 208, 199, 149, 203, 136, 149, 151, 151, 149, 212, 219, 209, 149, 197, 199, 208, 195, 220, 218, 192, 198, 229, 217, 212, 204, 208, 199, 149, 203, 136, 149, 151, 251, 218, 149, 241, 212, 193, 212, 151, 149, 212, 219, 209, 149, 229, 217, 212, 204, 208, 199, 198, 143, 243, 220, 219, 209, 243, 220, 199, 198, 193, 246, 221, 220, 217, 209, 157, 149, 197, 199, 208, 195, 220, 218, 192, 198, 229, 217, 212, 204, 208, 199, 149, 156, 149, 193, 221, 208, 219, 149, 193, 208, 217, 208, 197, 218, 199, 193, 230, 208, 217, 208, 214, 193, 208, 209, 229, 217, 212, 204, 208, 199, 149, 136, 149, 197, 199, 208, 195, 220, 218, 192, 198, 229, 217, 212, 204, 208, 199, 149, 208, 217, 198, 208, 149, 193, 208, 217, 208, 197, 218, 199, 193, 230, 208, 217, 208, 214, 193, 208, 209, 229, 217, 212, 204, 208, 199, 149, 136, 149, 151, 151, 149, 208, 219, 209, 149, 208, 219, 209, 149, 229, 217, 212, 204, 208, 199, 225, 212, 215, 143, 247, 192, 193, 193, 218, 219, 157, 206, 149, 225, 220, 193, 217, 208, 149, 136, 149, 151, 231, 208, 211, 199, 208, 198, 221, 149, 225, 208, 217, 208, 197, 218, 199, 193, 149, 229, 217, 212, 204, 208, 199, 198, 151, 153, 149, 252, 214, 218, 219, 149, 136, 149, 151, 199, 208, 211, 199, 208, 198, 221, 152, 214, 194, 151, 153, 149, 246, 212, 217, 217, 215, 212, 214, 222, 149, 136, 149, 211, 192, 219, 214, 193, 220, 218, 219, 157, 156, 149, 231, 208, 211, 199, 208, 198, 221, 225, 208, 217, 208, 197, 218, 199, 193, 229, 217, 212, 204, 208, 199, 198, 157, 193, 199, 192, 208, 156, 149, 208, 219, 209, 153, 149, 200, 156, 149, 229, 217, 212, 204, 208, 199, 225, 212, 215, 143, 225, 218, 210, 210, 217, 208, 157, 206, 149, 225, 220, 193, 217, 208, 149, 136, 149, 151, 225, 208, 217, 208, 197, 218, 199, 193, 149, 229, 217, 212, 204, 208, 199, 149, 230, 208, 217, 208, 214, 193, 151, 153, 149, 241, 208, 211, 212, 192, 217, 193, 149, 136, 149, 211, 212, 217, 198, 208, 153, 149, 246, 212, 217, 217, 215, 212, 214, 222, 149, 136, 149, 211, 192, 219, 214, 193, 220, 218, 219, 157, 227, 212, 217, 192, 208, 156, 149, 234, 242, 155, 230, 208, 193, 193, 220, 219, 210, 198, 155, 193, 208, 217, 208, 197, 218, 199, 193, 229, 217, 212, 204, 208, 199, 149, 136, 149, 227, 212, 217, 192, 208, 149, 208, 219, 209, 149, 200, 156, 149, 229, 217, 212, 204, 208, 199, 225, 212, 215, 143, 230, 208, 214, 193, 220, 218, 219, 157, 206, 149, 225, 220, 193, 217, 208, 149, 136, 149, 151, 240, 230, 229, 149, 229, 217, 212, 204, 208, 199, 151, 153, 149, 252, 214, 218, 219, 149, 136, 149, 151, 208, 204, 208, 151, 153, 149, 250, 197, 208, 219, 208, 209, 149, 136, 149, 211, 212, 217, 198, 208, 153, 149, 241, 208, 198, 214, 149, 136, 149, 151, 151, 149, 200, 156, 149, 217, 218, 214, 212, 217, 149, 211, 192, 219, 214, 193, 220, 218, 219, 149, 199, 208, 216, 218, 195, 208, 240, 230, 229, 157, 193, 212, 199, 210, 208, 193, 229, 217, 212, 204, 208, 199, 156, 149, 220, 211, 149, 219, 218, 193, 149, 193, 212, 199, 210, 208, 193, 229, 217, 212, 204, 208, 199, 149, 193, 221, 208, 219, 149, 199, 208, 193, 192, 199, 219, 149, 208, 219, 209, 149, 217, 218, 214, 212, 217, 149, 214, 221, 212, 199, 212, 214, 193, 208, 199, 149, 136, 149, 193, 212, 199, 210, 208, 193, 229, 217, 212, 204, 208, 199, 155, 246, 221, 212, 199, 212, 214, 193, 208, 199, 149, 220, 211, 149, 219, 218, 193, 149, 214, 221, 212, 199, 212, 214, 193, 208, 199, 149, 193, 221, 208, 219, 149, 199, 208, 193, 192, 199, 219, 149, 208, 219, 209, 149, 217, 218, 214, 212, 217, 149, 221, 208, 212, 209, 149, 136, 149, 214, 221, 212, 199, 212, 214, 193, 208, 199, 143, 243, 220, 219, 209, 243, 220, 199, 198, 193, 246, 221, 220, 217, 209, 157, 151, 253, 208, 212, 209, 151, 156, 149, 220, 211, 149, 219, 218, 193, 149, 221, 208, 212, 209, 149, 193, 221, 208, 219, 149, 199, 208, 193, 192, 199, 219, 149, 208, 219, 209, 149, 217, 218, 214, 212, 217, 149, 208, 198, 197, 149, 136, 149, 221, 208, 212, 209, 143, 243, 220, 219, 209, 243, 220, 199, 198, 193, 246, 221, 220, 217, 209, 157, 149, 151, 229, 217, 212, 204, 208, 199, 240, 230, 229, 151, 149, 156, 149, 220, 211, 149, 208, 198, 197, 149, 193, 221, 208, 219, 149, 208, 198, 197, 143, 241, 208, 198, 193, 199, 218, 204, 157, 156, 149, 208, 219, 209, 149, 208, 219, 209, 149, 217, 218, 214, 212, 217, 149, 211, 192, 219, 214, 193, 220, 218, 219, 149, 214, 199, 208, 212, 193, 208, 240, 230, 229, 157, 193, 212, 199, 210, 208, 193, 229, 217, 212, 204, 208, 199, 156, 149, 220, 211, 149, 193, 212, 199, 210, 208, 193, 229, 217, 212, 204, 208, 199, 149, 136, 136, 149, 197, 217, 212, 204, 208, 199, 149, 193, 221, 208, 219, 149, 199, 208, 193, 192, 199, 219, 149, 208, 219, 209, 149, 217, 218, 214, 212, 217, 149, 214, 221, 212, 199, 212, 214, 193, 208, 199, 149, 136, 149, 193, 212, 199, 210, 208, 193, 229, 217, 212, 204, 208, 199, 155, 246, 221, 212, 199, 212, 214, 193, 208, 199, 149, 220, 211, 149, 219, 218, 193, 149, 214, 221, 212, 199, 212, 214, 193, 208, 199, 149, 193, 221, 208, 219, 149, 199, 208, 193, 192, 199, 219, 149, 208, 219, 209, 149, 217, 218, 214, 212, 217, 149, 221, 208, 212, 209, 149, 136, 149, 214, 221, 212, 199, 212, 214, 193, 208, 199, 143, 243, 220, 219, 209, 243, 220, 199, 198, 193, 246, 221, 220, 217, 209, 157, 151, 253, 208, 212, 209, 151, 156, 149, 220, 211, 149, 219, 218, 193, 149, 221, 208, 212, 209, 149, 193, 221, 208, 219, 149, 199, 208, 193, 192, 199, 219, 149, 208, 219, 209, 149, 220, 211, 149, 221, 208, 212, 209, 143, 243, 220, 219, 209, 243, 220, 199, 198, 193, 246, 221, 220, 217, 209, 157, 149, 151, 229, 217, 212, 204, 208, 199, 240, 230, 229, 151, 149, 156, 149, 193, 221, 208, 219, 149, 199, 208, 193, 192, 199, 219, 149, 208, 219, 209, 149, 217, 218, 214, 212, 217, 149, 215, 220, 217, 217, 215, 218, 212, 199, 209, 149, 136, 149, 252, 219, 198, 193, 212, 219, 214, 208, 155, 219, 208, 194, 157, 151, 247, 220, 217, 217, 215, 218, 212, 199, 209, 242, 192, 220, 151, 156, 149, 215, 220, 217, 217, 215, 218, 212, 199, 209, 155, 251, 212, 216, 208, 149, 136, 149, 151, 229, 217, 212, 204, 208, 199, 240, 230, 229, 151, 149, 215, 220, 217, 217, 215, 218, 212, 199, 209, 155, 229, 212, 199, 208, 219, 193, 149, 136, 149, 221, 208, 212, 209, 149, 215, 220, 217, 217, 215, 218, 212, 199, 209, 155, 239, 252, 219, 209, 208, 205, 247, 208, 221, 212, 195, 220, 218, 199, 149, 136, 149, 240, 219, 192, 216, 155, 239, 252, 219, 209, 208, 205, 247, 208, 221, 212, 195, 220, 218, 199, 155, 230, 220, 215, 217, 220, 219, 210, 149, 215, 220, 217, 217, 215, 218, 212, 199, 209, 155, 244, 217, 194, 212, 204, 198, 250, 219, 225, 218, 197, 149, 136, 149, 193, 199, 192, 208, 149, 215, 220, 217, 217, 215, 218, 212, 199, 209, 155, 249, 220, 210, 221, 193, 252, 219, 211, 217, 192, 208, 219, 214, 208, 149, 136, 149, 132, 149, 215, 220, 217, 217, 215, 218, 212, 199, 209, 155, 230, 220, 207, 208, 149, 136, 149, 224, 241, 220, 216, 135, 155, 219, 208, 194, 157, 149, 133, 153, 149, 135, 133, 133, 153, 149, 133, 153, 149, 128, 133, 149, 156, 149, 215, 220, 217, 217, 215, 218, 212, 199, 209, 155, 230, 193, 192, 209, 198, 250, 211, 211, 198, 208, 193, 149, 136, 149, 227, 208, 214, 193, 218, 199, 134, 155, 219, 208, 194, 157, 149, 133, 153, 149, 135, 155, 128, 153, 149, 133, 149, 156, 149, 217, 218, 214, 212, 217, 149, 217, 212, 215, 208, 217, 149, 136, 149, 252, 219, 198, 193, 212, 219, 214, 208, 155, 219, 208, 194, 157, 151, 225, 208, 205, 193, 249, 212, 215, 208, 217, 151, 156, 149, 217, 212, 215, 208, 217, 155, 251, 212, 216, 208, 149, 136, 149, 151, 225, 208, 205, 193, 249, 212, 215, 208, 217, 151, 149, 217, 212, 215, 208, 217, 155, 229, 212, 199, 208, 219, 193, 149, 136, 149, 215, 220, 217, 217, 215, 218, 212, 199, 209, 149, 217, 212, 215, 208, 217, 155, 247, 212, 214, 222, 210, 199, 218, 192, 219, 209, 225, 199, 212, 219, 198, 197, 212, 199, 208, 219, 214, 204, 149, 136, 149, 132, 149, 217, 212, 215, 208, 217, 155, 230, 220, 207, 208, 149, 136, 149, 224, 241, 220, 216, 135, 155, 219, 208, 194, 157, 149, 133, 153, 149, 135, 133, 133, 153, 149, 133, 153, 149, 128, 133, 149, 156, 149, 217, 212, 215, 208, 217, 155, 243, 218, 219, 193, 149, 136, 149, 240, 219, 192, 216, 155, 243, 218, 219, 193, 155, 242, 218, 193, 221, 212, 216, 247, 218, 217, 209, 149, 217, 212, 215, 208, 217, 155, 225, 208, 205, 193, 246, 218, 217, 218, 199, 134, 149, 136, 149, 246, 218, 217, 218, 199, 134, 155, 211, 199, 218, 216, 231, 242, 247, 157, 149, 135, 128, 128, 153, 149, 135, 128, 128, 153, 149, 135, 128, 128, 149, 156, 149, 217, 212, 215, 208, 217, 155, 225, 208, 205, 193, 230, 220, 207, 208, 149, 136, 149, 132, 129, 149, 217, 212, 215, 208, 217, 155, 225, 208, 205, 193, 230, 193, 199, 218, 222, 208, 225, 199, 212, 219, 198, 197, 212, 199, 208, 219, 214, 204, 149, 136, 149, 133, 149, 217, 212, 215, 208, 217, 155, 225, 208, 205, 193, 230, 193, 199, 218, 222, 208, 246, 218, 217, 218, 199, 134, 149, 136, 149, 246, 218, 217, 218, 199, 134, 155, 211, 199, 218, 216, 231, 242, 247, 157, 149, 133, 153, 149, 133, 153, 149, 133, 149, 156, 149, 217, 212, 215, 208, 217, 155, 225, 208, 205, 193, 226, 199, 212, 197, 197, 208, 209, 149, 136, 149, 193, 199, 192, 208, 149, 217, 212, 215, 208, 217, 155, 225, 208, 205, 193, 237, 244, 217, 220, 210, 219, 216, 208, 219, 193, 149, 136, 149, 240, 219, 192, 216, 155, 225, 208, 205, 193, 237, 244, 217, 220, 210, 219, 216, 208, 219, 193, 155, 246, 208, 219, 193, 208, 199, 149, 217, 212, 215, 208, 217, 155, 225, 208, 205, 193, 236, 244, 217, 220, 210, 219, 216, 208, 219, 193, 149, 136, 149, 240, 219, 192, 216, 155, 225, 208, 205, 193, 236, 244, 217, 220, 210, 219, 216, 208, 219, 193, 155, 246, 208, 219, 193, 208, 199, 149, 208, 219, 209, 149, 217, 218, 214, 212, 217, 149, 211, 192, 219, 214, 193, 220, 218, 219, 149, 192, 197, 209, 212, 193, 208, 240, 230, 229, 157, 193, 212, 199, 210, 208, 193, 229, 217, 212, 204, 208, 199, 156, 149, 220, 211, 149, 219, 218, 193, 149, 234, 242, 155, 230, 208, 193, 193, 220, 219, 210, 198, 155, 208, 198, 197, 229, 217, 212, 204, 208, 199, 198, 149, 193, 221, 208, 219, 149, 199, 208, 193, 192, 199, 219, 149, 208, 219, 209, 149, 220, 211, 149, 193, 212, 199, 210, 208, 193, 229, 217, 212, 204, 208, 199, 149, 136, 136, 149, 197, 217, 212, 204, 208, 199, 149, 193, 221, 208, 219, 149, 199, 208, 193, 192, 199, 219, 149, 208, 219, 209, 149, 217, 218, 214, 212, 217, 149, 214, 221, 212, 199, 212, 214, 193, 208, 199, 149, 136, 149, 193, 212, 199, 210, 208, 193, 229, 217, 212, 204, 208, 199, 155, 246, 221, 212, 199, 212, 214, 193, 208, 199, 149, 220, 211, 149, 219, 218, 193, 149, 214, 221, 212, 199, 212, 214, 193, 208, 199, 149, 193, 221, 208, 219, 149, 199, 208, 193, 192, 199, 219, 149, 208, 219, 209, 149, 217, 218, 214, 212, 217, 149, 221, 208, 212, 209, 149, 136, 149, 214, 221, 212, 199, 212, 214, 193, 208, 199, 143, 243, 220, 219, 209, 243, 220, 199, 198, 193, 246, 221, 220, 217, 209, 157, 151, 253, 208, 212, 209, 151, 156, 149, 217, 218, 214, 212, 217, 149, 221, 199, 197, 149, 136, 149, 214, 221, 212, 199, 212, 214, 193, 208, 199, 143, 243, 220, 219, 209, 243, 220, 199, 198, 193, 246, 221, 220, 217, 209, 157, 149, 151, 253, 192, 216, 212, 219, 218, 220, 209, 231, 218, 218, 193, 229, 212, 199, 193, 151, 149, 156, 149, 220, 211, 149, 219, 218, 193, 149, 221, 208, 212, 209, 149, 218, 199, 149, 219, 218, 193, 149, 221, 199, 197, 149, 193, 221, 208, 219, 149, 199, 208, 193, 192, 199, 219, 149, 208, 219, 209, 149, 217, 218, 214, 212, 217, 149, 216, 204, 246, 221, 212, 199, 212, 214, 193, 208, 199, 149, 136, 149, 197, 217, 212, 204, 208, 199, 155, 246, 221, 212, 199, 212, 214, 193, 208, 199, 149, 217, 218, 214, 212, 217, 149, 216, 204, 253, 231, 229, 149, 136, 149, 216, 204, 246, 221, 212, 199, 212, 214, 193, 208, 199, 149, 212, 219, 209, 149, 216, 204, 246, 221, 212, 199, 212, 214, 193, 208, 199, 143, 243, 220, 219, 209, 243, 220, 199, 198, 193, 246, 221, 220, 217, 209, 157, 149, 151, 253, 192, 216, 212, 219, 218, 220, 209, 231, 218, 218, 193, 229, 212, 199, 193, 151, 149, 156, 149, 220, 211, 149, 219, 218, 193, 149, 216, 204, 253, 231, 229, 149, 193, 221, 208, 219, 149, 199, 208, 193, 192, 199, 219, 149, 208, 219, 209, 149, 220, 211, 149, 219, 218, 193, 149, 221, 208, 212, 209, 143, 243, 220, 219, 209, 243, 220, 199, 198, 193, 246, 221, 220, 217, 209, 157, 149, 151, 229, 217, 212, 204, 208, 199, 240, 230, 229, 151, 149, 156, 149, 193, 221, 208, 219, 149, 214, 199, 208, 212, 193, 208, 240, 230, 229, 157, 193, 212, 199, 210, 208, 193, 229, 217, 212, 204, 208, 199, 156, 149, 208, 219, 209, 149, 217, 218, 214, 212, 217, 149, 215, 220, 217, 217, 215, 218, 212, 199, 209, 149, 136, 149, 221, 208, 212, 209, 143, 243, 220, 219, 209, 243, 220, 199, 198, 193, 246, 221, 220, 217, 209, 157, 149, 151, 229, 217, 212, 204, 208, 199, 240, 230, 229, 151, 149, 156, 149, 220, 211, 149, 219, 218, 193, 149, 215, 220, 217, 217, 215, 218, 212, 199, 209, 149, 193, 221, 208, 219, 149, 199, 208, 193, 192, 199, 219, 149, 208, 219, 209, 149, 217, 218, 214, 212, 217, 149, 217, 212, 215, 208, 217, 149, 136, 149, 215, 220, 217, 217, 215, 218, 212, 199, 209, 143, 243, 220, 219, 209, 243, 220, 199, 198, 193, 246, 221, 220, 217, 209, 157, 149, 151, 225, 208, 205, 193, 249, 212, 215, 208, 217, 151, 149, 156, 149, 220, 211, 149, 219, 218, 193, 149, 217, 212, 215, 208, 217, 149, 193, 221, 208, 219, 149, 199, 208, 193, 192, 199, 219, 149, 208, 219, 209, 149, 217, 218, 214, 212, 217, 149, 209, 220, 198, 193, 212, 219, 214, 208, 149, 136, 149, 216, 212, 193, 221, 155, 211, 217, 218, 218, 199, 157, 149, 157, 216, 204, 253, 231, 229, 155, 229, 218, 198, 220, 193, 220, 218, 219, 149, 152, 149, 221, 208, 212, 209, 155, 229, 218, 198, 220, 193, 220, 218, 219, 156, 155, 248, 212, 210, 219, 220, 193, 192, 209, 208, 149, 156, 149, 217, 218, 214, 212, 217, 149, 217, 208, 195, 208, 217, 149, 136, 149, 151, 138, 151, 149, 217, 218, 214, 212, 217, 149, 198, 193, 212, 193, 198, 149, 136, 149, 193, 212, 199, 210, 208, 193, 229, 217, 212, 204, 208, 199, 143, 243, 220, 219, 209, 243, 220, 199, 198, 193, 246, 221, 220, 217, 209, 157, 149, 151, 229, 217, 212, 204, 208, 199, 230, 193, 212, 193, 198, 151, 149, 156, 149, 220, 211, 149, 198, 193, 212, 193, 198, 149, 193, 221, 208, 219, 149, 217, 218, 214, 212, 217, 149, 217, 195, 217, 149, 136, 149, 198, 193, 212, 193, 198, 143, 243, 220, 219, 209, 243, 220, 199, 198, 193, 246, 221, 220, 217, 209, 157, 151, 217, 195, 217, 151, 156, 149, 220, 211, 149, 217, 195, 217, 149, 193, 221, 208, 219, 149, 217, 208, 195, 208, 217, 149, 136, 149, 193, 218, 198, 193, 199, 220, 219, 210, 157, 217, 195, 217, 155, 227, 212, 217, 192, 208, 156, 149, 208, 219, 209, 149, 208, 219, 209, 149, 217, 218, 214, 212, 217, 149, 197, 195, 197, 225, 208, 205, 193, 149, 136, 149, 151, 229, 227, 229, 149, 143, 149, 250, 211, 211, 151, 149, 217, 218, 214, 212, 217, 149, 197, 195, 197, 240, 219, 212, 215, 217, 208, 209, 149, 136, 149, 211, 212, 217, 198, 208, 149, 220, 211, 149, 198, 193, 212, 193, 198, 149, 193, 221, 208, 219, 149, 217, 218, 214, 212, 217, 149, 197, 195, 197, 149, 136, 149, 198, 193, 212, 193, 198, 143, 243, 220, 219, 209, 243, 220, 199, 198, 193, 246, 221, 220, 217, 209, 157, 151, 229, 227, 229, 151, 156, 149, 220, 211, 149, 197, 195, 197, 149, 193, 221, 208, 219, 149, 197, 195, 197, 240, 219, 212, 215, 217, 208, 209, 149, 136, 149, 197, 195, 197, 155, 227, 212, 217, 192, 208, 149, 220, 211, 149, 197, 195, 197, 155, 227, 212, 217, 192, 208, 149, 193, 221, 208, 219, 149, 197, 195, 197, 225, 208, 205, 193, 149, 136, 149, 151, 229, 227, 229, 149, 143, 149, 250, 219, 151, 149, 208, 219, 209, 149, 208, 219, 209, 149, 208, 219, 209, 149, 217, 212, 215, 208, 217, 155, 225, 208, 205, 193, 149, 136, 149, 193, 212, 199, 210, 208, 193, 229, 217, 212, 204, 208, 199, 155, 251, 212, 216, 208, 149, 155, 155, 149, 151, 149, 201, 149, 249, 208, 195, 208, 217, 149, 143, 149, 151, 149, 155, 155, 149, 217, 208, 195, 208, 217, 149, 155, 155, 149, 151, 149, 201, 149, 151, 149, 155, 155, 149, 197, 195, 197, 225, 208, 205, 193, 149, 155, 155, 149, 151, 233, 219, 233, 219, 151, 149, 155, 155, 149, 209, 220, 198, 193, 212, 219, 214, 208, 149, 155, 155, 149, 151, 149, 248, 151, 149, 220, 211, 149, 197, 195, 197, 240, 219, 212, 215, 217, 208, 209, 149, 193, 221, 208, 219, 149, 217, 212, 215, 208, 217, 155, 225, 208, 205, 193, 246, 218, 217, 218, 199, 134, 149, 136, 149, 246, 218, 217, 218, 199, 134, 155, 211, 199, 218, 216, 231, 242, 247, 157, 149, 135, 128, 128, 153, 149, 141, 133, 153, 149, 141, 133, 149, 156, 149, 208, 217, 198, 208, 149, 217, 212, 215, 208, 217, 155, 225, 208, 205, 193, 246, 218, 217, 218, 199, 134, 149, 136, 149, 246, 218, 217, 218, 199, 134, 155, 211, 199, 218, 216, 231, 242, 247, 157, 149, 135, 128, 128, 153, 149, 135, 128, 128, 153, 149, 135, 128, 128, 149, 156, 149, 208, 219, 209, 149, 208, 219, 209, 149, 217, 218, 214, 212, 217, 149, 211, 192, 219, 214, 193, 220, 218, 219, 149, 208, 219, 212, 215, 217, 208, 240, 230, 229, 157, 156, 149, 211, 218, 199, 149, 234, 153, 149, 193, 212, 199, 210, 208, 193, 229, 217, 212, 204, 208, 199, 149, 220, 219, 149, 220, 197, 212, 220, 199, 198, 157, 149, 229, 217, 212, 204, 208, 199, 198, 143, 242, 208, 193, 229, 217, 212, 204, 208, 199, 198, 157, 156, 149, 156, 149, 209, 218, 149, 220, 211, 149, 193, 212, 199, 210, 208, 193, 229, 217, 212, 204, 208, 199, 149, 203, 136, 149, 197, 217, 212, 204, 208, 199, 149, 193, 221, 208, 219, 149, 214, 199, 208, 212, 193, 208, 240, 230, 229, 157, 193, 212, 199, 210, 208, 193, 229, 217, 212, 204, 208, 199, 156, 149, 208, 219, 209, 149, 208, 219, 209, 149, 208, 219, 209, 149, 217, 218, 214, 212, 217, 149, 211, 192, 219, 214, 193, 220, 218, 219, 149, 209, 220, 198, 212, 215, 217, 208, 240, 230, 229, 157, 156, 149, 211, 218, 199, 149, 234, 153, 149, 193, 212, 199, 210, 208, 193, 229, 217, 212, 204, 208, 199, 149, 220, 219, 149, 220, 197, 212, 220, 199, 198, 157, 149, 229, 217, 212, 204, 208, 199, 198, 143, 242, 208, 193, 229, 217, 212, 204, 208, 199, 198, 157, 156, 149, 156, 149, 209, 218, 149, 220, 211, 149, 193, 212, 199, 210, 208, 193, 229, 217, 212, 204, 208, 199, 149, 203, 136, 149, 197, 217, 212, 204, 208, 199, 149, 193, 221, 208, 219, 149, 199, 208, 216, 218, 195, 208, 240, 230, 229, 157, 193, 212, 199, 210, 208, 193, 229, 217, 212, 204, 208, 199, 156, 149, 208, 219, 209, 149, 208, 219, 209, 149, 208, 219, 209, 149, 229, 217, 212, 204, 208, 199, 225, 212, 215, 143, 225, 218, 210, 210, 217, 208, 157, 206, 149, 225, 220, 193, 217, 208, 149, 136, 149, 151, 240, 198, 197, 149, 229, 217, 212, 204, 208, 199, 151, 153, 149, 241, 208, 211, 212, 192, 217, 193, 149, 136, 149, 211, 212, 217, 198, 208, 153, 149, 246, 212, 217, 217, 215, 212, 214, 222, 149, 136, 149, 211, 192, 219, 214, 193, 220, 218, 219, 157, 227, 212, 217, 192, 208, 156, 149, 234, 242, 155, 230, 208, 193, 193, 220, 219, 210, 198, 155, 208, 198, 197, 229, 217, 212, 204, 208, 199, 198, 149, 136, 149, 227, 212, 217, 192, 208, 149, 220, 211, 149, 227, 212, 217, 192, 208, 149, 193, 221, 208, 219, 149, 208, 219, 212, 215, 217, 208, 240, 230, 229, 157, 156, 149, 208, 217, 198, 208, 149, 209, 220, 198, 212, 215, 217, 208, 240, 230, 229, 157, 156, 149, 208, 219, 209, 149, 208, 219, 209, 149, 200, 156, 149, 229, 217, 212, 204, 208, 199, 225, 212, 215, 143, 230, 208, 214, 193, 220, 218, 219, 157, 206, 149, 225, 220, 193, 217, 208, 149, 136, 149, 151, 230, 197, 208, 208, 209, 151, 153, 149, 252, 214, 218, 219, 149, 136, 149, 151, 207, 212, 197, 151, 153, 149, 250, 197, 208, 219, 208, 209, 149, 136, 149, 211, 212, 217, 198, 208, 153, 149, 241, 208, 198, 214, 149, 136, 149, 151, 151, 149, 200, 156, 149, 229, 217, 212, 204, 208, 199, 225, 212, 215, 143, 225, 218, 210, 210, 217, 208, 157, 206, 149, 225, 220, 193, 217, 208, 149, 136, 149, 151, 230, 197, 208, 208, 209, 151, 153, 149, 241, 208, 211, 212, 192, 217, 193, 149, 136, 149, 211, 212, 217, 198, 208, 153, 149, 246, 212, 217, 217, 215, 212, 214, 222, 149, 136, 149, 211, 192, 219, 214, 193, 220, 218, 219, 157, 227, 212, 217, 192, 208, 156, 149, 234, 242, 155, 230, 208, 193, 193, 220, 219, 210, 198, 155, 198, 197, 208, 208, 209, 240, 219, 212, 215, 217, 208, 209, 149, 136, 149, 227, 212, 217, 192, 208, 149, 220, 211, 149, 219, 218, 193, 149, 227, 212, 217, 192, 208, 149, 193, 221, 208, 219, 149, 217, 218, 214, 212, 217, 149, 214, 221, 212, 199, 212, 214, 193, 208, 199, 149, 136, 149, 197, 217, 212, 204, 208, 199, 155, 246, 221, 212, 199, 212, 214, 193, 208, 199, 149, 217, 218, 214, 212, 217, 149, 221, 192, 216, 212, 219, 218, 220, 209, 149, 136, 149, 214, 221, 212, 199, 212, 214, 193, 208, 199, 149, 212, 219, 209, 149, 214, 221, 212, 199, 212, 214, 193, 208, 199, 143, 243, 220, 219, 209, 243, 220, 199, 198, 193, 246, 221, 220, 217, 209, 250, 211, 246, 217, 212, 198, 198, 157, 149, 151, 253, 192, 216, 212, 219, 218, 220, 209, 151, 149, 156, 149, 220, 211, 149, 221, 192, 216, 212, 219, 218, 220, 209, 149, 193, 221, 208, 219, 149, 221, 192, 216, 212, 219, 218, 220, 209, 155, 226, 212, 217, 222, 230, 197, 208, 208, 209, 149, 136, 149, 132, 131, 149, 208, 219, 209, 149, 208, 219, 209, 149, 208, 219, 209, 149, 200, 156, 149, 229, 217, 212, 204, 208, 199, 225, 212, 215, 143, 241, 199, 218, 197, 209, 218, 194, 219, 157, 206, 149, 225, 220, 193, 217, 208, 149, 136, 149, 151, 230, 197, 208, 208, 209, 149, 225, 204, 197, 208, 151, 153, 149, 227, 212, 217, 192, 208, 198, 149, 136, 149, 206, 149, 151, 246, 243, 199, 212, 216, 208, 151, 153, 149, 151, 226, 212, 217, 222, 230, 197, 208, 208, 209, 151, 149, 200, 153, 149, 227, 212, 217, 192, 208, 149, 136, 149, 151, 246, 243, 199, 212, 216, 208, 151, 153, 149, 246, 212, 217, 217, 215, 212, 214, 222, 149, 136, 149, 211, 192, 219, 214, 193, 220, 218, 219, 157, 227, 212, 217, 192, 208, 156, 149, 234, 242, 155, 230, 208, 193, 193, 220, 219, 210, 198, 155, 198, 197, 208, 208, 209, 248, 218, 209, 208, 149, 136, 149, 227, 212, 217, 192, 208, 149, 220, 211, 149, 227, 212, 217, 192, 208, 149, 136, 136, 149, 151, 246, 243, 199, 212, 216, 208, 151, 149, 193, 221, 208, 219, 149, 217, 218, 214, 212, 217, 149, 214, 221, 212, 199, 212, 214, 193, 208, 199, 149, 136, 149, 197, 217, 212, 204, 208, 199, 155, 246, 221, 212, 199, 212, 214, 193, 208, 199, 149, 217, 218, 214, 212, 217, 149, 221, 192, 216, 212, 219, 218, 220, 209, 149, 136, 149, 214, 221, 212, 199, 212, 214, 193, 208, 199, 149, 212, 219, 209, 149, 214, 221, 212, 199, 212, 214, 193, 208, 199, 143, 243, 220, 219, 209, 243, 220, 199, 198, 193, 246, 221, 220, 217, 209, 250, 211, 246, 217, 212, 198, 198, 157, 149, 151, 253, 192, 216, 212, 219, 218, 220, 209, 151, 149, 156, 149, 220, 211, 149, 221, 192, 216, 212, 219, 218, 220, 209, 149, 193, 221, 208, 219, 149, 221, 192, 216, 212, 219, 218, 220, 209, 155, 226, 212, 217, 222, 230, 197, 208, 208, 209, 149, 136, 149, 132, 131, 149, 208, 219, 209, 149, 208, 219, 209, 149, 208, 219, 209, 149, 200, 156, 149, 229, 217, 212, 204, 208, 199, 225, 212, 215, 143, 241, 199, 218, 197, 209, 218, 194, 219, 157, 206, 149, 225, 220, 193, 217, 208, 149, 136, 149, 151, 230, 197, 208, 208, 209, 149, 227, 212, 217, 192, 208, 151, 153, 149, 227, 212, 217, 192, 208, 198, 149, 136, 149, 206, 149, 151, 135, 128, 151, 153, 149, 151, 128, 133, 151, 153, 149, 151, 130, 128, 151, 153, 149, 151, 132, 133, 133, 151, 153, 149, 151, 132, 128, 133, 151, 153, 149, 151, 135, 133, 133, 151, 149, 200, 153, 149, 227, 212, 217, 192, 208, 149, 136, 149, 151, 128, 133, 151, 153, 149, 246, 212, 217, 217, 215, 212, 214, 222, 149, 136, 149, 211, 192, 219, 214, 193, 220, 218, 219, 157, 227, 212, 217, 192, 208, 156, 149, 234, 242, 155, 230, 208, 193, 193, 220, 219, 210, 198, 155, 198, 197, 208, 208, 209, 227, 212, 217, 192, 208, 149, 136, 149, 193, 218, 219, 192, 216, 215, 208, 199, 157, 227, 212, 217, 192, 208, 156, 149, 218, 199, 149, 128, 133, 149, 208, 219, 209, 149, 200, 156, 149, 229, 217, 212, 204, 208, 199, 225, 212, 215, 143, 230, 208, 214, 193, 220, 218, 219, 157, 206, 149, 225, 220, 193, 217, 208, 149, 136, 149, 151, 252, 219, 211, 220, 219, 220, 193, 208, 149, 255, 192, 216, 197, 151, 153, 149, 252, 214, 218, 219, 149, 136, 149, 151, 216, 218, 195, 208, 152, 192, 197, 151, 153, 149, 250, 197, 208, 219, 208, 209, 149, 136, 149, 211, 212, 217, 198, 208, 153, 149, 241, 208, 198, 214, 149, 136, 149, 151, 151, 149, 200, 156, 149, 229, 217, 212, 204, 208, 199, 225, 212, 215, 143, 225, 218, 210, 210, 217, 208, 157, 206, 149, 225, 220, 193, 217, 208, 149, 136, 149, 151, 252, 219, 211, 220, 219, 220, 193, 208, 149, 255, 192, 216, 197, 151, 153, 149, 241, 208, 211, 212, 192, 217, 193, 149, 136, 149, 211, 212, 217, 198, 208, 153, 149, 246, 212, 217, 217, 215, 212, 214, 222, 149, 136, 149, 211, 192, 219, 214, 193, 220, 218, 219, 157, 227, 212, 217, 192, 208, 156, 149, 234, 242, 155, 230, 208, 193, 193, 220, 219, 210, 198, 155, 220, 219, 211, 255, 192, 216, 197, 149, 136, 149, 227, 212, 217, 192, 208, 149, 208, 219, 209, 149, 200, 156, 149, 217, 218, 214, 212, 217, 149, 251, 229, 246, 225, 212, 215, 149, 136, 149, 226, 220, 219, 209, 218, 194, 143, 225, 212, 215, 157, 206, 149, 225, 220, 193, 217, 208, 149, 136, 149, 151, 244, 220, 216, 149, 251, 229, 246, 151, 153, 149, 252, 214, 218, 219, 149, 136, 149, 151, 214, 199, 218, 198, 198, 221, 212, 220, 199, 151, 153, 149, 250, 197, 208, 219, 208, 209, 149, 136, 149, 211, 212, 217, 198, 208, 149, 200, 156, 149, 251, 229, 246, 225, 212, 215, 143, 230, 208, 214, 193, 220, 218, 219, 157, 206, 149, 225, 220, 193, 217, 208, 149, 136, 149, 151, 251, 208, 212, 199, 208, 198, 193, 149, 251, 229, 246, 149, 244, 220, 216, 151, 153, 149, 252, 214, 218, 219, 149, 136, 149, 151, 214, 199, 218, 198, 198, 221, 212, 220, 199, 151, 153, 149, 250, 197, 208, 219, 208, 209, 149, 136, 149, 211, 212, 217, 198, 208, 153, 149, 241, 208, 198, 214, 149, 136, 149, 151, 244, 220, 216, 149, 218, 219, 217, 204, 149, 212, 193, 149, 193, 221, 208, 149, 214, 217, 218, 198, 208, 198, 193, 149, 195, 212, 217, 220, 209, 149, 251, 229, 246, 149, 211, 199, 218, 216, 149, 193, 221, 208, 149, 214, 218, 219, 211, 220, 210, 192, 199, 208, 209, 149, 251, 229, 246, 149, 211, 218, 217, 209, 208, 199, 198, 155, 151, 149, 200, 156, 149, 251, 229, 246, 225, 212, 215, 143, 225, 218, 210, 210, 217, 208, 157, 206, 149, 225, 220, 193, 217, 208, 149, 136, 149, 151, 244, 220, 216, 251, 208, 212, 199, 208, 198, 193, 251, 197, 214, 151, 153, 149, 241, 208, 211, 212, 192, 217, 193, 149, 136, 149, 211, 212, 217, 198, 208, 153, 149, 246, 212, 217, 217, 215, 212, 214, 222, 149, 136, 149, 211, 192, 219, 214, 193, 220, 218, 219, 157, 227, 212, 217, 192, 208, 156, 149, 234, 242, 155, 230, 208, 193, 193, 220, 219, 210, 198, 155, 212, 220, 216, 251, 229, 246, 149, 136, 149, 227, 212, 217, 192, 208, 149, 208, 219, 209, 149, 200, 156, 149, 251, 229, 246, 225, 212, 215, 143, 230, 217, 220, 209, 208, 199, 157, 206, 149, 225, 220, 193, 217, 208, 149, 136, 149, 151, 251, 229, 246, 149, 244, 220, 216, 149, 241, 220, 198, 193, 212, 219, 214, 208, 151, 153, 149, 227, 212, 217, 192, 208, 149, 136, 149, 206, 149, 248, 220, 219, 149, 136, 149, 128, 133, 153, 149, 248, 212, 205, 149, 136, 149, 132, 133, 133, 133, 153, 149, 241, 208, 211, 212, 192, 217, 193, 149, 136, 149, 135, 133, 133, 149, 200, 153, 149, 230, 193, 208, 197, 149, 136, 149, 132, 153, 149, 246, 212, 217, 217, 215, 212, 214, 222, 149, 136, 149, 211, 192, 219, 214, 193, 220, 218, 219, 157, 227, 212, 217, 192, 208, 156, 149, 234, 242, 155, 230, 208, 193, 193, 220, 219, 210, 198, 155, 212, 220, 216, 251, 229, 246, 241, 220, 198, 193, 212, 219, 214, 208, 149, 136, 149, 227, 212, 217, 192, 208, 149, 208, 219, 209, 149, 200, 156, 149, 217, 218, 214, 212, 217, 149, 244, 219, 193, 220, 249, 212, 210, 225, 212, 215, 149, 136, 149, 226, 220, 219, 209, 218, 194, 143, 225, 212, 215, 157, 206, 149, 225, 220, 193, 217, 208, 149, 136, 149, 151, 244, 219, 193, 220, 149, 249, 212, 210, 151, 153, 149, 252, 214, 218, 219, 149, 136, 149, 151, 207, 212, 197, 151, 153, 149, 250, 197, 208, 219, 208, 209, 149, 136, 149, 211, 212, 217, 198, 208, 149, 200, 156, 149, 244, 219, 193, 220, 249, 212, 210, 225, 212, 215, 143, 230, 208, 214, 193, 220, 218, 219, 157, 206, 149, 225, 220, 193, 217, 208, 149, 136, 149, 151, 227, 220, 198, 192, 212, 217, 149, 229, 208, 199, 211, 218, 199, 216, 212, 219, 214, 208, 151, 153, 149, 252, 214, 218, 219, 149, 136, 149, 151, 207, 212, 197, 151, 153, 149, 250, 197, 208, 219, 208, 209, 149, 136, 149, 211, 212, 217, 198, 208, 153, 149, 241, 208, 198, 214, 149, 136, 149, 151, 151, 149, 200, 156, 149, 217, 218, 214, 212, 217, 149, 212, 219, 193, 220, 249, 212, 210, 246, 212, 214, 221, 208, 149, 136, 149, 206, 200, 149, 217, 218, 214, 212, 217, 149, 199, 208, 216, 218, 195, 208, 209, 225, 199, 208, 208, 246, 221, 220, 217, 209, 199, 208, 219, 149, 136, 149, 206, 200, 149, 217, 218, 214, 212, 217, 149, 212, 219, 193, 220, 249, 212, 210, 246, 218, 219, 219, 208, 214, 193, 220, 218, 219, 149, 136, 149, 219, 220, 217, 149, 217, 218, 214, 212, 217, 149, 211, 192, 219, 214, 193, 220, 218, 219, 149, 230, 212, 195, 208, 244, 219, 209, 230, 208, 193, 157, 220, 219, 198, 193, 212, 219, 214, 208, 153, 149, 197, 199, 218, 197, 208, 199, 193, 204, 153, 149, 195, 212, 217, 192, 208, 156, 149, 220, 211, 149, 219, 218, 193, 149, 212, 219, 193, 220, 249, 212, 210, 246, 212, 214, 221, 208, 238, 220, 219, 198, 193, 212, 219, 214, 208, 232, 149, 193, 221, 208, 219, 149, 212, 219, 193, 220, 249, 212, 210, 246, 212, 214, 221, 208, 238, 220, 219, 198, 193, 212, 219, 214, 208, 232, 149, 136, 149, 206, 200, 149, 208, 219, 209, 149, 220, 211, 149, 212, 219, 193, 220, 249, 212, 210, 246, 212, 214, 221, 208, 238, 220, 219, 198, 193, 212, 219, 214, 208, 232, 238, 197, 199, 218, 197, 208, 199, 193, 204, 232, 149, 136, 136, 149, 219, 220, 217, 149, 193, 221, 208, 219, 149, 217, 218, 214, 212, 217, 149, 198, 192, 214, 214, 208, 198, 198, 153, 149, 218, 199, 220, 210, 220, 219, 212, 217, 149, 136, 149, 197, 214, 212, 217, 217, 157, 211, 192, 219, 214, 193, 220, 218, 219, 157, 156, 149, 199, 208, 193, 192, 199, 219, 149, 220, 219, 198, 193, 212, 219, 214, 208, 238, 197, 199, 218, 197, 208, 199, 193, 204, 232, 149, 208, 219, 209, 156, 149, 220, 211, 149, 198, 192, 214, 214, 208, 198, 198, 149, 193, 221, 208, 219, 149, 212, 219, 193, 220, 249, 212, 210, 246, 212, 214, 221, 208, 238, 220, 219, 198, 193, 212, 219, 214, 208, 232, 238, 197, 199, 218, 197, 208, 199, 193, 204, 232, 149, 136, 149, 218, 199, 220, 210, 220, 219, 212, 217, 149, 208, 219, 209, 149, 208, 219, 209, 149, 197, 214, 212, 217, 217, 157, 211, 192, 219, 214, 193, 220, 218, 219, 157, 156, 149, 220, 219, 198, 193, 212, 219, 214, 208, 238, 197, 199, 218, 197, 208, 199, 193, 204, 232, 149, 136, 149, 195, 212, 217, 192, 208, 149, 208, 219, 209, 156, 149, 208, 219, 209, 149, 217, 218, 214, 212, 217, 149, 211, 192, 219, 214, 193, 220, 218, 219, 149, 252, 198, 229, 199, 218, 193, 208, 214, 193, 208, 209, 254, 208, 219, 253, 212, 222, 220, 250, 215, 223, 208, 214, 193, 157, 220, 219, 198, 193, 212, 219, 214, 208, 156, 149, 220, 211, 149, 219, 218, 193, 149, 220, 219, 198, 193, 212, 219, 214, 208, 149, 193, 221, 208, 219, 149, 199, 208, 193, 192, 199, 219, 149, 193, 199, 192, 208, 149, 208, 219, 209, 149, 220, 211, 149, 220, 219, 198, 193, 212, 219, 214, 208, 143, 252, 198, 244, 157, 151, 247, 220, 217, 217, 215, 218, 212, 199, 209, 242, 192, 220, 151, 156, 149, 218, 199, 149, 220, 219, 198, 193, 212, 219, 214, 208, 143, 252, 198, 244, 157, 151, 225, 208, 205, 193, 249, 212, 215, 208, 217, 151, 156, 149, 218, 199, 149, 220, 219, 198, 193, 212, 219, 214, 208, 143, 252, 198, 244, 157, 151, 225, 208, 205, 193, 247, 192, 193, 193, 218, 219, 151, 156, 149, 218, 199, 149, 220, 219, 198, 193, 212, 219, 214, 208, 143, 252, 198, 244, 157, 151, 253, 220, 210, 221, 217, 220, 210, 221, 193, 151, 156, 149, 218, 199, 149, 220, 219, 198, 193, 212, 219, 214, 208, 143, 252, 198, 244, 157, 151, 230, 208, 217, 208, 214, 193, 220, 218, 219, 247, 218, 205, 151, 156, 149, 193, 221, 208, 219, 149, 220, 211, 149, 252, 198, 246, 221, 212, 199, 212, 214, 193, 208, 199, 248, 218, 209, 208, 217, 157, 220, 219, 198, 193, 212, 219, 214, 208, 156, 149, 193, 221, 208, 219, 149, 199, 208, 193, 192, 199, 219, 149, 193, 199, 192, 208, 149, 208, 219, 209, 149, 208, 219, 209, 149, 199, 208, 193, 192, 199, 219, 149, 211, 212, 217, 198, 208, 149, 208, 219, 209, 149, 217, 218, 214, 212, 217, 149, 211, 192, 219, 214, 193, 220, 218, 219, 149, 250, 197, 193, 220, 216, 220, 207, 208, 227, 220, 198, 192, 212, 217, 157, 220, 219, 198, 193, 212, 219, 214, 208, 156, 149, 220, 211, 149, 252, 198, 229, 199, 218, 193, 208, 214, 193, 208, 209, 254, 208, 219, 253, 212, 222, 220, 250, 215, 223, 208, 214, 193, 157, 220, 219, 198, 193, 212, 219, 214, 208, 156, 149, 193, 221, 208, 219, 149, 199, 208, 193, 192, 199, 219, 149, 208, 219, 209, 149, 220, 211, 149, 220, 219, 198, 193, 212, 219, 214, 208, 143, 252, 198, 244, 157, 151, 229, 212, 199, 193, 220, 214, 217, 208, 240, 216, 220, 193, 193, 208, 199, 151, 156, 149, 193, 221, 208, 219, 149, 230, 212, 195, 208, 244, 219, 209, 230, 208, 193, 157, 149, 220, 219, 198, 193, 212, 219, 214, 208, 153, 149, 151, 231, 212, 193, 208, 151, 153, 149, 216, 212, 193, 221, 155, 216, 220, 219, 157, 149, 220, 219, 198, 193, 212, 219, 214, 208, 155, 231, 212, 193, 208, 153, 149, 134, 149, 156, 149, 156, 149, 230, 212, 195, 208, 244, 219, 209, 230, 208, 193, 157, 149, 220, 219, 198, 193, 212, 219, 214, 208, 153, 149, 151, 249, 220, 211, 208, 193, 220, 216, 208, 151, 153, 149, 251, 192, 216, 215, 208, 199, 231, 212, 219, 210, 208, 155, 219, 208, 194, 157, 149, 133, 155, 133, 128, 153, 149, 133, 155, 132, 128, 149, 156, 149, 156, 149, 230, 212, 195, 208, 244, 219, 209, 230, 208, 193, 157, 149, 220, 219, 198, 193, 212, 219, 214, 208, 153, 149, 151, 249, 220, 210, 221, 193, 240, 216, 220, 198, 198, 220, 218, 219, 151, 153, 149, 133, 149, 156, 149, 230, 212, 195, 208, 244, 219, 209, 230, 208, 193, 157, 149, 220, 219, 198, 193, 212, 219, 214, 208, 153, 149, 151, 249, 220, 210, 221, 193, 252, 219, 211, 217, 192, 208, 219, 214, 208, 151, 153, 149, 132, 149, 156, 149, 208, 217, 198, 208, 220, 211, 149, 220, 219, 198, 193, 212, 219, 214, 208, 143, 252, 198, 244, 157, 151, 225, 199, 212, 220, 217, 151, 156, 149, 193, 221, 208, 219, 149, 230, 212, 195, 208, 244, 219, 209, 230, 208, 193, 157, 149, 220, 219, 198, 193, 212, 219, 214, 208, 153, 149, 151, 249, 220, 211, 208, 193, 220, 216, 208, 151, 153, 149, 216, 212, 193, 221, 155, 216, 220, 219, 157, 149, 220, 219, 198, 193, 212, 219, 214, 208, 155, 249, 220, 211, 208, 193, 220, 216, 208, 153, 149, 133, 155, 133, 128, 149, 156, 149, 156, 149, 208, 217, 198, 208, 220, 211, 149, 220, 219, 198, 193, 212, 219, 214, 208, 143, 252, 198, 244, 157, 151, 247, 208, 212, 216, 151, 156, 149, 193, 221, 208, 219, 149, 230, 212, 195, 208, 244, 219, 209, 230, 208, 193, 157, 149, 220, 219, 198, 193, 212, 219, 214, 208, 153, 149, 151, 230, 208, 210, 216, 208, 219, 193, 198, 151, 153, 149, 132, 149, 156, 149, 208, 217, 198, 208, 220, 211, 149, 220, 219, 198, 193, 212, 219, 214, 208, 143, 252, 198, 244, 157, 151, 229, 218, 220, 219, 193, 249, 220, 210, 221, 193, 151, 156, 149, 218, 199, 149, 220, 219, 198, 193, 212, 219, 214, 208, 143, 252, 198, 244, 157, 151, 230, 197, 218, 193, 249, 220, 210, 221, 193, 151, 156, 149, 218, 199, 149, 220, 219, 198, 193, 212, 219, 214, 208, 143, 252, 198, 244, 157, 151, 230, 192, 199, 211, 212, 214, 208, 249, 220, 210, 221, 193, 151, 156, 149, 193, 221, 208, 219, 149, 230, 212, 195, 208, 244, 219, 209, 230, 208, 193, 157, 149, 220, 219, 198, 193, 212, 219, 214, 208, 153, 149, 151, 247, 199, 220, 210, 221, 193, 219, 208, 198, 198, 151, 153, 149, 133, 155, 128, 149, 156, 149, 230, 212, 195, 208, 244, 219, 209, 230, 208, 193, 157, 149, 220, 219, 198, 193, 212, 219, 214, 208, 153, 149, 151, 231, 212, 219, 210, 208, 151, 153, 149, 216, 212, 193, 221, 155, 216, 220, 219, 157, 149, 220, 219, 198, 193, 212, 219, 214, 208, 155, 231, 212, 219, 210, 208, 153, 149, 141, 149, 156, 149, 156, 149, 208, 217, 198, 208, 220, 211, 149, 220, 219, 198, 193, 212, 219, 214, 208, 143, 252, 198, 244, 157, 151, 230, 216, 218, 222, 208, 151, 156, 149, 218, 199, 149, 220, 219, 198, 193, 212, 219, 214, 208, 143, 252, 198, 244, 157, 151, 243, 220, 199, 208, 151, 156, 149, 193, 221, 208, 219, 149, 230, 212, 195, 208, 244, 219, 209, 230, 208, 193, 157, 149, 220, 219, 198, 193, 212, 219, 214, 208, 153, 149, 151, 240, 219, 212, 215, 217, 208, 209, 151, 153, 149, 211, 212, 217, 198, 208, 149, 156, 149, 208, 219, 209, 149, 208, 219, 209, 149, 217, 218, 214, 212, 217, 149, 211, 192, 219, 214, 193, 220, 218, 219, 149, 231, 208, 216, 218, 195, 208, 225, 199, 208, 208, 246, 221, 220, 217, 209, 199, 208, 219, 157, 193, 199, 208, 208, 156, 149, 220, 211, 149, 219, 218, 193, 149, 193, 199, 208, 208, 149, 218, 199, 149, 219, 218, 193, 149, 193, 199, 208, 208, 155, 229, 212, 199, 208, 219, 193, 149, 193, 221, 208, 219, 149, 199, 208, 193, 192, 199, 219, 149, 208, 219, 209, 149, 220, 211, 149, 193, 199, 208, 208, 155, 251, 212, 216, 208, 149, 203, 136, 149, 151, 225, 199, 208, 208, 151, 149, 193, 221, 208, 219, 149, 199, 208, 193, 192, 199, 219, 149, 208, 219, 209, 149, 211, 218, 199, 149, 234, 153, 149, 214, 221, 220, 217, 209, 149, 220, 219, 149, 220, 197, 212, 220, 199, 198, 157, 149, 193, 199, 208, 208, 143, 242, 208, 193, 246, 221, 220, 217, 209, 199, 208, 219, 157, 156, 149, 156, 149, 209, 218, 149, 220, 211, 149, 214, 221, 220, 217, 209, 155, 229, 212, 199, 208, 219, 193, 149, 136, 136, 149, 193, 199, 208, 208, 149, 193, 221, 208, 219, 149, 193, 212, 215, 217, 208, 155, 220, 219, 198, 208, 199, 193, 157, 149, 199, 208, 216, 218, 195, 208, 209, 225, 199, 208, 208, 246, 221, 220, 217, 209, 199, 208, 219, 153, 149, 206, 149, 250, 215, 223, 208, 214, 193, 149, 136, 149, 214, 221, 220, 217, 209, 153, 149, 229, 212, 199, 208, 219, 193, 149, 136, 149, 193, 199, 208, 208, 149, 200, 149, 156, 149, 214, 221, 220, 217, 209, 155, 229, 212, 199, 208, 219, 193, 149, 136, 149, 219, 220, 217, 149, 208, 219, 209, 149, 208, 219, 209, 149, 208, 219, 209, 149, 217, 218, 214, 212, 217, 149, 211, 192, 219, 214, 193, 220, 218, 219, 149, 243, 220, 219, 209, 244, 219, 209, 231, 208, 216, 218, 195, 208, 225, 199, 208, 208, 198, 157, 156, 149, 211, 218, 199, 149, 234, 153, 149, 218, 215, 223, 208, 214, 193, 149, 220, 219, 149, 220, 197, 212, 220, 199, 198, 157, 149, 194, 218, 199, 222, 198, 197, 212, 214, 208, 143, 242, 208, 193, 241, 208, 198, 214, 208, 219, 209, 212, 219, 193, 198, 157, 156, 149, 156, 149, 209, 218, 149, 220, 211, 149, 157, 149, 218, 215, 223, 208, 214, 193, 143, 252, 198, 244, 157, 151, 243, 218, 217, 209, 208, 199, 151, 156, 149, 218, 199, 149, 218, 215, 223, 208, 214, 193, 143, 252, 198, 244, 157, 151, 248, 218, 209, 208, 217, 151, 156, 149, 156, 149, 212, 219, 209, 149, 218, 215, 223, 208, 214, 193, 155, 251, 212, 216, 208, 149, 136, 136, 149, 151, 225, 199, 208, 208, 151, 149, 193, 221, 208, 219, 149, 231, 208, 216, 218, 195, 208, 225, 199, 208, 208, 246, 221, 220, 217, 209, 199, 208, 219, 157, 218, 215, 223, 208, 214, 193, 156, 149, 208, 219, 209, 149, 208, 219, 209, 149, 208, 219, 209, 149, 217, 218, 214, 212, 217, 149, 211, 192, 219, 214, 193, 220, 218, 219, 149, 231, 208, 198, 193, 218, 199, 208, 225, 199, 208, 208, 198, 157, 156, 149, 211, 218, 199, 149, 220, 149, 136, 149, 150, 199, 208, 216, 218, 195, 208, 209, 225, 199, 208, 208, 246, 221, 220, 217, 209, 199, 208, 219, 153, 149, 132, 153, 149, 152, 132, 149, 209, 218, 149, 217, 218, 214, 212, 217, 149, 209, 212, 193, 212, 149, 136, 149, 199, 208, 216, 218, 195, 208, 209, 225, 199, 208, 208, 246, 221, 220, 217, 209, 199, 208, 219, 238, 220, 232, 149, 220, 211, 149, 209, 212, 193, 212, 155, 250, 215, 223, 208, 214, 193, 149, 212, 219, 209, 149, 209, 212, 193, 212, 155, 229, 212, 199, 208, 219, 193, 149, 212, 219, 209, 149, 209, 212, 193, 212, 155, 229, 212, 199, 208, 219, 193, 155, 229, 212, 199, 208, 219, 193, 149, 193, 221, 208, 219, 149, 197, 214, 212, 217, 217, 157, 211, 192, 219, 214, 193, 220, 218, 219, 157, 156, 149, 209, 212, 193, 212, 155, 250, 215, 223, 208, 214, 193, 155, 229, 212, 199, 208, 219, 193, 149, 136, 149, 209, 212, 193, 212, 155, 229, 212, 199, 208, 219, 193, 149, 208, 219, 209, 156, 149, 208, 219, 209, 149, 193, 212, 215, 217, 208, 155, 199, 208, 216, 218, 195, 208, 157, 149, 199, 208, 216, 218, 195, 208, 209, 225, 199, 208, 208, 246, 221, 220, 217, 209, 199, 208, 219, 153, 149, 220, 149, 156, 149, 208, 219, 209, 149, 208, 219, 209, 149, 217, 218, 214, 212, 217, 149, 211, 192, 219, 214, 193, 220, 218, 219, 149, 240, 219, 212, 215, 217, 208, 244, 219, 193, 220, 249, 212, 210, 157, 156, 149, 211, 218, 199, 149, 234, 153, 149, 220, 219, 198, 193, 212, 219, 214, 208, 149, 220, 219, 149, 220, 197, 212, 220, 199, 198, 157, 149, 194, 218, 199, 222, 198, 197, 212, 214, 208, 143, 242, 208, 193, 241, 208, 198, 214, 208, 219, 209, 212, 219, 193, 198, 157, 156, 149, 156, 149, 209, 218, 149, 250, 197, 193, 220, 216, 220, 207, 208, 227, 220, 198, 192, 212, 217, 157, 220, 219, 198, 193, 212, 219, 214, 208, 156, 149, 208, 219, 209, 149, 243, 220, 219, 209, 244, 219, 209, 231, 208, 216, 218, 195, 208, 225, 199, 208, 208, 198, 157, 156, 149, 208, 219, 209, 149, 217, 218, 214, 212, 217, 149, 211, 192, 219, 214, 193, 220, 218, 219, 149, 231, 208, 198, 193, 218, 199, 208, 244, 219, 193, 220, 249, 212, 210, 157, 156, 149, 211, 218, 199, 149, 220, 219, 198, 193, 212, 219, 214, 208, 153, 149, 197, 199, 218, 197, 208, 199, 193, 220, 208, 198, 149, 220, 219, 149, 197, 212, 220, 199, 198, 157, 149, 212, 219, 193, 220, 249, 212, 210, 246, 212, 214, 221, 208, 149, 156, 149, 209, 218, 149, 220, 211, 149, 220, 219, 198, 193, 212, 219, 214, 208, 149, 212, 219, 209, 149, 220, 219, 198, 193, 212, 219, 214, 208, 155, 229, 212, 199, 208, 219, 193, 149, 193, 221, 208, 219, 149, 211, 218, 199, 149, 197, 199, 218, 197, 208, 199, 193, 204, 153, 149, 218, 199, 220, 210, 220, 219, 212, 217, 227, 212, 217, 192, 208, 149, 220, 219, 149, 197, 212, 220, 199, 198, 157, 149, 197, 199, 218, 197, 208, 199, 193, 220, 208, 198, 149, 156, 149, 209, 218, 149, 197, 214, 212, 217, 217, 157, 211, 192, 219, 214, 193, 220, 218, 219, 157, 156, 149, 220, 219, 198, 193, 212, 219, 214, 208, 238, 197, 199, 218, 197, 208, 199, 193, 204, 232, 149, 136, 149, 218, 199, 220, 210, 220, 219, 212, 217, 227, 212, 217, 192, 208, 149, 208, 219, 209, 156, 149, 208, 219, 209, 149, 208, 219, 209, 149, 208, 219, 209, 149, 193, 212, 215, 217, 208, 155, 214, 217, 208, 212, 199, 157, 149, 212, 219, 193, 220, 249, 212, 210, 246, 212, 214, 221, 208, 149, 156, 149, 231, 208, 198, 193, 218, 199, 208, 225, 199, 208, 208, 198, 157, 156, 149, 208, 219, 209, 149, 217, 218, 214, 212, 217, 149, 211, 192, 219, 214, 193, 220, 218, 219, 149, 246, 221, 208, 214, 222, 251, 208, 194, 244, 219, 193, 220, 249, 212, 210, 250, 215, 223, 208, 214, 193, 157, 220, 219, 198, 193, 212, 219, 214, 208, 156, 149, 220, 211, 149, 219, 218, 193, 149, 234, 242, 155, 230, 208, 193, 193, 220, 219, 210, 198, 155, 212, 219, 193, 220, 249, 212, 210, 149, 193, 221, 208, 219, 149, 199, 208, 193, 192, 199, 219, 149, 208, 219, 209, 149, 220, 211, 149, 252, 198, 229, 199, 218, 193, 208, 214, 193, 208, 209, 254, 208, 219, 253, 212, 222, 220, 250, 215, 223, 208, 214, 193, 157, 220, 219, 198, 193, 212, 219, 214, 208, 156, 149, 193, 221, 208, 219, 149, 199, 208, 193, 192, 199, 219, 149, 208, 219, 209, 149, 220, 211, 149, 220, 219, 198, 193, 212, 219, 214, 208, 155, 251, 212, 216, 208, 149, 136, 136, 149, 151, 225, 199, 208, 208, 151, 149, 212, 219, 209, 149, 157, 149, 220, 219, 198, 193, 212, 219, 214, 208, 143, 252, 198, 244, 157, 151, 243, 218, 217, 209, 208, 199, 151, 156, 149, 218, 199, 149, 220, 219, 198, 193, 212, 219, 214, 208, 143, 252, 198, 244, 157, 151, 248, 218, 209, 208, 217, 151, 156, 149, 156, 149, 193, 221, 208, 219, 149, 193, 212, 198, 222, 155, 209, 208, 211, 208, 199, 157, 211, 192, 219, 214, 193, 220, 218, 219, 157, 156, 149, 220, 211, 149, 220, 219, 198, 193, 212, 219, 214, 208, 155, 229, 212, 199, 208, 219, 193, 149, 193, 221, 208, 219, 149, 231, 208, 216, 218, 195, 208, 225, 199, 208, 208, 246, 221, 220, 217, 209, 199, 208, 219, 157, 220, 219, 198, 193, 212, 219, 214, 208, 156, 149, 208, 219, 209, 149, 208, 219, 209, 156, 149, 199, 208, 193, 192, 199, 219, 149, 208, 219, 209, 149, 220, 211, 149, 220, 219, 198, 193, 212, 219, 214, 208, 143, 252, 198, 244, 157, 151, 229, 212, 199, 193, 220, 214, 217, 208, 240, 216, 220, 193, 193, 208, 199, 151, 156, 149, 218, 199, 149, 220, 219, 198, 193, 212, 219, 214, 208, 143, 252, 198, 244, 157, 151, 225, 199, 212, 220, 217, 151, 156, 149, 218, 199, 149, 220, 219, 198, 193, 212, 219, 214, 208, 143, 252, 198, 244, 157, 151, 247, 208, 212, 216, 151, 156, 149, 218, 199, 149, 220, 219, 198, 193, 212, 219, 214, 208, 143, 252, 198, 244, 157, 151, 229, 218, 220, 219, 193, 249, 220, 210, 221, 193, 151, 156, 149, 218, 199, 149, 220, 219, 198, 193, 212, 219, 214, 208, 143, 252, 198, 244, 157, 151, 230, 197, 218, 193, 249, 220, 210, 221, 193, 151, 156, 149, 218, 199, 149, 220, 219, 198, 193, 212, 219, 214, 208, 143, 252, 198, 244, 157, 151, 230, 192, 199, 211, 212, 214, 208, 249, 220, 210, 221, 193, 151, 156, 149, 218, 199, 149, 220, 219, 198, 193, 212, 219, 214, 208, 143, 252, 198, 244, 157, 151, 230, 216, 218, 222, 208, 151, 156, 149, 218, 199, 149, 220, 219, 198, 193, 212, 219, 214, 208, 143, 252, 198, 244, 157, 151, 243, 220, 199, 208, 151, 156, 149, 193, 221, 208, 219, 149, 250, 197, 193, 220, 216, 220, 207, 208, 227, 220, 198, 192, 212, 217, 157, 220, 219, 198, 193, 212, 219, 214, 208, 156, 149, 208, 219, 209, 149, 208, 219, 209, 149, 217, 218, 214, 212, 217, 149, 211, 192, 219, 214, 193, 220, 218, 219, 149, 230, 193, 212, 199, 193, 244, 219, 193, 220, 249, 212, 210, 248, 218, 219, 220, 193, 218, 199, 157, 156, 149, 220, 211, 149, 212, 219, 193, 220, 249, 212, 210, 246, 218, 219, 219, 208, 214, 193, 220, 218, 219, 149, 193, 221, 208, 219, 149, 212, 219, 193, 220, 249, 212, 210, 246, 218, 219, 219, 208, 214, 193, 220, 218, 219, 143, 241, 220, 198, 214, 218, 219, 219, 208, 214, 193, 157, 156, 149, 208, 219, 209, 149, 212, 219, 193, 220, 249, 212, 210, 246, 218, 219, 219, 208, 214, 193, 220, 218, 219, 149, 136, 149, 194, 218, 199, 222, 198, 197, 212, 214, 208, 155, 241, 208, 198, 214, 208, 219, 209, 212, 219, 193, 244, 209, 209, 208, 209, 143, 246, 218, 219, 219, 208, 214, 193, 157, 149, 246, 221, 208, 214, 222, 251, 208, 194, 244, 219, 193, 220, 249, 212, 210, 250, 215, 223, 208, 214, 193, 149, 156, 149, 208, 219, 209, 149, 217, 218, 214, 212, 217, 149, 211, 192, 219, 214, 193, 220, 218, 219, 149, 230, 193, 218, 197, 244, 219, 193, 220, 249, 212, 210, 248, 218, 219, 220, 193, 218, 199, 157, 156, 149, 220, 211, 149, 212, 219, 193, 220, 249, 212, 210, 246, 218, 219, 219, 208, 214, 193, 220, 218, 219, 149, 193, 221, 208, 219, 149, 212, 219, 193, 220, 249, 212, 210, 246, 218, 219, 219, 208, 214, 193, 220, 218, 219, 143, 241, 220, 198, 214, 218, 219, 219, 208, 214, 193, 157, 156, 149, 212, 219, 193, 220, 249, 212, 210, 246, 218, 219, 219, 208, 214, 193, 220, 218, 219, 149, 136, 149, 219, 220, 217, 149, 208, 219, 209, 149, 208, 219, 209, 149, 244, 219, 193, 220, 249, 212, 210, 225, 212, 215, 143, 225, 218, 210, 210, 217, 208, 157, 206, 149, 225, 220, 193, 217, 208, 149, 136, 149, 151, 244, 219, 193, 220, 149, 249, 212, 210, 151, 153, 149, 241, 208, 211, 212, 192, 217, 193, 149, 136, 149, 211, 212, 217, 198, 208, 153, 149, 246, 212, 217, 217, 215, 212, 214, 222, 149, 136, 149, 211, 192, 219, 214, 193, 220, 218, 219, 157, 227, 212, 217, 192, 208, 156, 149, 234, 242, 155, 230, 208, 193, 193, 220, 219, 210, 198, 155, 212, 219, 193, 220, 249, 212, 210, 149, 136, 149, 227, 212, 217, 192, 208, 149, 220, 211, 149, 227, 212, 217, 192, 208, 149, 193, 221, 208, 219, 149, 240, 219, 212, 215, 217, 208, 244, 219, 193, 220, 249, 212, 210, 157, 156, 149, 230, 193, 212, 199, 193, 244, 219, 193, 220, 249, 212, 210, 248, 218, 219, 220, 193, 218, 199, 157, 156, 149, 208, 217, 198, 208, 149, 230, 193, 218, 197, 244, 219, 193, 220, 249, 212, 210, 248, 218, 219, 220, 193, 218, 199, 157, 156, 149, 231, 208, 198, 193, 218, 199, 208, 244, 219, 193, 220, 249, 212, 210, 157, 156, 149, 208, 219, 209, 149, 208, 219, 209, 149, 200, 156, 149, 214, 212, 216, 217, 218, 214, 222, 229, 217, 212, 204, 208, 199, 230, 220, 210, 219, 212, 193, 192, 199, 208, 149, 136, 149, 242, 208, 193, 246, 212, 216, 249, 218, 214, 222, 230, 220, 210, 219, 212, 193, 192, 199, 208, 157, 156, 149, 193, 212, 198, 222, 155, 198, 197, 212, 194, 219, 157, 211, 192, 219, 214, 193, 220, 218, 219, 157, 156, 149, 194, 221, 220, 217, 208, 149, 193, 199, 192, 208, 149, 209, 218, 149, 217, 218, 214, 212, 217, 149, 220, 219, 193, 208, 219, 198, 220, 193, 204, 149, 136, 149, 216, 212, 193, 221, 155, 214, 217, 212, 216, 197, 157, 149, 193, 218, 219, 192, 216, 215, 208, 199, 157, 149, 242, 208, 193, 230, 208, 193, 193, 220, 219, 210, 157, 149, 151, 214, 212, 216, 217, 218, 214, 222, 252, 219, 193, 208, 219, 198, 220, 193, 204, 151, 149, 156, 149, 156, 149, 218, 199, 149, 128, 153, 149, 132, 153, 149, 135, 133, 149, 156, 149, 217, 218, 214, 212, 217, 149, 220, 219, 193, 208, 199, 195, 212, 217, 149, 220, 211, 149, 220, 219, 193, 208, 219, 198, 220, 193, 204, 149, 137, 136, 149, 132, 149, 193, 221, 208, 219, 149, 220, 219, 193, 208, 199, 195, 212, 217, 149, 136, 149, 133, 155, 133, 132, 149, 208, 217, 198, 208, 149, 220, 219, 193, 208, 199, 195, 212, 217, 149, 136, 149, 133, 155, 132, 129, 149, 152, 149, 157, 149, 157, 220, 219, 193, 208, 219, 198, 220, 193, 204, 149, 152, 149, 132, 156, 149, 159, 149, 133, 155, 133, 133, 134, 149, 156, 149, 220, 219, 193, 208, 199, 195, 212, 217, 149, 136, 149, 216, 212, 193, 221, 155, 216, 212, 205, 157, 220, 219, 193, 208, 199, 195, 212, 217, 153, 149, 133, 155, 133, 141, 156, 149, 220, 211, 149, 222, 208, 219, 253, 212, 222, 220, 249, 218, 212, 209, 149, 193, 221, 208, 219, 149, 220, 219, 193, 208, 199, 195, 212, 217, 149, 136, 149, 216, 212, 193, 221, 155, 216, 212, 205, 157, 220, 219, 193, 208, 199, 195, 212, 217, 153, 149, 133, 155, 132, 135, 156, 149, 208, 219, 209, 149, 208, 219, 209, 149, 193, 212, 198, 222, 155, 194, 212, 220, 193, 157, 220, 219, 193, 208, 199, 195, 212, 217, 156, 149, 220, 211, 149, 219, 218, 193, 149, 242, 208, 193, 230, 208, 193, 193, 220, 219, 210, 157, 151, 214, 212, 216, 217, 218, 214, 222, 151, 156, 149, 193, 221, 208, 219, 149, 234, 242, 155, 246, 192, 199, 199, 208, 219, 193, 225, 212, 199, 210, 208, 193, 149, 136, 149, 219, 220, 217, 149, 214, 218, 219, 193, 220, 219, 192, 208, 149, 208, 219, 209, 149, 224, 197, 209, 212, 193, 208, 246, 212, 216, 249, 218, 214, 222, 225, 212, 199, 210, 208, 193, 157, 156, 149, 208, 219, 209, 149, 208, 219, 209, 156, 149, 193, 212, 198, 222, 155, 198, 197, 212, 194, 219, 157, 211, 192, 219, 214, 193, 220, 218, 219, 157, 156, 149, 217, 218, 214, 212, 217, 149, 198, 192, 214, 214, 208, 198, 198, 153, 149, 246, 217, 212, 198, 198, 220, 214, 246, 212, 216, 208, 199, 212, 149, 136, 149, 197, 214, 212, 217, 217, 157, 211, 192, 219, 214, 193, 220, 218, 219, 157, 156, 149, 217, 218, 214, 212, 217, 149, 229, 217, 212, 204, 208, 199, 230, 214, 199, 220, 197, 193, 198, 149, 136, 149, 197, 217, 212, 204, 208, 199, 143, 226, 212, 220, 193, 243, 218, 199, 246, 221, 220, 217, 209, 157, 149, 151, 229, 217, 212, 204, 208, 199, 230, 214, 199, 220, 197, 193, 198, 151, 149, 156, 149, 217, 218, 214, 212, 217, 149, 229, 217, 212, 204, 208, 199, 248, 218, 209, 192, 217, 208, 149, 136, 149, 229, 217, 212, 204, 208, 199, 230, 214, 199, 220, 197, 193, 198, 143, 226, 212, 220, 193, 243, 218, 199, 246, 221, 220, 217, 209, 157, 149, 151, 229, 217, 212, 204, 208, 199, 248, 218, 209, 192, 217, 208, 151, 149, 156, 149, 217, 218, 214, 212, 217, 149, 246, 212, 216, 208, 199, 212, 248, 218, 209, 192, 217, 208, 149, 136, 149, 229, 217, 212, 204, 208, 199, 248, 218, 209, 192, 217, 208, 143, 226, 212, 220, 193, 243, 218, 199, 246, 221, 220, 217, 209, 157, 149, 151, 246, 212, 216, 208, 199, 212, 248, 218, 209, 192, 217, 208, 151, 149, 156, 149, 217, 218, 214, 212, 217, 149, 246, 217, 212, 198, 198, 220, 214, 246, 212, 216, 208, 199, 212, 248, 218, 209, 192, 217, 208, 149, 136, 149, 246, 212, 216, 208, 199, 212, 248, 218, 209, 192, 217, 208, 143, 226, 212, 220, 193, 243, 218, 199, 246, 221, 220, 217, 209, 157, 149, 151, 246, 217, 212, 198, 198, 220, 214, 246, 212, 216, 208, 199, 212, 151, 149, 156, 149, 199, 208, 193, 192, 199, 219, 149, 199, 208, 196, 192, 220, 199, 208, 157, 149, 246, 217, 212, 198, 198, 220, 214, 246, 212, 216, 208, 199, 212, 248, 218, 209, 192, 217, 208, 149, 156, 149, 208, 219, 209, 156, 149, 220, 211, 149, 219, 218, 193, 149, 198, 192, 214, 214, 208, 198, 198, 149, 218, 199, 149, 193, 204, 197, 208, 157, 246, 217, 212, 198, 198, 220, 214, 246, 212, 216, 208, 199, 212, 156, 149, 203, 136, 149, 151, 193, 212, 215, 217, 208, 151, 149, 218, 199, 149, 193, 204, 197, 208, 157, 246, 217, 212, 198, 198, 220, 214, 246, 212, 216, 208, 199, 212, 155, 224, 197, 209, 212, 193, 208, 156, 149, 203, 136, 149, 151, 211, 192, 219, 214, 193, 220, 218, 219, 151, 149, 193, 221, 208, 219, 149, 199, 208, 193, 192, 199, 219, 149, 208, 219, 209, 149, 220, 211, 149, 246, 217, 212, 198, 198, 220, 214, 246, 212, 216, 208, 199, 212, 155, 234, 234, 227, 204, 199, 220, 218, 219, 246, 212, 216, 249, 218, 214, 222, 149, 193, 221, 208, 219, 149, 199, 208, 193, 192, 199, 219, 149, 208, 219, 209, 149, 246, 217, 212, 198, 198, 220, 214, 246, 212, 216, 208, 199, 212, 155, 234, 234, 227, 204, 199, 220, 218, 219, 246, 212, 216, 249, 218, 214, 222, 149, 136, 149, 193, 199, 192, 208, 149, 217, 218, 214, 212, 217, 149, 250, 199, 220, 210, 220, 219, 212, 217, 224, 197, 209, 212, 193, 208, 149, 136, 149, 246, 217, 212, 198, 198, 220, 214, 246, 212, 216, 208, 199, 212, 155, 224, 197, 209, 212, 193, 208, 149, 246, 217, 212, 198, 198, 220, 214, 246, 212, 216, 208, 199, 212, 155, 224, 197, 209, 212, 193, 208, 149, 136, 149, 211, 192, 219, 214, 193, 220, 218, 219, 157, 198, 208, 217, 211, 153, 149, 209, 193, 153, 149, 155, 155, 155, 156, 149, 220, 211, 149, 234, 242, 155, 230, 208, 193, 193, 220, 219, 210, 198, 155, 214, 212, 216, 217, 218, 214, 222, 149, 193, 221, 208, 219, 149, 198, 208, 217, 211, 155, 217, 212, 198, 193, 224, 198, 208, 199, 229, 212, 219, 246, 212, 216, 208, 199, 212, 149, 136, 149, 193, 220, 214, 222, 157, 156, 149, 208, 219, 209, 149, 217, 218, 214, 212, 217, 149, 214, 211, 153, 149, 211, 218, 214, 192, 198, 149, 136, 149, 250, 199, 220, 210, 220, 219, 212, 217, 224, 197, 209, 212, 193, 208, 157, 149, 198, 208, 217, 211, 153, 149, 209, 193, 153, 149, 155, 155, 155, 149, 156, 149, 220, 211, 149, 219, 218, 193, 149, 234, 242, 155, 230, 208, 193, 193, 220, 219, 210, 198, 155, 214, 212, 216, 217, 218, 214, 222, 149, 193, 221, 208, 219, 149, 199, 208, 193, 192, 199, 219, 149, 214, 211, 153, 149, 211, 218, 214, 192, 198, 149, 208, 219, 209, 149, 217, 218, 214, 212, 217, 149, 193, 212, 199, 210, 208, 193, 149, 136, 149, 234, 242, 155, 246, 192, 199, 199, 208, 219, 193, 225, 212, 199, 210, 208, 193, 149, 220, 211, 149, 219, 218, 193, 149, 193, 212, 199, 210, 208, 193, 149, 193, 221, 208, 219, 149, 199, 208, 193, 192, 199, 219, 149, 214, 211, 153, 149, 211, 218, 214, 192, 198, 149, 208, 219, 209, 149, 217, 218, 214, 212, 217, 149, 221, 199, 197, 149, 136, 149, 193, 212, 199, 210, 208, 193, 143, 243, 220, 219, 209, 243, 220, 199, 198, 193, 246, 221, 220, 217, 209, 157, 149, 151, 253, 192, 216, 212, 219, 218, 220, 209, 231, 218, 218, 193, 229, 212, 199, 193, 151, 149, 156, 149, 217, 218, 214, 212, 217, 149, 221, 192, 216, 212, 219, 218, 220, 209, 149, 136, 149, 193, 212, 199, 210, 208, 193, 143, 243, 220, 219, 209, 243, 220, 199, 198, 193, 246, 221, 220, 217, 209, 250, 211, 246, 217, 212, 198, 198, 157, 149, 151, 253, 192, 216, 212, 219, 218, 220, 209, 151, 149, 156, 149, 220, 211, 149, 219, 218, 193, 149, 221, 199, 197, 149, 218, 199, 149, 219, 218, 193, 149, 221, 192, 216, 212, 219, 218, 220, 209, 149, 218, 199, 149, 221, 192, 216, 212, 219, 218, 220, 209, 155, 253, 208, 212, 217, 193, 221, 149, 137, 136, 149, 133, 149, 193, 221, 208, 219, 149, 199, 208, 193, 192, 199, 219, 149, 214, 211, 153, 149, 211, 218, 214, 192, 198, 149, 208, 219, 209, 149, 217, 218, 214, 212, 217, 149, 221, 208, 212, 209, 149, 136, 149, 193, 212, 199, 210, 208, 193, 143, 243, 220, 219, 209, 243, 220, 199, 198, 193, 246, 221, 220, 217, 209, 157, 149, 151, 253, 208, 212, 209, 151, 149, 156, 149, 217, 218, 214, 212, 217, 149, 193, 212, 199, 210, 208, 193, 229, 218, 198, 220, 193, 220, 218, 219, 149, 220, 211, 149, 221, 208, 212, 209, 149, 193, 221, 208, 219, 149, 193, 212, 199, 210, 208, 193, 229, 218, 198, 220, 193, 220, 218, 219, 149, 136, 149, 221, 208, 212, 209, 155, 229, 218, 198, 220, 193, 220, 218, 219, 149, 208, 217, 198, 208, 149, 193, 212, 199, 210, 208, 193, 229, 218, 198, 220, 193, 220, 218, 219, 149, 136, 149, 221, 199, 197, 155, 229, 218, 198, 220, 193, 220, 218, 219, 149, 158, 149, 227, 208, 214, 193, 218, 199, 134, 155, 219, 208, 194, 157, 149, 133, 153, 149, 132, 155, 141, 153, 149, 133, 149, 156, 149, 208, 219, 209, 149, 217, 218, 214, 212, 217, 149, 195, 208, 217, 218, 214, 220, 193, 204, 149, 136, 149, 221, 199, 197, 155, 244, 198, 198, 208, 216, 215, 217, 204, 249, 220, 219, 208, 212, 199, 227, 208, 217, 218, 214, 220, 193, 204, 149, 220, 211, 149, 195, 208, 217, 218, 214, 220, 193, 204, 155, 248, 212, 210, 219, 220, 193, 192, 209, 208, 149, 139, 149, 128, 149, 193, 221, 208, 219, 149, 193, 212, 199, 210, 208, 193, 229, 218, 198, 220, 193, 220, 218, 219, 149, 136, 149, 193, 212, 199, 210, 208, 193, 229, 218, 198, 220, 193, 220, 218, 219, 149, 158, 149, 195, 208, 217, 218, 214, 220, 193, 204, 149, 159, 149, 133, 155, 133, 141, 149, 208, 219, 209, 149, 214, 211, 149, 136, 149, 246, 243, 199, 212, 216, 208, 155, 217, 218, 218, 222, 244, 193, 157, 149, 214, 211, 155, 229, 218, 198, 220, 193, 220, 218, 219, 153, 149, 193, 212, 199, 210, 208, 193, 229, 218, 198, 220, 193, 220, 218, 219, 149, 156, 149, 199, 208, 193, 192, 199, 219, 149, 214, 211, 153, 149, 211, 218, 214, 192, 198, 149, 208, 219, 209, 149, 208, 219, 209, 156, 149, 193, 212, 198, 222, 155, 198, 197, 212, 194, 219, 157, 211, 192, 219, 214, 193, 220, 218, 219, 157, 156, 149, 194, 221, 220, 217, 208, 149, 193, 212, 198, 222, 155, 194, 212, 220, 193, 157, 133, 155, 133, 128, 156, 149, 209, 218, 149, 220, 211, 149, 219, 218, 193, 149, 242, 208, 193, 230, 208, 193, 193, 220, 219, 210, 157, 149, 151, 193, 208, 217, 208, 197, 218, 199, 193, 229, 217, 212, 204, 208, 199, 151, 149, 156, 149, 193, 221, 208, 219, 149, 214, 218, 219, 193, 220, 219, 192, 208, 149, 208, 219, 209, 149, 220, 211, 149, 193, 208, 217, 208, 197, 218, 199, 193, 230, 208, 217, 208, 214, 193, 208, 209, 229, 217, 212, 204, 208, 199, 149, 136, 136, 149, 151, 151, 149, 218, 199, 149, 193, 208, 217, 208, 197, 218, 199, 193, 230, 208, 217, 208, 214, 193, 208, 209, 229, 217, 212, 204, 208, 199, 149, 136, 136, 149, 151, 251, 218, 149, 241, 212, 193, 212, 151, 149, 193, 221, 208, 219, 149, 214, 218, 219, 193, 220, 219, 192, 208, 149, 208, 219, 209, 149, 217, 218, 214, 212, 217, 149, 193, 212, 199, 210, 208, 193, 229, 217, 212, 204, 208, 199, 149, 136, 149, 229, 217, 212, 204, 208, 199, 198, 143, 243, 220, 219, 209, 243, 220, 199, 198, 193, 246, 221, 220, 217, 209, 157, 149, 193, 208, 217, 208, 197, 218, 199, 193, 230, 208, 217, 208, 214, 193, 208, 209, 229, 217, 212, 204, 208, 199, 149, 156, 149, 220, 211, 149, 219, 218, 193, 149, 193, 212, 199, 210, 208, 193, 229, 217, 212, 204, 208, 199, 149, 193, 221, 208, 219, 149, 214, 218, 219, 193, 220, 219, 192, 208, 149, 208, 219, 209, 149, 217, 218, 214, 212, 217, 149, 193, 212, 199, 210, 208, 193, 246, 221, 212, 199, 212, 214, 193, 208, 199, 149, 136, 149, 193, 212, 199, 210, 208, 193, 229, 217, 212, 204, 208, 199, 155, 246, 221, 212, 199, 212, 214, 193, 208, 199, 149, 217, 218, 214, 212, 217, 149, 216, 204, 246, 221, 212, 199, 212, 214, 193, 208, 199, 149, 136, 149, 197, 217, 212, 204, 208, 199, 155, 246, 221, 212, 199, 212, 214, 193, 208, 199, 149, 220, 211, 149, 219, 218, 193, 149, 193, 212, 199, 210, 208, 193, 246, 221, 212, 199, 212, 214, 193, 208, 199, 149, 218, 199, 149, 219, 218, 193, 149, 216, 204, 246, 221, 212, 199, 212, 214, 193, 208, 199, 149, 193, 221, 208, 219, 149, 214, 218, 219, 193, 220, 219, 192, 208, 149, 208, 219, 209, 149, 217, 218, 214, 212, 217, 149, 193, 212, 199, 210, 208, 193, 253, 231, 229, 149, 136, 149, 193, 212, 199, 210, 208, 193, 246, 221, 212, 199, 212, 214, 193, 208, 199, 143, 243, 220, 219, 209, 243, 220, 199, 198, 193, 246, 221, 220, 217, 209, 157, 149, 151, 253, 192, 216, 212, 219, 218, 220, 209, 231, 218, 218, 193, 229, 212, 199, 193, 151, 149, 156, 149, 217, 218, 214, 212, 217, 149, 216, 204, 253, 231, 229, 149, 136, 149, 216, 204, 246, 221, 212, 199, 212, 214, 193, 208, 199, 143, 243, 220, 219, 209, 243, 220, 199, 198, 193, 246, 221, 220, 217, 209, 157, 149, 151, 253, 192, 216, 212, 219, 218, 220, 209, 231, 218, 218, 193, 229, 212, 199, 193, 151, 149, 156, 149, 217, 218, 214, 212, 217, 149, 221, 192, 216, 212, 219, 218, 220, 209, 149, 136, 149, 216, 204, 246, 221, 212, 199, 212, 214, 193, 208, 199, 143, 243, 220, 219, 209, 243, 220, 199, 198, 193, 246, 221, 220, 217, 209, 250, 211, 246, 217, 212, 198, 198, 157, 149, 151, 253, 192, 216, 212, 219, 218, 220, 209, 151, 149, 156, 149, 220, 211, 149, 219, 218, 193, 149, 193, 212, 199, 210, 208, 193, 253, 231, 229, 149, 218, 199, 149, 219, 218, 193, 149, 216, 204, 253, 231, 229, 149, 218, 199, 149, 219, 218, 193, 149, 221, 192, 216, 212, 219, 218, 220, 209, 149, 218, 199, 149, 221, 192, 216, 212, 219, 218, 220, 209, 155, 253, 208, 212, 217, 193, 221, 149, 137, 136, 149, 133, 149, 193, 221, 208, 219, 149, 214, 218, 219, 193, 220, 219, 192, 208, 149, 208, 219, 209, 149, 217, 218, 214, 212, 217, 149, 193, 212, 199, 210, 208, 193, 229, 218, 198, 220, 193, 220, 218, 219, 149, 136, 149, 193, 212, 199, 210, 208, 193, 253, 231, 229, 155, 229, 218, 198, 220, 193, 220, 218, 219, 149, 158, 149, 227, 208, 214, 193, 218, 199, 134, 155, 219, 208, 194, 157, 149, 133, 153, 149, 131, 153, 149, 133, 149, 156, 149, 217, 218, 214, 212, 217, 149, 214, 192, 199, 199, 208, 219, 193, 249, 218, 218, 222, 149, 136, 149, 216, 204, 253, 231, 229, 155, 246, 243, 199, 212, 216, 208, 155, 249, 218, 218, 222, 227, 208, 214, 193, 218, 199, 149, 217, 218, 214, 212, 217, 149, 221, 218, 199, 220, 207, 218, 219, 193, 212, 217, 249, 218, 218, 222, 149, 136, 149, 227, 208, 214, 193, 218, 199, 134, 155, 219, 208, 194, 157, 149, 214, 192, 199, 199, 208, 219, 193, 249, 218, 218, 222, 155, 237, 153, 149, 133, 153, 149, 214, 192, 199, 199, 208, 219, 193, 249, 218, 218, 222, 155, 239, 149, 156, 149, 220, 211, 149, 221, 218, 199, 220, 207, 218, 219, 193, 212, 217, 249, 218, 218, 222, 155, 248, 212, 210, 219, 220, 193, 192, 209, 208, 149, 137, 149, 133, 155, 133, 132, 149, 193, 221, 208, 219, 149, 221, 218, 199, 220, 207, 218, 219, 193, 212, 217, 249, 218, 218, 222, 149, 136, 149, 227, 208, 214, 193, 218, 199, 134, 155, 219, 208, 194, 157, 149, 133, 153, 149, 133, 153, 149, 152, 132, 149, 156, 149, 208, 217, 198, 208, 149, 221, 218, 199, 220, 207, 218, 219, 193, 212, 217, 249, 218, 218, 222, 149, 136, 149, 221, 218, 199, 220, 207, 218, 219, 193, 212, 217, 249, 218, 218, 222, 155, 224, 219, 220, 193, 149, 208, 219, 209, 149, 216, 204, 253, 231, 229, 155, 246, 243, 199, 212, 216, 208, 149, 136, 149, 246, 243, 199, 212, 216, 208, 155, 217, 218, 218, 222, 244, 193, 157, 149, 193, 212, 199, 210, 208, 193, 229, 218, 198, 220, 193, 220, 218, 219, 153, 149, 193, 212, 199, 210, 208, 193, 229, 218, 198, 220, 193, 220, 218, 219, 149, 158, 149, 221, 218, 199, 220, 207, 218, 219, 193, 212, 217, 249, 218, 218, 222, 149, 156, 149, 216, 204, 253, 231, 229, 155, 244, 198, 198, 208, 216, 215, 217, 204, 249, 220, 219, 208, 212, 199, 227, 208, 217, 218, 214, 220, 193, 204, 149, 136, 149, 227, 208, 214, 193, 218, 199, 134, 155, 207, 208, 199, 218, 149, 216, 204, 253, 231, 229, 155, 244, 198, 198, 208, 216, 215, 217, 204, 244, 219, 210, 192, 217, 212, 199, 227, 208, 217, 218, 214, 220, 193, 204, 149, 136, 149, 227, 208, 214, 193, 218, 199, 134, 155, 207, 208, 199, 218, 149, 208, 219, 209, 149, 208, 219, 209, 156, 149, 231, 192, 219, 230, 208, 199, 195, 220, 214, 208, 155, 231, 208, 219, 209, 208, 199, 230, 193, 208, 197, 197, 208, 209, 143, 246, 218, 219, 219, 208, 214, 193, 157, 211, 192, 219, 214, 193, 220, 218, 219, 157, 209, 208, 217, 193, 212, 225, 220, 216, 208, 156, 149, 220, 211, 149, 219, 218, 193, 149, 242, 208, 193, 230, 208, 193, 193, 220, 219, 210, 157, 149, 151, 198, 197, 208, 208, 209, 240, 219, 212, 215, 217, 208, 209, 151, 149, 156, 149, 193, 221, 208, 219, 149, 199, 208, 193, 192, 199, 219, 149, 208, 219, 209, 149, 217, 218, 214, 212, 217, 149, 214, 221, 212, 199, 212, 214, 193, 208, 199, 149, 136, 149, 197, 217, 212, 204, 208, 199, 155, 246, 221, 212, 199, 212, 214, 193, 208, 199, 149, 220, 211, 149, 219, 218, 193, 149, 214, 221, 212, 199, 212, 214, 193, 208, 199, 149, 193, 221, 208, 219, 149, 199, 208, 193, 192, 199, 219, 149, 208, 219, 209, 149, 217, 218, 214, 212, 217, 149, 221, 192, 216, 212, 219, 218, 220, 209, 149, 136, 149, 214, 221, 212, 199, 212, 214, 193, 208, 199, 143, 243, 220, 219, 209, 243, 220, 199, 198, 193, 246, 221, 220, 217, 209, 250, 211, 246, 217, 212, 198, 198, 157, 149, 151, 253, 192, 216, 212, 219, 218, 220, 209, 151, 149, 156, 149, 217, 218, 214, 212, 217, 149, 221, 199, 197, 149, 136, 149, 214, 221, 212, 199, 212, 214, 193, 208, 199, 143, 243, 220, 219, 209, 243, 220, 199, 198, 193, 246, 221, 220, 217, 209, 157, 149, 151, 253, 192, 216, 212, 219, 218, 220, 209, 231, 218, 218, 193, 229, 212, 199, 193, 151, 149, 156, 149, 220, 211, 149, 219, 218, 193, 149, 221, 192, 216, 212, 219, 218, 220, 209, 149, 218, 199, 149, 219, 218, 193, 149, 221, 199, 197, 149, 193, 221, 208, 219, 149, 199, 208, 193, 192, 199, 219, 149, 208, 219, 209, 149, 217, 218, 214, 212, 217, 149, 198, 197, 208, 208, 209, 149, 136, 149, 234, 242, 155, 230, 208, 193, 193, 220, 219, 210, 198, 155, 198, 197, 208, 208, 209, 227, 212, 217, 192, 208, 149, 220, 211, 149, 234, 242, 155, 230, 208, 193, 193, 220, 219, 210, 198, 155, 198, 197, 208, 208, 209, 248, 218, 209, 208, 149, 136, 136, 149, 151, 246, 243, 199, 212, 216, 208, 151, 149, 193, 221, 208, 219, 149, 217, 218, 214, 212, 217, 149, 216, 218, 195, 208, 241, 220, 199, 208, 214, 193, 220, 218, 219, 149, 136, 149, 221, 192, 216, 212, 219, 218, 220, 209, 155, 248, 218, 195, 208, 241, 220, 199, 208, 214, 193, 220, 218, 219, 149, 220, 211, 149, 216, 218, 195, 208, 241, 220, 199, 208, 214, 193, 220, 218, 219, 155, 248, 212, 210, 219, 220, 193, 192, 209, 208, 149, 139, 149, 133, 149, 193, 221, 208, 219, 149, 221, 199, 197, 155, 246, 243, 199, 212, 216, 208, 149, 136, 149, 221, 199, 197, 155, 246, 243, 199, 212, 216, 208, 149, 158, 149, 157, 149, 216, 218, 195, 208, 241, 220, 199, 208, 214, 193, 220, 218, 219, 155, 224, 219, 220, 193, 149, 159, 149, 198, 197, 208, 208, 209, 149, 159, 149, 209, 208, 217, 193, 212, 225, 220, 216, 208, 149, 156, 149, 208, 219, 209, 149, 221, 192, 216, 212, 219, 218, 220, 209, 155, 226, 212, 217, 222, 230, 197, 208, 208, 209, 149, 136, 149, 132, 131, 149, 208, 217, 198, 208, 220, 211, 149, 234, 242, 155, 230, 208, 193, 193, 220, 219, 210, 198, 155, 198, 197, 208, 208, 209, 248, 218, 209, 208, 149, 136, 136, 149, 151, 226, 212, 217, 222, 230, 197, 208, 208, 209, 151, 149, 193, 221, 208, 219, 149, 221, 192, 216, 212, 219, 218, 220, 209, 155, 226, 212, 217, 222, 230, 197, 208, 208, 209, 149, 136, 149, 198, 197, 208, 208, 209, 149, 208, 219, 209, 149, 208, 219, 209, 156, 149, 197, 217, 212, 204, 208, 199, 155, 246, 221, 212, 199, 212, 214, 193, 208, 199, 244, 209, 209, 208, 209, 143, 246, 218, 219, 219, 208, 214, 193, 157, 211, 192, 219, 214, 193, 220, 218, 219, 157, 214, 221, 212, 199, 212, 214, 193, 208, 199, 156, 149, 217, 218, 214, 212, 217, 149, 221, 192, 216, 212, 219, 218, 220, 209, 149, 136, 149, 214, 221, 212, 199, 212, 214, 193, 208, 199, 143, 226, 212, 220, 193, 243, 218, 199, 246, 221, 220, 217, 209, 157, 149, 151, 253, 192, 216, 212, 219, 218, 220, 209, 151, 153, 149, 128, 149, 156, 149, 220, 211, 149, 221, 192, 216, 212, 219, 218, 220, 209, 149, 193, 221, 208, 219, 149, 220, 211, 149, 234, 242, 155, 230, 208, 193, 193, 220, 219, 210, 198, 155, 198, 197, 208, 208, 209, 240, 219, 212, 215, 217, 208, 209, 149, 212, 219, 209, 149, 234, 242, 155, 230, 208, 193, 193, 220, 219, 210, 198, 155, 198, 197, 208, 208, 209, 248, 218, 209, 208, 149, 136, 136, 149, 151, 226, 212, 217, 222, 230, 197, 208, 208, 209, 151, 149, 193, 221, 208, 219, 149, 221, 192, 216, 212, 219, 218, 220, 209, 155, 226, 212, 217, 222, 230, 197, 208, 208, 209, 149, 136, 149, 234, 242, 155, 230, 208, 193, 193, 220, 219, 210, 198, 155, 198, 197, 208, 208, 209, 227, 212, 217, 192, 208, 149, 208, 217, 198, 208, 149, 221, 192, 216, 212, 219, 218, 220, 209, 155, 226, 212, 217, 222, 230, 197, 208, 208, 209, 149, 136, 149, 132, 131, 149, 208, 219, 209, 149, 208, 219, 209, 149, 208, 219, 209, 156, 149, 193, 212, 198, 222, 155, 198, 197, 212, 194, 219, 157, 211, 192, 219, 214, 193, 220, 218, 219, 157, 156, 149, 194, 221, 220, 217, 208, 149, 193, 199, 192, 208, 149, 209, 218, 149, 217, 218, 214, 212, 217, 149, 220, 219, 193, 208, 199, 195, 212, 217, 149, 136, 149, 222, 208, 219, 253, 212, 222, 220, 249, 218, 212, 209, 149, 212, 219, 209, 149, 133, 155, 128, 133, 149, 218, 199, 149, 133, 155, 134, 133, 149, 193, 212, 198, 222, 155, 194, 212, 220, 193, 157, 220, 219, 193, 208, 199, 195, 212, 217, 156, 149, 220, 211, 149, 219, 218, 193, 149, 234, 242, 155, 230, 208, 193, 193, 220, 219, 210, 198, 155, 208, 198, 197, 229, 217, 212, 204, 208, 199, 198, 149, 193, 221, 208, 219, 149, 214, 218, 219, 193, 220, 219, 192, 208, 149, 208, 219, 209, 149, 211, 218, 199, 149, 234, 153, 149, 193, 212, 199, 210, 208, 193, 229, 217, 212, 204, 208, 199, 149, 220, 219, 149, 220, 197, 212, 220, 199, 198, 157, 149, 229, 217, 212, 204, 208, 199, 198, 143, 242, 208, 193, 229, 217, 212, 204, 208, 199, 198, 157, 156, 149, 156, 149, 209, 218, 149, 220, 211, 149, 193, 212, 199, 210, 208, 193, 229, 217, 212, 204, 208, 199, 149, 203, 136, 149, 197, 217, 212, 204, 208, 199, 149, 193, 221, 208, 219, 149, 192, 197, 209, 212, 193, 208, 240, 230, 229, 157, 149, 193, 212, 199, 210, 208, 193, 229, 217, 212, 204, 208, 199, 149, 156, 149, 208, 219, 209, 149, 208, 219, 209, 149, 208, 219, 209, 149, 208, 219, 209, 156, 149, 217, 218, 214, 212, 217, 149, 211, 192, 219, 214, 193, 220, 218, 219, 149, 198, 208, 193, 192, 197, 229, 217, 212, 204, 208, 199, 240, 230, 229, 157, 193, 212, 199, 210, 208, 193, 229, 217, 212, 204, 208, 199, 156, 149, 220, 211, 149, 193, 212, 199, 210, 208, 193, 229, 217, 212, 204, 208, 199, 149, 136, 136, 149, 197, 217, 212, 204, 208, 199, 149, 193, 221, 208, 219, 149, 199, 208, 193, 192, 199, 219, 149, 208, 219, 209, 149, 193, 212, 199, 210, 208, 193, 229, 217, 212, 204, 208, 199, 155, 246, 221, 212, 199, 212, 214, 193, 208, 199, 244, 209, 209, 208, 209, 143, 246, 218, 219, 219, 208, 214, 193, 157, 149, 211, 192, 219, 214, 193, 220, 218, 219, 157, 214, 221, 212, 199, 212, 214, 193, 208, 199, 156, 149, 217, 218, 214, 212, 217, 149, 221, 208, 212, 209, 149, 136, 149, 214, 221, 212, 199, 212, 214, 193, 208, 199, 143, 226, 212, 220, 193, 243, 218, 199, 246, 221, 220, 217, 209, 157, 149, 151, 253, 208, 212, 209, 151, 153, 149, 128, 149, 156, 149, 220, 211, 149, 221, 208, 212, 209, 149, 212, 219, 209, 149, 234, 242, 155, 230, 208, 193, 193, 220, 219, 210, 198, 155, 208, 198, 197, 229, 217, 212, 204, 208, 199, 198, 149, 193, 221, 208, 219, 149, 193, 212, 198, 222, 155, 194, 212, 220, 193, 157, 133, 155, 135, 156, 149, 214, 199, 208, 212, 193, 208, 240, 230, 229, 157, 149, 193, 212, 199, 210, 208, 193, 229, 217, 212, 204, 208, 199, 149, 156, 149, 208, 219, 209, 149, 208, 219, 209, 149, 156, 149, 208, 219, 209, 149, 211, 218, 199, 149, 234, 153, 149, 193, 212, 199, 210, 208, 193, 229, 217, 212, 204, 208, 199, 149, 220, 219, 149, 220, 197, 212, 220, 199, 198, 157, 229, 217, 212, 204, 208, 199, 198, 143, 242, 208, 193, 229, 217, 212, 204, 208, 199, 198, 157, 156, 156, 149, 209, 218, 149, 198, 208, 193, 192, 197, 229, 217, 212, 204, 208, 199, 240, 230, 229, 157, 149, 193, 212, 199, 210, 208, 193, 229, 217, 212, 204, 208, 199, 149, 156, 149, 208, 219, 209, 149, 229, 217, 212, 204, 208, 199, 198, 155, 229, 217, 212, 204, 208, 199, 244, 209, 209, 208, 209, 143, 246, 218, 219, 219, 208, 214, 193, 157, 211, 192, 219, 214, 193, 220, 218, 219, 157, 193, 212, 199, 210, 208, 193, 229, 217, 212, 204, 208, 199, 156, 149, 193, 212, 198, 222, 155, 194, 212, 220, 193, 157, 133, 155, 132, 128, 156, 149, 231, 208, 211, 199, 208, 198, 221, 246, 212, 216, 249, 218, 214, 222, 229, 217, 212, 204, 208, 199, 198, 157, 193, 199, 192, 208, 156, 149, 231, 208, 211, 199, 208, 198, 221, 244, 220, 216, 229, 217, 212, 204, 208, 199, 198, 157, 193, 199, 192, 208, 156, 149, 231, 208, 211, 199, 208, 198, 221, 225, 208, 217, 208, 197, 218, 199, 193, 229, 217, 212, 204, 208, 199, 198, 157, 193, 199, 192, 208, 156, 149, 198, 208, 193, 192, 197, 229, 217, 212, 204, 208, 199, 240, 230, 229, 157, 149, 193, 212, 199, 210, 208, 193, 229, 217, 212, 204, 208, 199, 149, 156, 149, 208, 219, 209, 156, 149, 229, 217, 212, 204, 208, 199, 198, 155, 229, 217, 212, 204, 208, 199, 231, 208, 216, 218, 195, 220, 219, 210, 143, 246, 218, 219, 219, 208, 214, 193, 157, 211, 192, 219, 214, 193, 220, 218, 219, 157, 193, 212, 199, 210, 208, 193, 229, 217, 212, 204, 208, 199, 156, 149, 220, 211, 149, 234, 242, 155, 230, 208, 193, 193, 220, 219, 210, 198, 155, 214, 212, 216, 217, 218, 214, 222, 225, 212, 199, 210, 208, 193, 149, 136, 136, 149, 193, 212, 199, 210, 208, 193, 229, 217, 212, 204, 208, 199, 155, 251, 212, 216, 208, 149, 193, 221, 208, 219, 149, 234, 242, 155, 230, 208, 193, 193, 220, 219, 210, 198, 155, 214, 212, 216, 217, 218, 214, 222, 225, 212, 199, 210, 208, 193, 149, 136, 149, 151, 151, 149, 234, 242, 155, 246, 192, 199, 199, 208, 219, 193, 225, 212, 199, 210, 208, 193, 149, 136, 149, 219, 220, 217, 149, 208, 219, 209, 149, 220, 211, 149, 193, 208, 217, 208, 197, 218, 199, 193, 230, 208, 217, 208, 214, 193, 208, 209, 229, 217, 212, 204, 208, 199, 149, 136, 136, 149, 193, 212, 199, 210, 208, 193, 229, 217, 212, 204, 208, 199, 155, 251, 212, 216, 208, 149, 193, 221, 208, 219, 149, 193, 208, 217, 208, 197, 218, 199, 193, 230, 208, 217, 208, 214, 193, 208, 209, 229, 217, 212, 204, 208, 199, 149, 136, 149, 151, 151, 149, 234, 242, 155, 230, 208, 193, 193, 220, 219, 210, 198, 155, 193, 208, 217, 208, 197, 218, 199, 193, 229, 217, 212, 204, 208, 199, 149, 136, 149, 211, 212, 217, 198, 208, 149, 208, 219, 209, 149, 193, 212, 198, 222, 155, 194, 212, 220, 193, 157, 133, 155, 133, 128, 156, 149, 231, 208, 211, 199, 208, 198, 221, 246, 212, 216, 249, 218, 214, 222, 229, 217, 212, 204, 208, 199, 198, 157, 193, 199, 192, 208, 156, 149, 231, 208, 211, 199, 208, 198, 221, 244, 220, 216, 229, 217, 212, 204, 208, 199, 198, 157, 193, 199, 192, 208, 156, 149, 231, 208, 211, 199, 208, 198, 221, 225, 208, 217, 208, 197, 218, 199, 193, 229, 217, 212, 204, 208, 199, 198, 157, 193, 199, 192, 208, 156, 149, 199, 208, 216, 218, 195, 208, 240, 230, 229, 157, 149, 193, 212, 199, 210, 208, 193, 229, 217, 212, 204, 208, 199, 149, 156, 149, 208, 219, 209, 156, 149, 224, 198, 208, 199, 252, 219, 197, 192, 193, 230, 208, 199, 195, 220, 214, 208, 155, 255, 192, 216, 197, 231, 208, 196, 192, 208, 198, 193, 143, 246, 218, 219, 219, 208, 214, 193, 157, 211, 192, 219, 214, 193, 220, 218, 219, 157, 156, 149, 220, 211, 149, 219, 218, 193, 149, 234, 242, 155, 230, 208, 193, 193, 220, 219, 210, 198, 155, 220, 219, 211, 255, 192, 216, 197, 149, 193, 221, 208, 219, 149, 199, 208, 193, 192, 199, 219, 149, 208, 219, 209, 149, 217, 218, 214, 212, 217, 149, 214, 221, 212, 199, 149, 136, 149, 197, 217, 212, 204, 208, 199, 155, 246, 221, 212, 199, 212, 214, 193, 208, 199, 149, 220, 211, 149, 214, 221, 212, 199, 149, 193, 221, 208, 219, 149, 217, 218, 214, 212, 217, 149, 221, 192, 216, 212, 219, 218, 220, 209, 149, 136, 149, 214, 221, 212, 199, 143, 243, 220, 219, 209, 243, 220, 199, 198, 193, 246, 221, 220, 217, 209, 250, 211, 246, 217, 212, 198, 198, 157, 149, 151, 253, 192, 216, 212, 219, 218, 220, 209, 151, 149, 156, 149, 220, 211, 149, 221, 192, 216, 212, 219, 218, 220, 209, 149, 193, 221, 208, 219, 149, 221, 192, 216, 212, 219, 218, 220, 209, 143, 246, 221, 212, 219, 210, 208, 230, 193, 212, 193, 208, 157, 149, 240, 219, 192, 216, 155, 253, 192, 216, 212, 219, 218, 220, 209, 230, 193, 212, 193, 208, 225, 204, 197, 208, 155, 255, 192, 216, 197, 220, 219, 210, 149, 156, 149, 208, 219, 209, 149, 208, 219, 209, 149, 208, 219, 209, 156, 149, 217, 218, 214, 212, 217, 149, 214, 212, 214, 221, 208, 209, 244, 220, 216, 225, 212, 199, 210, 208, 193, 149, 136, 149, 219, 220, 217, 149, 217, 218, 214, 212, 217, 149, 214, 212, 214, 221, 208, 209, 244, 220, 216, 225, 212, 199, 210, 208, 193, 225, 204, 197, 208, 149, 136, 149, 219, 220, 217, 149, 217, 218, 214, 212, 217, 149, 244, 252, 248, 234, 225, 244, 231, 242, 240, 225, 234, 224, 229, 241, 244, 225, 240, 234, 252, 251, 225, 240, 231, 227, 244, 249, 149, 136, 149, 133, 155, 132, 128, 149, 217, 218, 214, 212, 217, 149, 244, 252, 248, 234, 229, 231, 240, 241, 252, 246, 225, 252, 250, 251, 234, 224, 229, 241, 244, 225, 240, 234, 252, 251, 225, 240, 231, 227, 244, 249, 149, 136, 149, 133, 155, 133, 128, 149, 217, 218, 214, 212, 217, 149, 217, 212, 198, 193, 244, 220, 216, 225, 212, 199, 210, 208, 193, 224, 197, 209, 212, 193, 208, 149, 136, 149, 133, 149, 217, 218, 214, 212, 217, 149, 211, 192, 219, 214, 193, 220, 218, 219, 149, 252, 198, 244, 220, 216, 225, 212, 199, 210, 208, 193, 227, 212, 217, 220, 209, 157, 193, 212, 199, 210, 208, 193, 156, 149, 220, 211, 149, 219, 218, 193, 149, 193, 212, 199, 210, 208, 193, 149, 193, 221, 208, 219, 149, 199, 208, 193, 192, 199, 219, 149, 211, 212, 217, 198, 208, 149, 208, 219, 209, 149, 217, 218, 214, 212, 217, 149, 221, 192, 216, 212, 219, 218, 220, 209, 149, 136, 149, 193, 212, 199, 210, 208, 193, 155, 253, 192, 216, 212, 219, 218, 220, 209, 149, 217, 218, 214, 212, 217, 149, 221, 199, 197, 149, 136, 149, 193, 212, 199, 210, 208, 193, 155, 253, 231, 229, 149, 220, 211, 149, 219, 218, 193, 149, 221, 192, 216, 212, 219, 218, 220, 209, 149, 218, 199, 149, 221, 192, 216, 212, 219, 218, 220, 209, 155, 253, 208, 212, 217, 193, 221, 149, 137, 136, 149, 133, 149, 193, 221, 208, 219, 149, 199, 208, 193, 192, 199, 219, 149, 211, 212, 217, 198, 208, 149, 208, 219, 209, 149, 220, 211, 149, 219, 218, 193, 149, 221, 199, 197, 149, 218, 199, 149, 219, 218, 193, 149, 221, 199, 197, 155, 229, 212, 199, 208, 219, 193, 149, 193, 221, 208, 219, 149, 199, 208, 193, 192, 199, 219, 149, 211, 212, 217, 198, 208, 149, 208, 219, 209, 149, 220, 211, 149, 193, 212, 199, 210, 208, 193, 155, 229, 217, 212, 204, 208, 199, 149, 212, 219, 209, 149, 193, 212, 199, 210, 208, 193, 155, 229, 217, 212, 204, 208, 199, 149, 203, 136, 149, 197, 217, 212, 204, 208, 199, 149, 212, 219, 209, 149, 219, 218, 193, 149, 193, 212, 199, 210, 208, 193, 155, 229, 217, 212, 204, 208, 199, 155, 229, 212, 199, 208, 219, 193, 149, 193, 221, 208, 219, 149, 199, 208, 193, 192, 199, 219, 149, 211, 212, 217, 198, 208, 149, 208, 219, 209, 149, 199, 208, 193, 192, 199, 219, 149, 193, 199, 192, 208, 149, 208, 219, 209, 149, 217, 218, 214, 212, 217, 149, 211, 192, 219, 214, 193, 220, 218, 219, 149, 224, 197, 209, 212, 193, 208, 246, 212, 214, 221, 208, 209, 244, 220, 216, 225, 212, 199, 210, 208, 193, 157, 156, 149, 217, 218, 214, 212, 217, 149, 219, 218, 194, 149, 136, 149, 218, 198, 155, 214, 217, 218, 214, 222, 157, 156, 149, 217, 218, 214, 212, 217, 149, 220, 219, 193, 208, 199, 195, 212, 217, 149, 220, 211, 149, 242, 208, 193, 230, 208, 193, 193, 220, 219, 210, 157, 151, 212, 220, 216, 215, 218, 193, 219, 208, 212, 199, 151, 156, 149, 193, 221, 208, 219, 149, 220, 219, 193, 208, 199, 195, 212, 217, 149, 136, 149, 133, 155, 133, 128, 149, 208, 217, 198, 208, 149, 220, 219, 193, 208, 199, 195, 212, 217, 149, 136, 149, 222, 208, 219, 253, 212, 222, 220, 249, 218, 212, 209, 149, 212, 219, 209, 149, 133, 155, 135, 133, 149, 218, 199, 149, 244, 252, 248, 234, 225, 244, 231, 242, 240, 225, 234, 224, 229, 241, 244, 225, 240, 234, 252, 251, 225, 240, 231, 227, 244, 249, 149, 208, 219, 209, 149, 220, 211, 149, 219, 218, 194, 149, 152, 149, 217, 212, 198, 193, 244, 220, 216, 225, 212, 199, 210, 208, 193, 224, 197, 209, 212, 193, 208, 149, 137, 149, 220, 219, 193, 208, 199, 195, 212, 217, 149, 193, 221, 208, 219, 149, 199, 208, 193, 192, 199, 219, 149, 208, 219, 209, 149, 217, 212, 198, 193, 244, 220, 216, 225, 212, 199, 210, 208, 193, 224, 197, 209, 212, 193, 208, 149, 136, 149, 219, 218, 194, 149, 217, 218, 214, 212, 217, 149, 193, 212, 199, 210, 208, 193, 153, 149, 193, 212, 199, 210, 208, 193, 225, 204, 197, 208, 149, 136, 149, 231, 208, 198, 218, 217, 195, 208, 244, 220, 216, 225, 212, 199, 210, 208, 193, 157, 156, 149, 214, 212, 214, 221, 208, 209, 244, 220, 216, 225, 212, 199, 210, 208, 193, 149, 136, 149, 193, 212, 199, 210, 208, 193, 149, 214, 212, 214, 221, 208, 209, 244, 220, 216, 225, 212, 199, 210, 208, 193, 225, 204, 197, 208, 149, 136, 149, 193, 212, 199, 210, 208, 193, 225, 204, 197, 208, 149, 234, 242, 155, 230, 222, 220, 217, 217, 244, 220, 216, 225, 212, 199, 210, 208, 193, 149, 136, 149, 193, 212, 199, 210, 208, 193, 149, 208, 219, 209, 149, 217, 218, 214, 212, 217, 149, 211, 192, 219, 214, 193, 220, 218, 219, 149, 224, 197, 209, 212, 193, 208, 244, 220, 216, 229, 199, 208, 209, 220, 214, 193, 220, 218, 219, 157, 156, 149, 217, 218, 214, 212, 217, 149, 193, 212, 199, 210, 208, 193, 149, 136, 149, 214, 212, 214, 221, 208, 209, 244, 220, 216, 225, 212, 199, 210, 208, 193, 149, 220, 211, 149, 219, 218, 193, 149, 193, 212, 199, 210, 208, 193, 149, 193, 221, 208, 219, 149, 234, 242, 155, 197, 218, 198, 234, 198, 222, 220, 217, 217, 149, 136, 149, 219, 220, 217, 149, 199, 208, 193, 192, 199, 219, 149, 208, 219, 209, 149, 220, 211, 149, 219, 218, 193, 149, 252, 198, 244, 220, 216, 225, 212, 199, 210, 208, 193, 227, 212, 217, 220, 209, 157, 149, 193, 212, 199, 210, 208, 193, 149, 156, 149, 193, 221, 208, 219, 149, 214, 212, 214, 221, 208, 209, 244, 220, 216, 225, 212, 199, 210, 208, 193, 149, 136, 149, 219, 220, 217, 149, 214, 212, 214, 221, 208, 209, 244, 220, 216, 225, 212, 199, 210, 208, 193, 225, 204, 197, 208, 149, 136, 149, 219, 220, 217, 149, 234, 242, 155, 230, 222, 220, 217, 217, 244, 220, 216, 225, 212, 199, 210, 208, 193, 149, 136, 149, 219, 220, 217, 149, 234, 242, 155, 197, 218, 198, 234, 198, 222, 220, 217, 217, 149, 136, 149, 219, 220, 217, 149, 199, 208, 193, 192, 199, 219, 149, 208, 219, 209, 149, 217, 218, 214, 212, 217, 149, 212, 220, 216, 229, 212, 199, 193, 149, 136, 149, 193, 212, 199, 210, 208, 193, 155, 253, 208, 212, 209, 149, 218, 199, 149, 193, 212, 199, 210, 208, 193, 155, 253, 231, 229, 149, 220, 211, 149, 219, 218, 193, 149, 212, 220, 216, 229, 212, 199, 193, 149, 218, 199, 149, 219, 218, 193, 149, 212, 220, 216, 229, 212, 199, 193, 155, 229, 212, 199, 208, 219, 193, 149, 193, 221, 208, 219, 149, 234, 242, 155, 197, 218, 198, 234, 198, 222, 220, 217, 217, 149, 136, 149, 219, 220, 217, 149, 199, 208, 193, 192, 199, 219, 149, 208, 219, 209, 149, 217, 218, 214, 212, 217, 149, 197, 199, 208, 209, 220, 214, 193, 220, 218, 219, 149, 136, 149, 193, 218, 219, 192, 216, 215, 208, 199, 157, 149, 242, 208, 193, 230, 208, 193, 193, 220, 219, 210, 157, 149, 151, 212, 220, 216, 229, 199, 208, 209, 220, 214, 193, 220, 218, 219, 151, 149, 156, 149, 156, 149, 218, 199, 149, 133, 149, 220, 211, 149, 197, 199, 208, 209, 220, 214, 193, 220, 218, 219, 149, 137, 136, 149, 133, 149, 193, 221, 208, 219, 149, 234, 242, 155, 197, 218, 198, 234, 198, 222, 220, 217, 217, 149, 136, 149, 212, 220, 216, 229, 212, 199, 193, 155, 246, 243, 199, 212, 216, 208, 149, 199, 208, 193, 192, 199, 219, 149, 208, 219, 209, 149, 217, 218, 214, 212, 217, 149, 221, 199, 197, 149, 136, 149, 193, 212, 199, 210, 208, 193, 155, 253, 231, 229, 149, 220, 211, 149, 219, 218, 193, 149, 221, 199, 197, 149, 193, 221, 208, 219, 149, 234, 242, 155, 197, 218, 198, 234, 198, 222, 220, 217, 217, 149, 136, 149, 212, 220, 216, 229, 212, 199, 193, 155, 246, 243, 199, 212, 216, 208, 149, 199, 208, 193, 192, 199, 219, 149, 208, 219, 209, 149, 217, 218, 214, 212, 217, 149, 195, 208, 217, 218, 214, 220, 193, 204, 149, 136, 149, 221, 199, 197, 155, 244, 198, 198, 208, 216, 215, 217, 204, 249, 220, 219, 208, 212, 199, 227, 208, 217, 218, 214, 220, 193, 204, 149, 217, 218, 214, 212, 217, 149, 197, 199, 208, 209, 220, 214, 193, 208, 209, 229, 218, 198, 220, 193, 220, 218, 219, 149, 136, 149, 212, 220, 216, 229, 212, 199, 193, 155, 229, 218, 198, 220, 193, 220, 218, 219, 149, 158, 149, 157, 149, 195, 208, 217, 218, 214, 220, 193, 204, 149, 159, 149, 197, 199, 208, 209, 220, 214, 193, 220, 218, 219, 149, 156, 149, 234, 242, 155, 197, 218, 198, 234, 198, 222, 220, 217, 217, 149, 136, 149, 246, 243, 199, 212, 216, 208, 155, 219, 208, 194, 157, 149, 197, 199, 208, 209, 220, 214, 193, 208, 209, 229, 218, 198, 220, 193, 220, 218, 219, 149, 156, 149, 208, 219, 209, 149, 193, 212, 198, 222, 155, 198, 197, 212, 194, 219, 157, 211, 192, 219, 214, 193, 220, 218, 219, 157, 156, 149, 194, 221, 220, 217, 208, 149, 193, 199, 192, 208, 149, 209, 218, 149, 193, 212, 198, 222, 155, 194, 212, 220, 193, 157, 149, 244, 252, 248, 234, 225, 244, 231, 242, 240, 225, 234, 224, 229, 241, 244, 225, 240, 234, 252, 251, 225, 240, 231, 227, 244, 249, 149, 156, 149, 220, 211, 149, 219, 218, 193, 149, 157, 149, 242, 208, 193, 230, 208, 193, 193, 220, 219, 210, 157, 149, 151, 212, 220, 216, 215, 218, 193, 229, 199, 220, 218, 199, 220, 193, 204, 151, 149, 156, 149, 218, 199, 149, 242, 208, 193, 230, 208, 193, 193, 220, 219, 210, 157, 149, 151, 212, 220, 216, 215, 218, 193, 151, 149, 156, 149, 218, 199, 149, 242, 208, 193, 230, 208, 193, 193, 220, 219, 210, 157, 149, 151, 212, 220, 216, 215, 218, 193, 219, 208, 212, 199, 151, 149, 156, 149, 218, 199, 149, 242, 208, 193, 230, 208, 193, 193, 220, 219, 210, 157, 149, 151, 214, 220, 199, 214, 217, 208, 151, 149, 156, 149, 218, 199, 149, 242, 208, 193, 230, 208, 193, 193, 220, 219, 210, 157, 149, 151, 212, 220, 216, 251, 229, 246, 151, 149, 156, 149, 156, 149, 193, 221, 208, 219, 149, 214, 212, 214, 221, 208, 209, 244, 220, 216, 225, 212, 199, 210, 208, 193, 149, 136, 149, 219, 220, 217, 149, 214, 212, 214, 221, 208, 209, 244, 220, 216, 225, 212, 199, 210, 208, 193, 225, 204, 197, 208, 149, 136, 149, 219, 220, 217, 149, 234, 242, 155, 230, 222, 220, 217, 217, 244, 220, 216, 225, 212, 199, 210, 208, 193, 149, 136, 149, 219, 220, 217, 149, 234, 242, 155, 197, 218, 198, 234, 198, 222, 220, 217, 217, 149, 136, 149, 219, 220, 217, 149, 193, 212, 199, 210, 208, 193, 252, 219, 246, 220, 199, 214, 217, 208, 149, 136, 149, 211, 212, 217, 198, 208, 149, 214, 218, 219, 193, 220, 219, 192, 208, 149, 208, 219, 209, 149, 224, 197, 209, 212, 193, 208, 246, 212, 214, 221, 208, 209, 244, 220, 216, 225, 212, 199, 210, 208, 193, 157, 156, 149, 193, 212, 199, 210, 208, 193, 252, 219, 246, 220, 199, 214, 217, 208, 149, 136, 149, 157, 149, 214, 212, 214, 221, 208, 209, 244, 220, 216, 225, 212, 199, 210, 208, 193, 225, 204, 197, 208, 149, 136, 136, 149, 151, 246, 220, 199, 214, 217, 208, 151, 149, 156, 149, 208, 219, 209, 149, 208, 219, 209, 156, 149, 193, 212, 198, 222, 155, 198, 197, 212, 194, 219, 157, 211, 192, 219, 214, 193, 220, 218, 219, 157, 156, 149, 194, 221, 220, 217, 208, 149, 193, 199, 192, 208, 149, 209, 218, 149, 193, 212, 198, 222, 155, 194, 212, 220, 193, 157, 149, 244, 252, 248, 234, 229, 231, 240, 241, 252, 246, 225, 252, 250, 251, 234, 224, 229, 241, 244, 225, 240, 234, 252, 251, 225, 240, 231, 227, 244, 249, 149, 156, 149, 220, 211, 149, 219, 218, 193, 149, 214, 212, 214, 221, 208, 209, 244, 220, 216, 225, 212, 199, 210, 208, 193, 149, 193, 221, 208, 219, 149, 234, 242, 155, 197, 218, 198, 234, 198, 222, 220, 217, 217, 149, 136, 149, 219, 220, 217, 149, 214, 218, 219, 193, 220, 219, 192, 208, 149, 208, 219, 209, 149, 224, 197, 209, 212, 193, 208, 244, 220, 216, 229, 199, 208, 209, 220, 214, 193, 220, 218, 219, 157, 156, 149, 208, 219, 209, 149, 208, 219, 209, 156, 149, 193, 212, 198, 222, 155, 198, 197, 212, 194, 219, 157, 211, 192, 219, 214, 193, 220, 218, 219, 157, 156, 149, 197, 214, 212, 217, 217, 157, 211, 192, 219, 214, 193, 220, 218, 219, 157, 156, 149, 217, 218, 214, 212, 217, 149, 216, 193, 149, 136, 149, 210, 208, 193, 199, 212, 194, 216, 208, 193, 212, 193, 212, 215, 217, 208, 157, 210, 212, 216, 208, 156, 149, 217, 218, 214, 212, 217, 149, 218, 217, 209, 251, 212, 216, 208, 214, 212, 217, 217, 149, 136, 149, 216, 193, 155, 234, 234, 219, 212, 216, 208, 214, 212, 217, 217, 149, 198, 208, 193, 199, 208, 212, 209, 218, 219, 217, 204, 157, 149, 216, 193, 153, 149, 211, 212, 217, 198, 208, 149, 156, 149, 216, 193, 155, 234, 234, 219, 212, 216, 208, 214, 212, 217, 217, 149, 136, 149, 219, 208, 194, 214, 214, 217, 218, 198, 192, 199, 208, 157, 149, 211, 192, 219, 214, 193, 220, 218, 219, 157, 198, 208, 217, 211, 153, 149, 155, 155, 155, 156, 149, 217, 218, 214, 212, 217, 149, 212, 199, 210, 198, 149, 136, 149, 206, 149, 155, 155, 155, 149, 200, 149, 217, 218, 214, 212, 217, 149, 216, 208, 193, 221, 218, 209, 149, 136, 149, 210, 208, 193, 219, 212, 216, 208, 214, 212, 217, 217, 216, 208, 193, 221, 218, 209, 157, 156, 149, 220, 211, 149, 216, 208, 193, 221, 218, 209, 149, 136, 136, 149, 151, 252, 219, 195, 218, 222, 208, 230, 208, 199, 195, 208, 199, 151, 149, 212, 219, 209, 149, 193, 218, 198, 193, 199, 220, 219, 210, 157, 198, 208, 217, 211, 156, 149, 136, 136, 149, 151, 230, 222, 220, 217, 217, 244, 214, 193, 220, 218, 219, 151, 149, 193, 221, 208, 219, 149, 220, 211, 149, 157, 149, 242, 208, 193, 230, 208, 193, 193, 220, 219, 210, 157, 149, 151, 212, 220, 216, 215, 218, 193, 229, 199, 220, 218, 199, 220, 193, 204, 151, 149, 156, 149, 218, 199, 149, 242, 208, 193, 230, 208, 193, 193, 220, 219, 210, 157, 149, 151, 212, 220, 216, 215, 218, 193, 219, 208, 212, 199, 151, 149, 156, 149, 218, 199, 149, 242, 208, 193, 230, 208, 193, 193, 220, 219, 210, 157, 149, 151, 214, 220, 199, 214, 217, 208, 151, 149, 156, 149, 218, 199, 149, 242, 208, 193, 230, 208, 193, 193, 220, 219, 210, 157, 149, 151, 212, 220, 216, 251, 229, 246, 151, 149, 156, 149, 218, 199, 149, 242, 208, 193, 230, 208, 193, 193, 220, 219, 210, 157, 149, 151, 212, 220, 216, 215, 218, 193, 151, 149, 156, 149, 156, 149, 193, 221, 208, 219, 149, 220, 211, 149, 193, 204, 197, 208, 218, 211, 157, 149, 212, 199, 210, 198, 238, 135, 232, 149, 156, 149, 136, 136, 149, 151, 193, 212, 215, 217, 208, 151, 149, 212, 219, 209, 149, 234, 242, 155, 197, 218, 198, 234, 198, 222, 220, 217, 217, 149, 193, 221, 208, 219, 149, 212, 199, 210, 198, 238, 135, 232, 155, 248, 218, 192, 198, 208, 253, 220, 193, 149, 136, 149, 234, 242, 155, 197, 218, 198, 234, 198, 222, 220, 217, 217, 149, 208, 219, 209, 149, 208, 219, 209, 149, 199, 208, 193, 192, 199, 219, 149, 218, 217, 209, 251, 212, 216, 208, 214, 212, 217, 217, 157, 149, 198, 208, 217, 211, 153, 149, 192, 219, 197, 212, 214, 222, 157, 212, 199, 210, 198, 156, 149, 156, 149, 208, 219, 209, 149, 220, 211, 149, 216, 208, 193, 221, 218, 209, 149, 136, 136, 149, 151, 243, 220, 199, 208, 230, 208, 199, 195, 208, 199, 151, 149, 212, 219, 209, 149, 193, 218, 198, 193, 199, 220, 219, 210, 157, 198, 208, 217, 211, 156, 149, 136, 136, 149, 151, 247, 192, 193, 193, 218, 219, 231, 134, 151, 149, 193, 221, 208, 219, 149, 220, 211, 149, 242, 208, 193, 230, 208, 193, 193, 220, 219, 210, 157, 149, 151, 211, 217, 212, 198, 221, 230, 193, 208, 197, 244, 220, 216, 151, 149, 156, 149, 193, 221, 208, 219, 149, 217, 218, 214, 212, 217, 149, 193, 212, 199, 210, 208, 193, 149, 136, 149, 234, 242, 155, 230, 222, 220, 217, 217, 244, 220, 216, 225, 212, 199, 210, 208, 193, 149, 220, 211, 149, 193, 212, 199, 210, 208, 193, 149, 193, 221, 208, 219, 149, 217, 218, 214, 212, 217, 149, 193, 212, 199, 210, 208, 193, 253, 231, 229, 149, 136, 149, 193, 212, 199, 210, 208, 193, 155, 253, 231, 229, 149, 218, 199, 149, 157, 149, 193, 212, 199, 210, 208, 193, 155, 246, 221, 212, 199, 212, 214, 193, 208, 199, 149, 212, 219, 209, 149, 193, 212, 199, 210, 208, 193, 155, 246, 221, 212, 199, 212, 214, 193, 208, 199, 143, 243, 220, 219, 209, 243, 220, 199, 198, 193, 246, 221, 220, 217, 209, 157, 149, 151, 253, 192, 216, 212, 219, 218, 220, 209, 231, 218, 218, 193, 229, 212, 199, 193, 151, 149, 156, 149, 156, 149, 217, 218, 214, 212, 217, 149, 216, 204, 246, 221, 212, 199, 212, 214, 193, 208, 199, 149, 136, 149, 197, 217, 212, 204, 208, 199, 155, 246, 221, 212, 199, 212, 214, 193, 208, 199, 149, 217, 218, 214, 212, 217, 149, 216, 204, 253, 231, 229, 149, 136, 149, 216, 204, 246, 221, 212, 199, 212, 214, 193, 208, 199, 149, 212, 219, 209, 149, 216, 204, 246, 221, 212, 199, 212, 214, 193, 208, 199, 143, 243, 220, 219, 209, 243, 220, 199, 198, 193, 246, 221, 220, 217, 209, 157, 149, 151, 253, 192, 216, 212, 219, 218, 220, 209, 231, 218, 218, 193, 229, 212, 199, 193, 151, 149, 156, 149, 220, 211, 149, 193, 212, 199, 210, 208, 193, 253, 231, 229, 149, 212, 219, 209, 149, 216, 204, 253, 231, 229, 149, 193, 221, 208, 219, 149, 217, 218, 214, 212, 217, 149, 193, 208, 217, 208, 197, 218, 199, 193, 229, 218, 198, 220, 193, 220, 218, 219, 149, 136, 149, 193, 212, 199, 210, 208, 193, 253, 231, 229, 155, 229, 218, 198, 220, 193, 220, 218, 219, 149, 158, 149, 157, 149, 193, 212, 199, 210, 208, 193, 253, 231, 229, 155, 246, 243, 199, 212, 216, 208, 155, 249, 218, 218, 222, 227, 208, 214, 193, 218, 199, 149, 159, 149, 131, 149, 156, 149, 217, 218, 214, 212, 217, 149, 219, 208, 194, 246, 243, 199, 212, 216, 208, 149, 136, 149, 246, 243, 199, 212, 216, 208, 155, 217, 218, 218, 222, 244, 193, 157, 149, 193, 208, 217, 208, 197, 218, 199, 193, 229, 218, 198, 220, 193, 220, 218, 219, 153, 149, 193, 212, 199, 210, 208, 193, 253, 231, 229, 155, 229, 218, 198, 220, 193, 220, 218, 219, 149, 156, 149, 216, 204, 253, 231, 229, 155, 246, 243, 199, 212, 216, 208, 149, 136, 149, 219, 208, 194, 246, 243, 199, 212, 216, 208, 149, 216, 204, 253, 231, 229, 155, 244, 198, 198, 208, 216, 215, 217, 204, 249, 220, 219, 208, 212, 199, 227, 208, 217, 218, 214, 220, 193, 204, 149, 136, 149, 227, 208, 214, 193, 218, 199, 134, 155, 207, 208, 199, 218, 149, 216, 204, 253, 231, 229, 155, 244, 198, 198, 208, 216, 215, 217, 204, 244, 219, 210, 192, 217, 212, 199, 227, 208, 217, 218, 214, 220, 193, 204, 149, 136, 149, 227, 208, 214, 193, 218, 199, 134, 155, 207, 208, 199, 218, 149, 220, 211, 149, 193, 204, 197, 208, 218, 211, 157, 149, 212, 199, 210, 198, 238, 132, 232, 149, 156, 149, 136, 136, 149, 151, 193, 212, 215, 217, 208, 151, 149, 193, 221, 208, 219, 149, 212, 199, 210, 198, 238, 132, 232, 238, 132, 232, 149, 136, 149, 219, 208, 194, 246, 243, 199, 212, 216, 208, 149, 212, 199, 210, 198, 238, 132, 232, 238, 135, 232, 149, 136, 149, 219, 208, 194, 246, 243, 199, 212, 216, 208, 149, 208, 219, 209, 149, 208, 219, 209, 149, 208, 219, 209, 149, 208, 219, 209, 149, 199, 208, 193, 192, 199, 219, 149, 218, 217, 209, 251, 212, 216, 208, 214, 212, 217, 217, 157, 149, 198, 208, 217, 211, 153, 149, 192, 219, 197, 212, 214, 222, 157, 212, 199, 210, 198, 156, 149, 156, 149, 208, 219, 209, 149, 199, 208, 193, 192, 199, 219, 149, 218, 217, 209, 251, 212, 216, 208, 214, 212, 217, 217, 157, 149, 198, 208, 217, 211, 153, 149, 192, 219, 197, 212, 214, 222, 157, 212, 199, 210, 198, 156, 149, 156, 149, 208, 219, 209, 156, 149, 198, 208, 193, 199, 208, 212, 209, 218, 219, 217, 204, 157, 149, 216, 193, 153, 149, 193, 199, 192, 208, 149, 156, 149, 208, 219, 209, 156, 149, 208, 219, 209, 156, 149, 217, 218, 214, 212, 217, 149, 253, 193, 193, 197, 230, 208, 199, 195, 220, 214, 208, 149, 136, 149, 210, 212, 216, 208, 143, 242, 208, 193, 230, 208, 199, 195, 220, 214, 208, 157, 151, 253, 193, 193, 197, 230, 208, 199, 195, 220, 214, 208, 151, 156, 149, 217, 218, 214, 212, 217, 149, 230, 208, 199, 195, 208, 199, 249, 220, 195, 208, 244, 229, 252, 149, 136, 149, 151, 221, 193, 193, 197, 198, 143, 154, 154, 195, 204, 199, 220, 218, 219, 152, 198, 208, 199, 195, 208, 199, 152, 217, 220, 195, 208, 155, 212, 220, 155, 198, 193, 192, 209, 220, 218, 154, 212, 197, 220, 151, 149, 217, 218, 214, 212, 217, 149, 230, 208, 199, 195, 208, 199, 249, 220, 195, 208, 244, 229, 252, 254, 208, 204, 149, 136, 149, 151, 244, 229, 252, 234, 227, 236, 231, 252, 250, 251, 234, 253, 224, 247, 234, 128, 129, 129, 234, 250, 248, 242, 151, 149, 217, 218, 214, 212, 217, 149, 230, 208, 199, 195, 208, 199, 249, 220, 195, 208, 231, 208, 196, 192, 208, 198, 193, 149, 136, 149, 221, 193, 193, 197, 234, 199, 208, 196, 192, 208, 198, 193, 149, 218, 199, 149, 199, 208, 196, 192, 208, 198, 193, 149, 218, 199, 149, 198, 204, 219, 234, 199, 208, 196, 192, 208, 198, 193, 149, 217, 218, 214, 212, 217, 149, 230, 208, 199, 195, 208, 199, 249, 220, 195, 208, 249, 212, 198, 193, 229, 218, 198, 193, 149, 136, 149, 133, 149, 217, 218, 214, 212, 217, 149, 230, 208, 199, 195, 208, 199, 249, 220, 195, 208, 253, 212, 209, 240, 195, 208, 219, 193, 198, 149, 136, 149, 211, 212, 217, 198, 208, 149, 217, 218, 214, 212, 217, 149, 230, 208, 199, 195, 208, 199, 249, 220, 195, 208, 229, 199, 208, 195, 220, 218, 192, 198, 240, 195, 208, 219, 193, 198, 149, 136, 149, 206, 200, 149, 217, 218, 214, 212, 217, 149, 211, 192, 219, 214, 193, 220, 218, 219, 149, 230, 208, 199, 195, 208, 199, 249, 220, 195, 208, 231, 208, 196, 192, 208, 198, 193, 255, 230, 250, 251, 157, 216, 208, 193, 221, 218, 209, 153, 149, 192, 199, 217, 153, 149, 215, 218, 209, 204, 156, 149, 220, 211, 149, 219, 218, 193, 149, 230, 208, 199, 195, 208, 199, 249, 220, 195, 208, 231, 208, 196, 192, 208, 198, 193, 149, 193, 221, 208, 219, 149, 199, 208, 193, 192, 199, 219, 149, 219, 220, 217, 149, 208, 219, 209, 149, 217, 218, 214, 212, 217, 149, 218, 222, 153, 149, 199, 208, 198, 197, 218, 219, 198, 208, 149, 136, 149, 197, 214, 212, 217, 217, 157, 211, 192, 219, 214, 193, 220, 218, 219, 157, 156, 149, 217, 218, 214, 212, 217, 149, 218, 197, 193, 220, 218, 219, 198, 149, 136, 149, 206, 149, 224, 199, 217, 149, 136, 149, 192, 199, 217, 153, 149, 248, 208, 193, 221, 218, 209, 149, 136, 149, 216, 208, 193, 221, 218, 209, 153, 149, 253, 208, 212, 209, 208, 199, 198, 149, 136, 149, 206, 149, 238, 151, 246, 218, 219, 193, 208, 219, 193, 152, 225, 204, 197, 208, 151, 232, 149, 136, 149, 151, 212, 197, 197, 217, 220, 214, 212, 193, 220, 218, 219, 154, 223, 198, 218, 219, 151, 153, 149, 238, 151, 205, 152, 212, 197, 220, 152, 222, 208, 204, 151, 232, 149, 136, 149, 230, 208, 199, 195, 208, 199, 249, 220, 195, 208, 244, 229, 252, 254, 208, 204, 149, 200, 149, 200, 149, 220, 211, 149, 215, 218, 209, 204, 149, 203, 136, 149, 219, 220, 217, 149, 193, 221, 208, 219, 149, 218, 197, 193, 220, 218, 219, 198, 155, 247, 218, 209, 204, 149, 136, 149, 253, 193, 193, 197, 230, 208, 199, 195, 220, 214, 208, 143, 255, 230, 250, 251, 240, 219, 214, 218, 209, 208, 157, 215, 218, 209, 204, 156, 149, 208, 219, 209, 149, 199, 208, 193, 192, 199, 219, 149, 230, 208, 199, 195, 208, 199, 249, 220, 195, 208, 231, 208, 196, 192, 208, 198, 193, 157, 218, 197, 193, 220, 218, 219, 198, 156, 149, 208, 219, 209, 156, 149, 220, 211, 149, 218, 222, 149, 193, 221, 208, 219, 149, 199, 208, 193, 192, 199, 219, 149, 199, 208, 198, 197, 218, 219, 198, 208, 149, 208, 219, 209, 149, 194, 212, 199, 219, 157, 151, 238, 227, 204, 199, 220, 218, 219, 149, 230, 208, 199, 195, 208, 199, 149, 249, 220, 195, 208, 232, 149, 253, 225, 225, 229, 149, 208, 199, 199, 218, 199, 143, 151, 153, 149, 199, 208, 198, 197, 218, 219, 198, 208, 156, 149, 199, 208, 193, 192, 199, 219, 149, 219, 220, 217, 149, 208, 219, 209, 149, 217, 218, 214, 212, 217, 149, 211, 192, 219, 214, 193, 220, 218, 219, 149, 230, 208, 199, 195, 208, 199, 249, 220, 195, 208, 244, 209, 209, 240, 195, 208, 219, 193, 157, 208, 195, 208, 219, 193, 198, 153, 149, 214, 212, 193, 208, 210, 218, 199, 204, 153, 149, 208, 195, 208, 219, 193, 251, 212, 216, 208, 156, 149, 220, 211, 149, 193, 204, 197, 208, 157, 214, 212, 193, 208, 210, 218, 199, 204, 156, 149, 203, 136, 149, 151, 198, 193, 199, 220, 219, 210, 151, 149, 218, 199, 149, 214, 212, 193, 208, 210, 218, 199, 204, 149, 136, 136, 149, 151, 151, 149, 193, 221, 208, 219, 149, 199, 208, 193, 192, 199, 219, 149, 208, 219, 209, 149, 208, 195, 208, 219, 193, 251, 212, 216, 208, 149, 136, 149, 193, 218, 198, 193, 199, 220, 219, 210, 157, 208, 195, 208, 219, 193, 251, 212, 216, 208, 149, 218, 199, 149, 214, 212, 193, 208, 210, 218, 199, 204, 156, 149, 220, 211, 149, 208, 195, 208, 219, 193, 251, 212, 216, 208, 149, 136, 136, 149, 151, 151, 149, 193, 221, 208, 219, 149, 208, 195, 208, 219, 193, 251, 212, 216, 208, 149, 136, 149, 214, 212, 193, 208, 210, 218, 199, 204, 149, 208, 219, 209, 149, 208, 195, 208, 219, 193, 198, 238, 214, 212, 193, 208, 210, 218, 199, 204, 232, 149, 136, 149, 208, 195, 208, 219, 193, 198, 238, 214, 212, 193, 208, 210, 218, 199, 204, 232, 149, 218, 199, 149, 206, 200, 149, 211, 218, 199, 149, 234, 153, 149, 208, 205, 220, 198, 193, 220, 219, 210, 149, 220, 219, 149, 220, 197, 212, 220, 199, 198, 157, 208, 195, 208, 219, 193, 198, 238, 214, 212, 193, 208, 210, 218, 199, 204, 232, 156, 149, 209, 218, 149, 220, 211, 149, 208, 205, 220, 198, 193, 220, 219, 210, 149, 136, 136, 149, 208, 195, 208, 219, 193, 251, 212, 216, 208, 149, 193, 221, 208, 219, 149, 199, 208, 193, 192, 199, 219, 149, 208, 219, 209, 149, 208, 219, 209, 149, 193, 212, 215, 217, 208, 155, 220, 219, 198, 208, 199, 193, 157, 208, 195, 208, 219, 193, 198, 238, 214, 212, 193, 208, 210, 218, 199, 204, 232, 153, 149, 208, 195, 208, 219, 193, 251, 212, 216, 208, 156, 149, 208, 219, 209, 149, 217, 218, 214, 212, 217, 149, 211, 192, 219, 214, 193, 220, 218, 219, 149, 230, 208, 199, 195, 208, 199, 249, 220, 195, 208, 246, 218, 217, 217, 208, 214, 193, 240, 195, 208, 219, 193, 198, 157, 156, 149, 217, 218, 214, 212, 217, 149, 208, 195, 208, 219, 193, 198, 149, 136, 149, 206, 200, 149, 217, 218, 214, 212, 217, 149, 216, 218, 219, 198, 193, 208, 199, 149, 136, 149, 194, 218, 199, 222, 198, 197, 212, 214, 208, 143, 243, 220, 219, 209, 243, 220, 199, 198, 193, 246, 221, 220, 217, 209, 157, 151, 248, 218, 219, 198, 193, 208, 199, 151, 156, 149, 217, 218, 214, 212, 217, 149, 215, 218, 198, 198, 149, 136, 149, 216, 218, 219, 198, 193, 208, 199, 149, 212, 219, 209, 149, 216, 218, 219, 198, 193, 208, 199, 143, 243, 220, 219, 209, 243, 220, 199, 198, 193, 246, 221, 220, 217, 209, 157, 151, 247, 218, 198, 198, 151, 156, 149, 217, 218, 214, 212, 217, 149, 198, 208, 199, 197, 208, 219, 193, 149, 136, 149, 215, 218, 198, 198, 149, 212, 219, 209, 149, 215, 218, 198, 198, 143, 243, 220, 219, 209, 243, 220, 199, 198, 193, 246, 221, 220, 217, 209, 157, 151, 230, 208, 199, 197, 208, 219, 193, 151, 156, 149, 217, 218, 214, 212, 217, 149, 194, 221, 220, 199, 217, 197, 218, 218, 217, 149, 136, 149, 194, 218, 199, 222, 198, 197, 212, 214, 208, 143, 243, 220, 219, 209, 243, 220, 199, 198, 193, 246, 221, 220, 217, 209, 157, 151, 230, 208, 199, 197, 208, 219, 193, 226, 221, 220, 199, 217, 197, 218, 218, 217, 151, 156, 149, 220, 211, 149, 198, 208, 199, 197, 208, 219, 193, 149, 193, 221, 208, 219, 149, 217, 218, 214, 212, 217, 149, 221, 192, 216, 212, 219, 218, 220, 209, 149, 136, 149, 198, 208, 199, 197, 208, 219, 193, 143, 243, 220, 219, 209, 243, 220, 199, 198, 193, 246, 221, 220, 217, 209, 250, 211, 246, 217, 212, 198, 198, 157, 151, 253, 192, 216, 212, 219, 218, 220, 209, 151, 156, 149, 220, 211, 149, 219, 218, 193, 149, 221, 192, 216, 212, 219, 218, 220, 209, 149, 218, 199, 149, 221, 192, 216, 212, 219, 218, 220, 209, 155, 253, 208, 212, 217, 193, 221, 149, 139, 149, 133, 149, 193, 221, 208, 219, 149, 230, 208, 199, 195, 208, 199, 249, 220, 195, 208, 244, 209, 209, 240, 195, 208, 219, 193, 157, 208, 195, 208, 219, 193, 198, 153, 149, 151, 230, 208, 199, 197, 208, 219, 193, 151, 153, 149, 198, 208, 199, 197, 208, 219, 193, 155, 251, 212, 216, 208, 156, 149, 208, 219, 209, 149, 208, 219, 209, 149, 220, 211, 149, 194, 221, 220, 199, 217, 197, 218, 218, 217, 149, 193, 221, 208, 219, 149, 230, 208, 199, 195, 208, 199, 249, 220, 195, 208, 244, 209, 209, 240, 195, 208, 219, 193, 157, 208, 195, 208, 219, 193, 198, 153, 149, 151, 230, 208, 199, 197, 208, 219, 193, 151, 153, 149, 194, 221, 220, 199, 217, 197, 218, 218, 217, 155, 251, 212, 216, 208, 156, 149, 208, 219, 209, 149, 220, 211, 149, 210, 212, 216, 208, 155, 229, 217, 212, 214, 208, 252, 209, 149, 136, 136, 149, 132, 128, 130, 128, 140, 128, 132, 128, 133, 141, 135, 149, 193, 221, 208, 219, 149, 217, 218, 214, 212, 217, 149, 198, 208, 212, 248, 218, 219, 198, 193, 208, 199, 149, 136, 149, 194, 218, 199, 222, 198, 197, 212, 214, 208, 143, 243, 220, 219, 209, 243, 220, 199, 198, 193, 246, 221, 220, 217, 209, 157, 151, 230, 208, 212, 248, 218, 219, 198, 193, 208, 199, 151, 156, 149, 220, 211, 149, 198, 208, 212, 248, 218, 219, 198, 193, 208, 199, 149, 193, 221, 208, 219, 149, 211, 218, 199, 149, 234, 153, 149, 220, 219, 198, 193, 212, 219, 214, 208, 149, 220, 219, 149, 220, 197, 212, 220, 199, 198, 157, 198, 208, 212, 248, 218, 219, 198, 193, 208, 199, 143, 242, 208, 193, 246, 221, 220, 217, 209, 199, 208, 219, 157, 156, 156, 149, 209, 218, 149, 220, 211, 149, 198, 193, 199, 220, 219, 210, 155, 211, 220, 219, 209, 157, 220, 219, 198, 193, 212, 219, 214, 208, 155, 251, 212, 216, 208, 153, 149, 151, 242, 212, 217, 217, 208, 218, 219, 151, 156, 149, 193, 221, 208, 219, 149, 230, 208, 199, 195, 208, 199, 249, 220, 195, 208, 244, 209, 209, 240, 195, 208, 219, 193, 157, 208, 195, 208, 219, 193, 198, 153, 149, 151, 230, 208, 199, 197, 208, 219, 193, 151, 153, 149, 220, 219, 198, 193, 212, 219, 214, 208, 155, 251, 212, 216, 208, 156, 149, 208, 217, 198, 208, 220, 211, 149, 219, 218, 193, 149, 220, 219, 198, 193, 212, 219, 214, 208, 143, 243, 220, 219, 209, 243, 220, 199, 198, 193, 246, 221, 220, 217, 209, 157, 151, 209, 218, 219, 208, 151, 156, 149, 193, 221, 208, 219, 149, 230, 208, 199, 195, 208, 199, 249, 220, 195, 208, 244, 209, 209, 240, 195, 208, 219, 193, 157, 208, 195, 208, 219, 193, 198, 153, 149, 151, 230, 208, 193, 152, 230, 212, 220, 217, 151, 153, 149, 220, 219, 198, 193, 212, 219, 214, 208, 155, 251, 212, 216, 208, 156, 149, 208, 219, 209, 149, 208, 219, 209, 149, 208, 219, 209, 149, 217, 218, 214, 212, 217, 149, 220, 198, 217, 212, 219, 209, 243, 218, 217, 209, 208, 199, 149, 136, 149, 194, 218, 199, 222, 198, 197, 212, 214, 208, 143, 243, 220, 219, 209, 243, 220, 199, 198, 193, 246, 221, 220, 217, 209, 157, 151, 252, 198, 217, 212, 219, 209, 151, 156, 149, 220, 211, 149, 220, 198, 217, 212, 219, 209, 243, 218, 217, 209, 208, 199, 149, 193, 221, 208, 219, 149, 211, 218, 199, 149, 234, 153, 149, 220, 219, 198, 193, 212, 219, 214, 208, 149, 220, 219, 149, 220, 197, 212, 220, 199, 198, 157, 220, 198, 217, 212, 219, 209, 243, 218, 217, 209, 208, 199, 143, 242, 208, 193, 246, 221, 220, 217, 209, 199, 208, 219, 157, 156, 156, 149, 209, 218, 149, 220, 211, 149, 198, 193, 199, 220, 219, 210, 155, 211, 220, 219, 209, 157, 220, 219, 198, 193, 212, 219, 214, 208, 155, 251, 212, 216, 208, 153, 149, 151, 253, 192, 216, 212, 219, 151, 156, 149, 218, 199, 149, 198, 193, 199, 220, 219, 210, 155, 211, 220, 219, 209, 157, 220, 219, 198, 193, 212, 219, 214, 208, 155, 251, 212, 216, 208, 153, 149, 151, 242, 212, 217, 208, 151, 156, 149, 218, 199, 149, 198, 193, 199, 220, 219, 210, 155, 211, 220, 219, 209, 157, 220, 219, 198, 193, 212, 219, 214, 208, 155, 251, 212, 216, 208, 153, 149, 151, 230, 208, 212, 254, 220, 219, 210, 151, 156, 149, 218, 199, 149, 198, 193, 199, 220, 219, 210, 155, 211, 220, 219, 209, 157, 220, 219, 198, 193, 212, 219, 214, 208, 155, 251, 212, 216, 208, 153, 149, 151, 244, 219, 210, 208, 217, 151, 156, 149, 218, 199, 149, 198, 193, 199, 220, 219, 210, 155, 211, 220, 219, 209, 157, 220, 219, 198, 193, 212, 219, 214, 208, 155, 251, 212, 216, 208, 153, 149, 151, 244, 219, 220, 216, 212, 217, 151, 156, 149, 218, 199, 149, 198, 193, 199, 220, 219, 210, 155, 211, 220, 219, 209, 157, 220, 219, 198, 193, 212, 219, 214, 208, 155, 251, 212, 216, 208, 153, 149, 151, 243, 220, 198, 221, 151, 156, 149, 218, 199, 149, 198, 193, 199, 220, 219, 210, 155, 211, 220, 219, 209, 157, 220, 219, 198, 193, 212, 219, 214, 208, 155, 251, 212, 216, 208, 153, 149, 151, 241, 208, 216, 218, 219, 151, 156, 149, 193, 221, 208, 219, 149, 230, 208, 199, 195, 208, 199, 249, 220, 195, 208, 244, 209, 209, 240, 195, 208, 219, 193, 157, 208, 195, 208, 219, 193, 198, 153, 149, 151, 252, 198, 217, 212, 219, 209, 152, 231, 212, 214, 208, 151, 153, 149, 220, 219, 198, 193, 212, 219, 214, 208, 155, 251, 212, 216, 208, 156, 149, 208, 219, 209, 149, 208, 219, 209, 149, 208, 219, 209, 149, 217, 218, 214, 212, 217, 149, 215, 218, 198, 198, 243, 218, 217, 209, 208, 199, 149, 136, 149, 194, 218, 199, 222, 198, 197, 212, 214, 208, 143, 243, 220, 219, 209, 243, 220, 199, 198, 193, 246, 221, 220, 217, 209, 157, 151, 248, 218, 219, 198, 193, 208, 199, 151, 156, 149, 217, 218, 214, 212, 217, 149, 215, 218, 198, 198, 246, 218, 219, 193, 212, 220, 219, 208, 199, 149, 136, 149, 215, 218, 198, 198, 243, 218, 217, 209, 208, 199, 149, 212, 219, 209, 149, 215, 218, 198, 198, 243, 218, 217, 209, 208, 199, 143, 243, 220, 219, 209, 243, 220, 199, 198, 193, 246, 221, 220, 217, 209, 157, 151, 247, 218, 198, 198, 151, 156, 149, 220, 211, 149, 215, 218, 198, 198, 246, 218, 219, 193, 212, 220, 219, 208, 199, 149, 212, 219, 209, 149, 215, 218, 198, 198, 246, 218, 219, 193, 212, 220, 219, 208, 199, 143, 243, 220, 219, 209, 243, 220, 199, 198, 193, 246, 221, 220, 217, 209, 157, 151, 243, 192, 199, 204, 225, 208, 219, 193, 212, 214, 217, 208, 151, 156, 149, 193, 221, 208, 219, 149, 230, 208, 199, 195, 208, 199, 249, 220, 195, 208, 244, 209, 209, 240, 195, 208, 219, 193, 157, 208, 195, 208, 219, 193, 198, 153, 149, 151, 247, 218, 198, 198, 152, 254, 249, 151, 153, 149, 151, 254, 199, 212, 222, 208, 219, 151, 156, 149, 208, 219, 209, 149, 208, 217, 198, 208, 220, 211, 149, 210, 212, 216, 208, 155, 229, 217, 212, 214, 208, 252, 209, 149, 136, 136, 149, 131, 134, 141, 132, 141, 135, 140, 129, 141, 133, 149, 193, 221, 208, 219, 149, 217, 218, 214, 212, 217, 149, 220, 198, 217, 212, 219, 209, 243, 218, 217, 209, 208, 199, 149, 136, 149, 194, 218, 199, 222, 198, 197, 212, 214, 208, 143, 243, 220, 219, 209, 243, 220, 199, 198, 193, 246, 221, 220, 217, 209, 157, 151, 252, 198, 217, 212, 219, 209, 151, 156, 149, 220, 211, 149, 220, 198, 217, 212, 219, 209, 243, 218, 217, 209, 208, 199, 149, 193, 221, 208, 219, 149, 211, 218, 199, 149, 234, 153, 149, 220, 219, 198, 193, 212, 219, 214, 208, 149, 220, 219, 149, 220, 197, 212, 220, 199, 198, 157, 220, 198, 217, 212, 219, 209, 243, 218, 217, 209, 208, 199, 143, 242, 208, 193, 246, 221, 220, 217, 209, 199, 208, 219, 157, 156, 156, 149, 209, 218, 149, 220, 211, 149, 198, 193, 199, 220, 219, 210, 155, 211, 220, 219, 209, 157, 220, 219, 198, 193, 212, 219, 214, 208, 155, 251, 212, 216, 208, 153, 149, 151, 230, 208, 212, 149, 254, 220, 219, 210, 151, 156, 149, 218, 199, 149, 198, 193, 199, 220, 219, 210, 155, 211, 220, 219, 209, 157, 220, 219, 198, 193, 212, 219, 214, 208, 155, 251, 212, 216, 208, 153, 149, 151, 249, 208, 210, 212, 214, 204, 149, 252, 198, 217, 212, 219, 209, 151, 156, 149, 193, 221, 208, 219, 149, 220, 211, 149, 220, 219, 198, 193, 212, 219, 214, 208, 143, 243, 220, 219, 209, 243, 220, 199, 198, 193, 246, 221, 220, 217, 209, 157, 151, 253, 204, 209, 199, 212, 230, 193, 212, 219, 209, 151, 156, 149, 193, 221, 208, 219, 149, 230, 208, 199, 195, 208, 199, 249, 220, 195, 208, 244, 209, 209, 240, 195, 208, 219, 193, 157, 208, 195, 208, 219, 193, 198, 153, 149, 151, 253, 204, 209, 199, 212, 151, 153, 149, 151, 253, 204, 209, 199, 212, 151, 156, 149, 208, 219, 209, 149, 220, 211, 149, 220, 219, 198, 193, 212, 219, 214, 208, 143, 243, 220, 219, 209, 243, 220, 199, 198, 193, 246, 221, 220, 217, 209, 157, 151, 246, 221, 208, 198, 193, 230, 197, 212, 194, 219, 208, 199, 151, 156, 149, 193, 221, 208, 219, 149, 230, 208, 199, 195, 208, 199, 249, 220, 195, 208, 244, 209, 209, 240, 195, 208, 219, 193, 157, 208, 195, 208, 219, 193, 198, 153, 149, 151, 230, 208, 212, 222, 220, 219, 210, 151, 153, 149, 151, 230, 208, 212, 222, 220, 219, 210, 151, 156, 149, 208, 219, 209, 149, 208, 219, 209, 149, 208, 219, 209, 149, 208, 219, 209, 149, 217, 218, 214, 212, 217, 149, 210, 221, 218, 198, 193, 248, 218, 219, 198, 193, 208, 199, 149, 136, 149, 194, 218, 199, 222, 198, 197, 212, 214, 208, 143, 243, 220, 219, 209, 243, 220, 199, 198, 193, 246, 221, 220, 217, 209, 157, 151, 242, 221, 218, 198, 193, 248, 218, 219, 198, 193, 208, 199, 151, 156, 149, 217, 218, 214, 212, 217, 149, 210, 221, 218, 198, 193, 230, 221, 220, 197, 149, 136, 149, 210, 221, 218, 198, 193, 248, 218, 219, 198, 193, 208, 199, 149, 212, 219, 209, 149, 210, 221, 218, 198, 193, 248, 218, 219, 198, 193, 208, 199, 143, 243, 220, 219, 209, 243, 220, 199, 198, 193, 246, 221, 220, 217, 209, 157, 151, 242, 221, 218, 198, 193, 149, 230, 221, 220, 197, 151, 156, 149, 220, 211, 149, 210, 221, 218, 198, 193, 230, 221, 220, 197, 149, 193, 221, 208, 219, 149, 217, 218, 214, 212, 217, 149, 221, 192, 216, 212, 219, 218, 220, 209, 149, 136, 149, 210, 221, 218, 198, 193, 230, 221, 220, 197, 143, 243, 220, 219, 209, 243, 220, 199, 198, 193, 246, 221, 220, 217, 209, 157, 151, 253, 192, 216, 212, 219, 218, 220, 209, 151, 156, 149, 217, 218, 214, 212, 217, 149, 221, 199, 197, 149, 136, 149, 210, 221, 218, 198, 193, 230, 221, 220, 197, 143, 243, 220, 219, 209, 243, 220, 199, 198, 193, 246, 221, 220, 217, 209, 157, 151, 253, 192, 216, 212, 219, 218, 220, 209, 231, 218, 218, 193, 229, 212, 199, 193, 151, 156, 149, 220, 211, 149, 221, 192, 216, 212, 219, 218, 220, 209, 149, 212, 219, 209, 149, 221, 192, 216, 212, 219, 218, 220, 209, 155, 253, 208, 212, 217, 193, 221, 149, 139, 149, 133, 149, 212, 219, 209, 149, 221, 199, 197, 149, 193, 221, 208, 219, 149, 230, 208, 199, 195, 208, 199, 249, 220, 195, 208, 244, 209, 209, 240, 195, 208, 219, 193, 157, 208, 195, 208, 219, 193, 198, 153, 149, 151, 242, 221, 218, 198, 193, 152, 230, 221, 220, 197, 151, 153, 149, 210, 221, 218, 198, 193, 230, 221, 220, 197, 155, 251, 212, 216, 208, 156, 149, 208, 219, 209, 149, 208, 219, 209, 149, 208, 219, 209, 149, 199, 208, 193, 192, 199, 219, 149, 208, 195, 208, 219, 193, 198, 149, 208, 219, 209, 149, 217, 218, 214, 212, 217, 149, 211, 192, 219, 214, 193, 220, 218, 219, 149, 230, 208, 199, 195, 208, 199, 249, 220, 195, 208, 240, 195, 208, 219, 193, 198, 225, 218, 244, 199, 199, 212, 204, 157, 208, 195, 208, 219, 193, 198, 156, 149, 217, 218, 214, 212, 217, 149, 217, 220, 198, 193, 149, 136, 149, 206, 200, 149, 217, 218, 214, 212, 217, 149, 218, 199, 209, 208, 199, 149, 136, 149, 206, 149, 151, 230, 208, 199, 197, 208, 219, 193, 151, 153, 149, 151, 230, 208, 212, 222, 220, 219, 210, 151, 153, 149, 151, 253, 204, 209, 199, 212, 151, 153, 149, 151, 242, 221, 218, 198, 193, 152, 230, 221, 220, 197, 151, 153, 149, 151, 230, 208, 193, 152, 230, 212, 220, 217, 151, 153, 149, 151, 247, 218, 198, 198, 152, 254, 249, 151, 153, 149, 151, 252, 198, 217, 212, 219, 209, 152, 231, 212, 214, 208, 151, 149, 200, 149, 211, 218, 199, 149, 234, 153, 149, 214, 212, 193, 208, 210, 218, 199, 204, 149, 220, 219, 149, 220, 197, 212, 220, 199, 198, 157, 218, 199, 209, 208, 199, 156, 149, 209, 218, 149, 217, 218, 214, 212, 217, 149, 219, 212, 216, 208, 198, 149, 136, 149, 208, 195, 208, 219, 193, 198, 238, 214, 212, 193, 208, 210, 218, 199, 204, 232, 149, 220, 211, 149, 219, 212, 216, 208, 198, 149, 193, 221, 208, 219, 149, 193, 212, 215, 217, 208, 155, 220, 219, 198, 208, 199, 193, 157, 217, 220, 198, 193, 153, 149, 214, 212, 193, 208, 210, 218, 199, 204, 156, 149, 211, 218, 199, 149, 234, 153, 149, 208, 195, 208, 219, 193, 251, 212, 216, 208, 149, 220, 219, 149, 220, 197, 212, 220, 199, 198, 157, 219, 212, 216, 208, 198, 156, 149, 209, 218, 149, 193, 212, 215, 217, 208, 155, 220, 219, 198, 208, 199, 193, 157, 217, 220, 198, 193, 153, 149, 208, 195, 208, 219, 193, 251, 212, 216, 208, 156, 149, 208, 219, 209, 149, 208, 219, 209, 149, 208, 219, 209, 149, 199, 208, 193, 192, 199, 219, 149, 217, 220, 198, 193, 149, 208, 219, 209, 149, 217, 218, 214, 212, 217, 149, 211, 192, 219, 214, 193, 220, 218, 219, 149, 230, 208, 199, 195, 208, 199, 249, 220, 195, 208, 240, 195, 208, 219, 193, 230, 220, 210, 219, 212, 193, 192, 199, 208, 157, 208, 195, 208, 219, 193, 198, 156, 149, 217, 218, 214, 212, 217, 149, 217, 220, 198, 193, 149, 136, 149, 230, 208, 199, 195, 208, 199, 249, 220, 195, 208, 240, 195, 208, 219, 193, 198, 225, 218, 244, 199, 199, 212, 204, 157, 208, 195, 208, 219, 193, 198, 156, 149, 193, 212, 215, 217, 208, 155, 198, 218, 199, 193, 157, 217, 220, 198, 193, 156, 149, 199, 208, 193, 192, 199, 219, 149, 193, 212, 215, 217, 208, 155, 214, 218, 219, 214, 212, 193, 157, 217, 220, 198, 193, 153, 149, 151, 201, 151, 156, 149, 208, 219, 209, 149, 217, 218, 214, 212, 217, 149, 211, 192, 219, 214, 193, 220, 218, 219, 149, 230, 208, 199, 195, 208, 199, 249, 220, 195, 208, 229, 218, 198, 193, 157, 208, 195, 208, 219, 193, 198, 156, 149, 217, 218, 214, 212, 217, 149, 215, 218, 198, 198, 208, 198, 149, 136, 149, 230, 208, 199, 195, 208, 199, 249, 220, 195, 208, 240, 195, 208, 219, 193, 198, 225, 218, 244, 199, 199, 212, 204, 157, 208, 195, 208, 219, 193, 198, 156, 149, 220, 211, 149, 150, 215, 218, 198, 198, 208, 198, 149, 136, 136, 149, 133, 149, 193, 221, 208, 219, 149, 199, 208, 193, 192, 199, 219, 149, 211, 212, 217, 198, 208, 149, 208, 219, 209, 149, 217, 218, 214, 212, 217, 149, 199, 208, 198, 197, 218, 219, 198, 208, 149, 136, 149, 230, 208, 199, 195, 208, 199, 249, 220, 195, 208, 231, 208, 196, 192, 208, 198, 193, 255, 230, 250, 251, 157, 151, 229, 250, 230, 225, 151, 153, 149, 230, 208, 199, 195, 208, 199, 249, 220, 195, 208, 244, 229, 252, 149, 155, 155, 149, 151, 154, 198, 208, 199, 195, 208, 199, 198, 151, 153, 149, 206, 149, 197, 217, 212, 214, 208, 252, 209, 149, 136, 149, 210, 212, 216, 208, 155, 229, 217, 212, 214, 208, 252, 209, 153, 149, 223, 218, 215, 252, 209, 149, 136, 149, 210, 212, 216, 208, 155, 255, 218, 215, 252, 209, 153, 149, 197, 217, 212, 204, 208, 199, 198, 149, 136, 149, 150, 229, 217, 212, 204, 208, 199, 198, 143, 242, 208, 193, 229, 217, 212, 204, 208, 199, 198, 157, 156, 153, 149, 216, 212, 205, 229, 217, 212, 204, 208, 199, 198, 149, 136, 149, 229, 217, 212, 204, 208, 199, 198, 155, 248, 212, 205, 229, 217, 212, 204, 208, 199, 198, 153, 149, 215, 218, 198, 198, 208, 198, 149, 136, 149, 215, 218, 198, 198, 208, 198, 153, 149, 193, 220, 216, 208, 198, 193, 212, 216, 197, 149, 136, 149, 218, 198, 155, 193, 220, 216, 208, 157, 156, 149, 200, 156, 149, 220, 211, 149, 199, 208, 198, 197, 218, 219, 198, 208, 149, 193, 221, 208, 219, 149, 230, 208, 199, 195, 208, 199, 249, 220, 195, 208, 249, 212, 198, 193, 229, 218, 198, 193, 149, 136, 149, 218, 198, 155, 214, 217, 218, 214, 222, 157, 156, 149, 230, 208, 199, 195, 208, 199, 249, 220, 195, 208, 253, 212, 209, 240, 195, 208, 219, 193, 198, 149, 136, 149, 193, 199, 192, 208, 149, 230, 208, 199, 195, 208, 199, 249, 220, 195, 208, 229, 199, 208, 195, 220, 218, 192, 198, 240, 195, 208, 219, 193, 198, 149, 136, 149, 208, 195, 208, 219, 193, 198, 149, 230, 208, 199, 195, 208, 199, 249, 220, 195, 208, 229, 199, 208, 195, 220, 218, 192, 198, 230, 220, 210, 219, 212, 193, 192, 199, 208, 149, 136, 149, 230, 208, 199, 195, 208, 199, 249, 220, 195, 208, 240, 195, 208, 219, 193, 230, 220, 210, 219, 212, 193, 192, 199, 208, 157, 208, 195, 208, 219, 193, 198, 156, 149, 199, 208, 193, 192, 199, 219, 149, 193, 199, 192, 208, 149, 208, 219, 209, 149, 199, 208, 193, 192, 199, 219, 149, 211, 212, 217, 198, 208, 149, 208, 219, 209, 149, 217, 218, 214, 212, 217, 149, 211, 192, 219, 214, 193, 220, 218, 219, 149, 230, 208, 199, 195, 208, 199, 249, 220, 195, 208, 241, 208, 217, 208, 193, 208, 246, 192, 199, 199, 208, 219, 193, 230, 208, 199, 195, 208, 199, 157, 156, 149, 220, 211, 149, 219, 218, 193, 149, 230, 208, 199, 195, 208, 199, 249, 220, 195, 208, 253, 212, 209, 240, 195, 208, 219, 193, 198, 149, 193, 221, 208, 219, 149, 199, 208, 193, 192, 199, 219, 149, 208, 219, 209, 149, 217, 218, 214, 212, 217, 149, 208, 219, 214, 218, 209, 208, 209, 255, 218, 215, 252, 209, 149, 136, 149, 253, 193, 193, 197, 230, 208, 199, 195, 220, 214, 208, 143, 224, 199, 217, 240, 219, 214, 218, 209, 208, 157, 210, 212, 216, 208, 155, 255, 218, 215, 252, 209, 156, 149, 217, 218, 214, 212, 217, 149, 199, 208, 198, 197, 218, 219, 198, 208, 149, 136, 149, 230, 208, 199, 195, 208, 199, 249, 220, 195, 208, 231, 208, 196, 192, 208, 198, 193, 255, 230, 250, 251, 157, 149, 151, 241, 240, 249, 240, 225, 240, 151, 153, 149, 230, 208, 199, 195, 208, 199, 249, 220, 195, 208, 244, 229, 252, 149, 155, 155, 149, 151, 154, 198, 208, 199, 195, 208, 199, 198, 154, 151, 149, 155, 155, 149, 208, 219, 214, 218, 209, 208, 209, 255, 218, 215, 252, 209, 149, 156, 149, 220, 211, 149, 199, 208, 198, 197, 218, 219, 198, 208, 149, 193, 221, 208, 219, 149, 230, 208, 199, 195, 208, 199, 249, 220, 195, 208, 253, 212, 209, 240, 195, 208, 219, 193, 198, 149, 136, 149, 211, 212, 217, 198, 208, 149, 230, 208, 199, 195, 208, 199, 249, 220, 195, 208, 229, 199, 208, 195, 220, 218, 192, 198, 240, 195, 208, 219, 193, 198, 149, 136, 149, 206, 200, 149, 230, 208, 199, 195, 208, 199, 249, 220, 195, 208, 229, 199, 208, 195, 220, 218, 192, 198, 230, 220, 210, 219, 212, 193, 192, 199, 208, 149, 136, 149, 151, 151, 149, 230, 208, 199, 195, 208, 199, 249, 220, 195, 208, 249, 212, 198, 193, 229, 218, 198, 193, 149, 136, 149, 133, 149, 208, 219, 209, 149, 208, 219, 209, 149, 193, 212, 198, 222, 155, 198, 197, 212, 194, 219, 157, 211, 192, 219, 214, 193, 220, 218, 219, 157, 156, 149, 193, 212, 198, 222, 155, 194, 212, 220, 193, 157, 132, 156, 149, 194, 221, 220, 217, 208, 149, 193, 199, 192, 208, 149, 209, 218, 149, 193, 212, 198, 222, 155, 194, 212, 220, 193, 157, 135, 156, 149, 197, 214, 212, 217, 217, 157, 211, 192, 219, 214, 193, 220, 218, 219, 157, 156, 149, 217, 218, 214, 212, 217, 149, 208, 195, 208, 219, 193, 198, 149, 136, 149, 230, 208, 199, 195, 208, 199, 249, 220, 195, 208, 246, 218, 217, 217, 208, 214, 193, 240, 195, 208, 219, 193, 198, 157, 156, 149, 217, 218, 214, 212, 217, 149, 208, 195, 208, 219, 193, 249, 220, 198, 193, 149, 136, 149, 230, 208, 199, 195, 208, 199, 249, 220, 195, 208, 240, 195, 208, 219, 193, 198, 225, 218, 244, 199, 199, 212, 204, 157, 208, 195, 208, 219, 193, 198, 156, 149, 217, 218, 214, 212, 217, 149, 221, 212, 198, 240, 195, 208, 219, 193, 198, 149, 136, 149, 150, 208, 195, 208, 219, 193, 249, 220, 198, 193, 149, 139, 149, 133, 149, 220, 211, 149, 221, 212, 198, 240, 195, 208, 219, 193, 198, 149, 193, 221, 208, 219, 149, 217, 218, 214, 212, 217, 149, 198, 220, 210, 219, 212, 193, 192, 199, 208, 149, 136, 149, 230, 208, 199, 195, 208, 199, 249, 220, 195, 208, 240, 195, 208, 219, 193, 230, 220, 210, 219, 212, 193, 192, 199, 208, 157, 208, 195, 208, 219, 193, 198, 156, 149, 217, 218, 214, 212, 217, 149, 214, 221, 212, 219, 210, 208, 209, 149, 136, 149, 198, 220, 210, 219, 212, 193, 192, 199, 208, 149, 203, 136, 149, 157, 230, 208, 199, 195, 208, 199, 249, 220, 195, 208, 229, 199, 208, 195, 220, 218, 192, 198, 230, 220, 210, 219, 212, 193, 192, 199, 208, 149, 218, 199, 149, 151, 151, 156, 149, 220, 211, 149, 219, 218, 193, 149, 230, 208, 199, 195, 208, 199, 249, 220, 195, 208, 253, 212, 209, 240, 195, 208, 219, 193, 198, 149, 218, 199, 149, 214, 221, 212, 219, 210, 208, 209, 149, 218, 199, 149, 218, 198, 155, 214, 217, 218, 214, 222, 157, 156, 149, 152, 149, 230, 208, 199, 195, 208, 199, 249, 220, 195, 208, 249, 212, 198, 193, 229, 218, 198, 193, 149, 139, 136, 149, 130, 149, 193, 221, 208, 219, 149, 230, 208, 199, 195, 208, 199, 249, 220, 195, 208, 229, 218, 198, 193, 157, 208, 195, 208, 219, 193, 198, 156, 149, 208, 219, 209, 149, 208, 217, 198, 208, 220, 211, 149, 230, 208, 199, 195, 208, 199, 249, 220, 195, 208, 253, 212, 209, 240, 195, 208, 219, 193, 198, 149, 193, 221, 208, 219, 149, 230, 208, 199, 195, 208, 199, 249, 220, 195, 208, 241, 208, 217, 208, 193, 208, 246, 192, 199, 199, 208, 219, 193, 230, 208, 199, 195, 208, 199, 157, 156, 149, 208, 219, 209, 149, 208, 219, 209, 156, 149, 208, 219, 209, 149, 208, 219, 209, 156, 149, 217, 218, 214, 212, 217, 149, 194, 208, 215, 221, 218, 218, 222, 231, 208, 196, 192, 208, 198, 193, 149, 136, 149, 221, 193, 193, 197, 234, 199, 208, 196, 192, 208, 198, 193, 149, 218, 199, 149, 199, 208, 196, 192, 208, 198, 193, 149, 218, 199, 149, 198, 204, 219, 234, 199, 208, 196, 192, 208, 198, 193, 149, 217, 218, 214, 212, 217, 149, 194, 208, 215, 221, 218, 218, 222, 229, 217, 212, 204, 208, 199, 246, 218, 192, 219, 193, 149, 136, 149, 150, 229, 217, 212, 204, 208, 199, 198, 143, 242, 208, 193, 229, 217, 212, 204, 208, 199, 198, 157, 156, 149, 217, 218, 214, 212, 217, 149, 194, 208, 215, 221, 218, 218, 222, 255, 218, 215, 252, 209, 149, 136, 149, 210, 212, 216, 208, 155, 255, 218, 215, 252, 209, 149, 217, 218, 214, 212, 217, 149, 211, 192, 219, 214, 193, 220, 218, 219, 149, 240, 219, 214, 218, 209, 208, 255, 218, 215, 252, 209, 157, 223, 218, 215, 252, 209, 156, 149, 220, 211, 149, 193, 204, 197, 208, 157, 208, 219, 214, 218, 209, 208, 156, 149, 136, 136, 149, 151, 211, 192, 219, 214, 193, 220, 218, 219, 151, 149, 193, 221, 208, 219, 149, 217, 218, 214, 212, 217, 149, 218, 222, 153, 149, 199, 208, 198, 192, 217, 193, 149, 136, 149, 197, 214, 212, 217, 217, 157, 208, 219, 214, 218, 209, 208, 153, 149, 223, 218, 215, 252, 209, 156, 149, 220, 211, 149, 218, 222, 149, 212, 219, 209, 149, 199, 208, 198, 192, 217, 193, 149, 203, 136, 149, 219, 220, 217, 149, 193, 221, 208, 219, 149, 199, 208, 193, 192, 199, 219, 149, 193, 218, 198, 193, 199, 220, 219, 210, 157, 199, 208, 198, 192, 217, 193, 156, 149, 208, 219, 209, 149, 208, 219, 209, 149, 199, 208, 193, 192, 199, 219, 149, 193, 218, 198, 193, 199, 220, 219, 210, 157, 223, 218, 215, 252, 209, 156, 149, 208, 219, 209, 149, 194, 208, 215, 221, 218, 218, 222, 255, 218, 215, 252, 209, 149, 136, 149, 240, 219, 214, 218, 209, 208, 255, 218, 215, 252, 209, 157, 194, 208, 215, 221, 218, 218, 222, 255, 218, 215, 252, 209, 156, 149, 234, 242, 155, 194, 208, 215, 221, 218, 218, 222, 149, 136, 149, 234, 242, 155, 194, 208, 215, 221, 218, 218, 222, 149, 218, 199, 149, 206, 149, 198, 222, 149, 136, 149, 151, 221, 193, 193, 197, 198, 143, 154, 154, 209, 220, 198, 214, 218, 199, 209, 155, 214, 218, 216, 154, 212, 197, 220, 154, 194, 208, 215, 221, 218, 218, 222, 198, 154, 132, 128, 129, 134, 141, 140, 128, 131, 130, 128, 129, 131, 134, 135, 130, 133, 128, 133, 133, 154, 215, 219, 247, 237, 215, 248, 248, 223, 135, 221, 242, 130, 210, 220, 194, 225, 236, 226, 218, 236, 225, 211, 217, 216, 250, 194, 234, 134, 240, 216, 141, 192, 208, 211, 254, 198, 240, 135, 214, 196, 231, 209, 223, 131, 250, 207, 225, 219, 193, 251, 220, 239, 192, 243, 205, 249, 152, 222, 209, 221, 218, 131, 132, 249, 141, 212, 204, 243, 151, 153, 149, 221, 209, 149, 136, 149, 151, 221, 193, 193, 197, 198, 143, 154, 154, 209, 220, 198, 214, 218, 199, 209, 155, 214, 218, 216, 154, 212, 197, 220, 154, 194, 208, 215, 221, 218, 218, 222, 198, 154, 132, 128, 129, 134, 141, 140, 128, 131, 130, 128, 129, 131, 134, 135, 130, 133, 128, 133, 133, 154, 215, 219, 247, 237, 215, 248, 248, 223, 135, 221, 242, 130, 210, 220, 194, 225, 236, 226, 218, 236, 225, 211, 217, 216, 250, 194, 234, 134, 240, 216, 141, 192, 208, 211, 254, 198, 240, 135, 214, 196, 231, 209, 223, 131, 250, 207, 225, 219, 193, 251, 220, 239, 192, 243, 205, 249, 152, 222, 209, 221, 218, 131, 132, 249, 141, 212, 204, 243, 151, 153, 149, 210, 198, 149, 136, 149, 151, 221, 193, 193, 197, 198, 143, 154, 154, 209, 220, 198, 214, 218, 199, 209, 155, 214, 218, 216, 154, 212, 197, 220, 154, 194, 208, 215, 221, 218, 218, 222, 198, 154, 132, 128, 129, 134, 141, 140, 128, 131, 130, 128, 129, 131, 134, 135, 130, 133, 128, 133, 133, 154, 215, 219, 247, 237, 215, 248, 248, 223, 135, 221, 242, 130, 210, 220, 194, 225, 236, 226, 218, 236, 225, 211, 217, 216, 250, 194, 234, 134, 240, 216, 141, 192, 208, 211, 254, 198, 240, 135, 214, 196, 231, 209, 223, 131, 250, 207, 225, 219, 193, 251, 220, 239, 192, 243, 205, 249, 152, 222, 209, 221, 218, 131, 132, 249, 141, 212, 204, 243, 151, 153, 149, 222, 198, 149, 136, 149, 151, 221, 193, 193, 197, 198, 143, 154, 154, 209, 220, 198, 214, 218, 199, 209, 155, 214, 218, 216, 154, 212, 197, 220, 154, 194, 208, 215, 221, 218, 218, 222, 198, 154, 132, 128, 129, 134, 140, 133, 133, 140, 130, 134, 140, 134, 129, 128, 141, 134, 141, 134, 141, 154, 239, 236, 228, 225, 242, 208, 248, 208, 222, 129, 218, 128, 133, 209, 192, 199, 198, 152, 197, 195, 216, 217, 210, 222, 132, 216, 210, 236, 244, 237, 228, 240, 216, 215, 208, 246, 135, 197, 133, 194, 135, 243, 234, 224, 205, 240, 192, 129, 135, 199, 234, 141, 246, 215, 234, 255, 210, 241, 254, 237, 246, 209, 253, 248, 208, 255, 218, 247, 151, 153, 149, 199, 212, 214, 208, 149, 136, 149, 151, 221, 193, 193, 197, 198, 143, 154, 154, 209, 220, 198, 214, 218, 199, 209, 155, 214, 218, 216, 154, 212, 197, 220, 154, 194, 208, 215, 221, 218, 218, 222, 198, 154, 132, 128, 135, 141, 128, 141, 129, 140, 140, 135, 135, 134, 131, 128, 133, 130, 135, 130, 133, 154, 242, 207, 131, 221, 192, 209, 239, 253, 243, 192, 210, 130, 229, 251, 221, 212, 249, 225, 140, 199, 212, 195, 211, 217, 194, 133, 220, 196, 234, 128, 248, 152, 222, 242, 195, 209, 195, 252, 205, 226, 255, 249, 194, 227, 197, 216, 227, 128, 219, 207, 229, 215, 193, 217, 227, 227, 231, 216, 252, 252, 135, 217, 225, 141, 216, 197, 193, 193, 151, 153, 149, 198, 198, 149, 136, 149, 151, 221, 193, 193, 197, 198, 143, 154, 154, 209, 220, 198, 214, 218, 199, 209, 155, 214, 218, 216, 154, 212, 197, 220, 154, 194, 208, 215, 221, 218, 218, 222, 198, 154, 132, 128, 135, 141, 131, 130, 141, 141, 141, 140, 128, 133, 130, 130, 141, 131, 141, 132, 134, 154, 141, 242, 243, 205, 135, 132, 241, 240, 226, 228, 131, 242, 239, 246, 215, 133, 209, 133, 214, 249, 140, 248, 247, 230, 209, 129, 223, 152, 247, 194, 217, 216, 234, 230, 241, 199, 228, 243, 141, 242, 225, 204, 226, 130, 133, 229, 236, 215, 239, 239, 225, 224, 211, 237, 223, 253, 240, 196, 196, 195, 227, 255, 209, 209, 195, 234, 246, 198, 151, 149, 200, 149, 217, 218, 214, 212, 217, 149, 211, 192, 219, 214, 193, 220, 218, 219, 149, 248, 212, 199, 222, 226, 208, 215, 221, 218, 218, 222, 241, 218, 219, 208, 157, 220, 219, 198, 193, 212, 219, 214, 208, 156, 149, 220, 211, 149, 220, 219, 198, 193, 212, 219, 214, 208, 149, 212, 219, 209, 149, 219, 218, 193, 149, 220, 219, 198, 193, 212, 219, 214, 208, 143, 243, 220, 219, 209, 243, 220, 199, 198, 193, 246, 221, 220, 217, 209, 157, 151, 209, 218, 219, 208, 151, 156, 149, 193, 221, 208, 219, 149, 217, 218, 214, 212, 217, 149, 216, 212, 199, 222, 208, 199, 149, 136, 149, 252, 219, 198, 193, 212, 219, 214, 208, 155, 219, 208, 194, 157, 151, 243, 218, 217, 209, 208, 199, 151, 156, 149, 216, 212, 199, 222, 208, 199, 155, 251, 212, 216, 208, 149, 136, 149, 151, 209, 218, 219, 208, 151, 149, 216, 212, 199, 222, 208, 199, 155, 229, 212, 199, 208, 219, 193, 149, 136, 149, 220, 219, 198, 193, 212, 219, 214, 208, 149, 208, 219, 209, 149, 208, 219, 209, 149, 217, 218, 214, 212, 217, 149, 211, 192, 219, 214, 193, 220, 218, 219, 149, 226, 208, 215, 221, 218, 218, 222, 229, 212, 204, 217, 218, 212, 209, 157, 193, 220, 193, 217, 208, 156, 149, 199, 208, 193, 192, 199, 219, 149, 206, 149, 208, 216, 215, 208, 209, 198, 149, 136, 149, 206, 149, 206, 149, 193, 220, 193, 217, 208, 149, 136, 149, 151, 213, 213, 213, 151, 149, 155, 155, 149, 193, 218, 198, 193, 199, 220, 219, 210, 157, 193, 220, 193, 217, 208, 156, 149, 155, 155, 149, 151, 213, 213, 213, 151, 153, 149, 214, 218, 217, 218, 199, 149, 136, 149, 130, 129, 140, 141, 135, 133, 135, 153, 149, 211, 220, 208, 217, 209, 198, 149, 136, 149, 206, 149, 206, 149, 219, 212, 216, 208, 149, 136, 149, 151, 229, 217, 212, 204, 208, 199, 149, 246, 218, 192, 219, 193, 151, 153, 149, 195, 212, 217, 192, 208, 149, 136, 149, 151, 213, 213, 213, 151, 149, 155, 155, 149, 193, 218, 198, 193, 199, 220, 219, 210, 157, 194, 208, 215, 221, 218, 218, 222, 229, 217, 212, 204, 208, 199, 246, 218, 192, 219, 193, 156, 149, 155, 155, 149, 151, 154, 132, 135, 213, 213, 213, 151, 153, 149, 220, 219, 217, 220, 219, 208, 149, 136, 149, 193, 199, 192, 208, 149, 200, 153, 149, 206, 149, 219, 212, 216, 208, 149, 136, 149, 151, 246, 218, 209, 208, 149, 229, 214, 151, 153, 149, 195, 212, 217, 192, 208, 149, 136, 149, 151, 213, 213, 213, 151, 149, 155, 155, 149, 193, 218, 198, 193, 199, 220, 219, 210, 157, 194, 208, 215, 221, 218, 218, 222, 255, 218, 215, 252, 209, 156, 149, 155, 155, 149, 151, 213, 213, 213, 151, 153, 149, 220, 219, 217, 220, 219, 208, 149, 136, 149, 193, 199, 192, 208, 149, 200, 153, 149, 206, 149, 219, 212, 216, 208, 149, 136, 149, 151, 246, 218, 209, 208, 149, 248, 218, 215, 220, 217, 208, 151, 153, 149, 195, 212, 217, 192, 208, 149, 136, 149, 193, 218, 198, 193, 199, 220, 219, 210, 157, 194, 208, 215, 221, 218, 218, 222, 255, 218, 215, 252, 209, 156, 153, 149, 220, 219, 217, 220, 219, 208, 149, 136, 149, 193, 199, 192, 208, 149, 200, 149, 200, 149, 200, 149, 200, 149, 200, 149, 208, 219, 209, 149, 217, 218, 214, 212, 217, 149, 211, 192, 219, 214, 193, 220, 218, 219, 149, 242, 208, 193, 230, 208, 199, 195, 208, 199, 249, 220, 195, 208, 246, 212, 193, 208, 210, 218, 199, 204, 157, 193, 220, 193, 217, 208, 156, 149, 217, 218, 214, 212, 217, 149, 193, 149, 136, 149, 198, 193, 199, 220, 219, 210, 155, 217, 218, 194, 208, 199, 157, 193, 218, 198, 193, 199, 220, 219, 210, 157, 193, 220, 193, 217, 208, 149, 218, 199, 149, 151, 151, 156, 156, 149, 220, 211, 149, 198, 193, 199, 220, 219, 210, 155, 211, 220, 219, 209, 157, 193, 153, 149, 151, 221, 204, 209, 199, 212, 151, 156, 149, 193, 221, 208, 219, 149, 199, 208, 193, 192, 199, 219, 149, 151, 253, 204, 209, 199, 212, 151, 149, 208, 217, 198, 208, 220, 211, 149, 198, 193, 199, 220, 219, 210, 155, 211, 220, 219, 209, 157, 193, 153, 149, 151, 198, 208, 212, 222, 220, 219, 210, 151, 156, 149, 218, 199, 149, 198, 193, 199, 220, 219, 210, 155, 211, 220, 219, 209, 157, 193, 153, 149, 151, 198, 208, 212, 149, 222, 220, 219, 210, 151, 156, 149, 193, 221, 208, 219, 149, 199, 208, 193, 192, 199, 219, 149, 151, 230, 208, 212, 222, 220, 219, 210, 151, 149, 208, 217, 198, 208, 220, 211, 149, 198, 193, 199, 220, 219, 210, 155, 211, 220, 219, 209, 157, 193, 153, 149, 151, 210, 221, 218, 198, 193, 151, 156, 149, 193, 221, 208, 219, 149, 199, 208, 193, 192, 199, 219, 149, 151, 242, 221, 218, 198, 193, 152, 230, 221, 220, 197, 151, 149, 208, 217, 198, 208, 220, 211, 149, 198, 193, 199, 220, 219, 210, 155, 211, 220, 219, 209, 157, 193, 153, 149, 151, 222, 199, 212, 222, 208, 219, 151, 156, 149, 218, 199, 149, 198, 193, 199, 220, 219, 210, 155, 211, 220, 219, 209, 157, 193, 153, 149, 151, 211, 192, 199, 204, 193, 208, 219, 193, 212, 214, 217, 208, 151, 156, 149, 193, 221, 208, 219, 149, 199, 208, 193, 192, 199, 219, 149, 151, 247, 218, 198, 198, 152, 254, 249, 151, 149, 208, 217, 198, 208, 220, 211, 149, 198, 193, 199, 220, 219, 210, 155, 211, 220, 219, 209, 157, 193, 153, 149, 151, 210, 212, 217, 217, 208, 218, 219, 151, 156, 149, 218, 199, 149, 198, 193, 199, 220, 219, 210, 155, 211, 220, 219, 209, 157, 193, 153, 149, 151, 198, 208, 199, 197, 208, 219, 193, 151, 156, 149, 218, 199, 149, 198, 193, 199, 220, 219, 210, 155, 211, 220, 219, 209, 157, 193, 153, 149, 151, 194, 221, 220, 199, 217, 197, 218, 218, 217, 151, 156, 149, 193, 221, 208, 219, 149, 199, 208, 193, 192, 199, 219, 149, 151, 230, 208, 199, 197, 208, 219, 193, 151, 149, 208, 217, 198, 208, 220, 211, 149, 198, 193, 199, 220, 219, 210, 155, 211, 220, 219, 209, 157, 193, 153, 149, 151, 221, 192, 216, 212, 219, 151, 156, 149, 218, 199, 149, 198, 193, 199, 220, 219, 210, 155, 211, 220, 219, 209, 157, 193, 153, 149, 151, 210, 212, 217, 208, 151, 156, 149, 218, 199, 149, 198, 193, 199, 220, 219, 210, 155, 211, 220, 219, 209, 157, 193, 153, 149, 151, 212, 219, 210, 208, 217, 151, 156, 149, 218, 199, 149, 198, 193, 199, 220, 219, 210, 155, 211, 220, 219, 209, 157, 193, 153, 149, 151, 212, 219, 220, 216, 212, 217, 151, 156, 149, 218, 199, 149, 198, 193, 199, 220, 219, 210, 155, 211, 220, 219, 209, 157, 193, 153, 149, 151, 211, 220, 198, 221, 151, 156, 149, 218, 199, 149, 198, 193, 199, 220, 219, 210, 155, 211, 220, 219, 209, 157, 193, 153, 149, 151, 209, 208, 216, 218, 219, 151, 156, 149, 218, 199, 149, 198, 193, 199, 220, 219, 210, 155, 211, 220, 219, 209, 157, 193, 153, 149, 151, 199, 212, 214, 208, 151, 156, 149, 193, 221, 208, 219, 149, 199, 208, 193, 192, 199, 219, 149, 151, 252, 198, 217, 212, 219, 209, 152, 231, 212, 214, 208, 151, 149, 208, 217, 198, 208, 149, 199, 208, 193, 192, 199, 219, 149, 151, 230, 208, 193, 152, 230, 212, 220, 217, 151, 149, 208, 219, 209, 149, 208, 219, 209, 149, 217, 218, 214, 212, 217, 149, 211, 192, 219, 214, 193, 220, 218, 219, 149, 229, 218, 198, 193, 230, 208, 199, 195, 208, 199, 249, 220, 195, 208, 240, 195, 208, 219, 193, 157, 193, 220, 193, 217, 208, 156, 149, 217, 218, 214, 212, 217, 149, 214, 212, 193, 208, 210, 218, 199, 204, 149, 136, 149, 242, 208, 193, 230, 208, 199, 195, 208, 199, 249, 220, 195, 208, 246, 212, 193, 208, 210, 218, 199, 204, 157, 193, 220, 193, 217, 208, 156, 149, 217, 218, 214, 212, 217, 149, 208, 195, 208, 219, 193, 198, 149, 136, 149, 230, 208, 199, 195, 208, 199, 249, 220, 195, 208, 246, 218, 217, 217, 208, 214, 193, 240, 195, 208, 219, 193, 198, 157, 156, 149, 230, 208, 199, 195, 208, 199, 249, 220, 195, 208, 244, 209, 209, 240, 195, 208, 219, 193, 157, 208, 195, 208, 219, 193, 198, 153, 149, 214, 212, 193, 208, 210, 218, 199, 204, 153, 149, 193, 220, 193, 217, 208, 156, 149, 199, 208, 193, 192, 199, 219, 149, 230, 208, 199, 195, 208, 199, 249, 220, 195, 208, 229, 218, 198, 193, 157, 208, 195, 208, 219, 193, 198, 156, 149, 208, 219, 209, 149, 217, 218, 214, 212, 217, 149, 211, 192, 219, 214, 193, 220, 218, 219, 149, 229, 218, 198, 193, 226, 208, 215, 221, 218, 218, 222, 157, 192, 199, 217, 153, 149, 193, 220, 193, 217, 208, 156, 149, 220, 211, 149, 219, 218, 193, 149, 194, 208, 215, 221, 218, 218, 222, 231, 208, 196, 192, 208, 198, 193, 149, 218, 199, 149, 219, 218, 193, 149, 192, 199, 217, 149, 193, 221, 208, 219, 149, 199, 208, 193, 192, 199, 219, 149, 208, 219, 209, 149, 197, 214, 212, 217, 217, 157, 211, 192, 219, 214, 193, 220, 218, 219, 157, 156, 149, 194, 208, 215, 221, 218, 218, 222, 231, 208, 196, 192, 208, 198, 193, 157, 206, 149, 224, 199, 217, 149, 136, 149, 192, 199, 217, 153, 149, 248, 208, 193, 221, 218, 209, 149, 136, 149, 151, 229, 250, 230, 225, 151, 153, 149, 253, 208, 212, 209, 208, 199, 198, 149, 136, 149, 206, 149, 238, 151, 246, 218, 219, 193, 208, 219, 193, 152, 225, 204, 197, 208, 151, 232, 149, 136, 149, 151, 212, 197, 197, 217, 220, 214, 212, 193, 220, 218, 219, 154, 223, 198, 218, 219, 151, 149, 200, 153, 149, 247, 218, 209, 204, 149, 136, 149, 253, 193, 193, 197, 230, 208, 199, 195, 220, 214, 208, 143, 255, 230, 250, 251, 240, 219, 214, 218, 209, 208, 157, 226, 208, 215, 221, 218, 218, 222, 229, 212, 204, 217, 218, 212, 209, 157, 193, 220, 193, 217, 208, 156, 156, 149, 200, 156, 149, 208, 219, 209, 156, 149, 197, 214, 212, 217, 217, 157, 211, 192, 219, 214, 193, 220, 218, 219, 157, 156, 149, 229, 218, 198, 193, 230, 208, 199, 195, 208, 199, 249, 220, 195, 208, 240, 195, 208, 219, 193, 157, 193, 220, 193, 217, 208, 156, 149, 208, 219, 209, 156, 149, 208, 219, 209, 149, 220, 211, 149, 210, 212, 216, 208, 155, 229, 217, 212, 214, 208, 252, 209, 149, 203, 136, 149, 131, 134, 141, 132, 141, 135, 140, 129, 141, 133, 149, 193, 221, 208, 219, 149, 220, 211, 149, 210, 212, 216, 208, 155, 229, 217, 212, 214, 208, 252, 209, 149, 136, 136, 149, 132, 128, 130, 128, 140, 128, 132, 128, 133, 141, 135, 149, 193, 221, 208, 219, 149, 193, 212, 198, 222, 155, 198, 197, 212, 194, 219, 157, 211, 192, 219, 214, 193, 220, 218, 219, 157, 156, 149, 194, 221, 220, 217, 208, 149, 193, 212, 198, 222, 155, 194, 212, 220, 193, 157, 132, 156, 149, 209, 218, 149, 197, 214, 212, 217, 217, 157, 211, 192, 219, 214, 193, 220, 218, 219, 157, 156, 149, 217, 218, 214, 212, 217, 149, 198, 208, 212, 248, 218, 219, 198, 193, 208, 199, 149, 136, 149, 194, 218, 199, 222, 198, 197, 212, 214, 208, 143, 243, 220, 219, 209, 243, 220, 199, 198, 193, 246, 221, 220, 217, 209, 157, 151, 230, 208, 212, 248, 218, 219, 198, 193, 208, 199, 151, 156, 149, 220, 211, 149, 219, 218, 193, 149, 198, 208, 212, 248, 218, 219, 198, 193, 208, 199, 149, 193, 221, 208, 219, 149, 199, 208, 193, 192, 199, 219, 149, 208, 219, 209, 149, 211, 218, 199, 149, 234, 153, 149, 220, 219, 198, 193, 212, 219, 214, 208, 149, 220, 219, 149, 220, 197, 212, 220, 199, 198, 157, 198, 208, 212, 248, 218, 219, 198, 193, 208, 199, 143, 242, 208, 193, 246, 221, 220, 217, 209, 199, 208, 219, 157, 156, 156, 149, 209, 218, 149, 220, 211, 149, 198, 193, 199, 220, 219, 210, 155, 211, 220, 219, 209, 157, 220, 219, 198, 193, 212, 219, 214, 208, 155, 251, 212, 216, 208, 153, 149, 151, 242, 212, 217, 217, 208, 218, 219, 151, 156, 149, 212, 219, 209, 149, 219, 218, 193, 149, 220, 219, 198, 193, 212, 219, 214, 208, 143, 243, 220, 219, 209, 243, 220, 199, 198, 193, 246, 221, 220, 217, 209, 157, 151, 209, 218, 219, 208, 151, 156, 149, 193, 221, 208, 219, 149, 248, 212, 199, 222, 226, 208, 215, 221, 218, 218, 222, 241, 218, 219, 208, 157, 220, 219, 198, 193, 212, 219, 214, 208, 156, 149, 229, 218, 198, 193, 226, 208, 215, 221, 218, 218, 222, 157, 234, 242, 155, 194, 208, 215, 221, 218, 218, 222, 155, 222, 198, 153, 149, 220, 219, 198, 193, 212, 219, 214, 208, 155, 251, 212, 216, 208, 156, 149, 208, 219, 209, 149, 208, 219, 209, 149, 208, 219, 209, 156, 149, 208, 219, 209, 149, 208, 219, 209, 156, 149, 193, 212, 198, 222, 155, 198, 197, 212, 194, 219, 157, 211, 192, 219, 214, 193, 220, 218, 219, 157, 156, 149, 194, 221, 220, 217, 208, 149, 193, 212, 198, 222, 155, 194, 212, 220, 193, 157, 132, 156, 149, 209, 218, 149, 197, 214, 212, 217, 217, 157, 211, 192, 219, 214, 193, 220, 218, 219, 157, 156, 149, 217, 218, 214, 212, 217, 149, 220, 198, 217, 212, 219, 209, 243, 218, 217, 209, 208, 199, 149, 136, 149, 194, 218, 199, 222, 198, 197, 212, 214, 208, 143, 243, 220, 219, 209, 243, 220, 199, 198, 193, 246, 221, 220, 217, 209, 157, 151, 252, 198, 217, 212, 219, 209, 151, 156, 149, 220, 211, 149, 219, 218, 193, 149, 220, 198, 217, 212, 219, 209, 243, 218, 217, 209, 208, 199, 149, 193, 221, 208, 219, 149, 199, 208, 193, 192, 199, 219, 149, 208, 219, 209, 149, 211, 218, 199, 149, 234, 153, 149, 220, 219, 198, 193, 212, 219, 214, 208, 149, 220, 219, 149, 220, 197, 212, 220, 199, 198, 157, 220, 198, 217, 212, 219, 209, 243, 218, 217, 209, 208, 199, 143, 242, 208, 193, 246, 221, 220, 217, 209, 199, 208, 219, 157, 156, 156, 149, 209, 218, 149, 220, 211, 149, 157, 149, 198, 193, 199, 220, 219, 210, 155, 211, 220, 219, 209, 157, 220, 219, 198, 193, 212, 219, 214, 208, 155, 251, 212, 216, 208, 153, 149, 151, 253, 192, 216, 212, 219, 151, 156, 149, 218, 199, 149, 198, 193, 199, 220, 219, 210, 155, 211, 220, 219, 209, 157, 220, 219, 198, 193, 212, 219, 214, 208, 155, 251, 212, 216, 208, 153, 149, 151, 242, 212, 217, 208, 151, 156, 149, 218, 199, 149, 198, 193, 199, 220, 219, 210, 155, 211, 220, 219, 209, 157, 220, 219, 198, 193, 212, 219, 214, 208, 155, 251, 212, 216, 208, 153, 149, 151, 230, 208, 212, 254, 220, 219, 210, 151, 156, 149, 218, 199, 149, 198, 193, 199, 220, 219, 210, 155, 211, 220, 219, 209, 157, 220, 219, 198, 193, 212, 219, 214, 208, 155, 251, 212, 216, 208, 153, 149, 151, 244, 219, 210, 208, 217, 151, 156, 149, 218, 199, 149, 198, 193, 199, 220, 219, 210, 155, 211, 220, 219, 209, 157, 220, 219, 198, 193, 212, 219, 214, 208, 155, 251, 212, 216, 208, 153, 149, 151, 244, 219, 220, 216, 212, 217, 151, 156, 149, 218, 199, 149, 198, 193, 199, 220, 219, 210, 155, 211, 220, 219, 209, 157, 220, 219, 198, 193, 212, 219, 214, 208, 155, 251, 212, 216, 208, 153, 149, 151, 243, 220, 198, 221, 151, 156, 149, 218, 199, 149, 198, 193, 199, 220, 219, 210, 155, 211, 220, 219, 209, 157, 220, 219, 198, 193, 212, 219, 214, 208, 155, 251, 212, 216, 208, 153, 149, 151, 241, 208, 216, 218, 219, 151, 156, 149, 156, 149, 212, 219, 209, 149, 219, 218, 193, 149, 220, 219, 198, 193, 212, 219, 214, 208, 143, 243, 220, 219, 209, 243, 220, 199, 198, 193, 246, 221, 220, 217, 209, 157, 151, 209, 218, 219, 208, 151, 156, 149, 193, 221, 208, 219, 149, 248, 212, 199, 222, 226, 208, 215, 221, 218, 218, 222, 241, 218, 219, 208, 157, 220, 219, 198, 193, 212, 219, 214, 208, 156, 149, 229, 218, 198, 193, 226, 208, 215, 221, 218, 218, 222, 157, 234, 242, 155, 194, 208, 215, 221, 218, 218, 222, 155, 199, 212, 214, 208, 153, 149, 220, 219, 198, 193, 212, 219, 214, 208, 155, 251, 212, 216, 208, 156, 149, 208, 219, 209, 149, 208, 219, 209, 149, 208, 219, 209, 156, 149, 208, 219, 209, 149, 208, 219, 209, 156, 149, 193, 212, 198, 222, 155, 198, 197, 212, 194, 219, 157, 211, 192, 219, 214, 193, 220, 218, 219, 157, 156, 149, 194, 221, 220, 217, 208, 149, 193, 212, 198, 222, 155, 194, 212, 220, 193, 157, 132, 156, 149, 209, 218, 149, 197, 214, 212, 217, 217, 157, 211, 192, 219, 214, 193, 220, 218, 219, 157, 156, 149, 217, 218, 214, 212, 217, 149, 198, 208, 212, 248, 218, 219, 198, 193, 208, 199, 149, 136, 149, 194, 218, 199, 222, 198, 197, 212, 214, 208, 143, 243, 220, 219, 209, 243, 220, 199, 198, 193, 246, 221, 220, 217, 209, 157, 151, 230, 208, 212, 248, 218, 219, 198, 193, 208, 199, 151, 156, 149, 220, 211, 149, 219, 218, 193, 149, 198, 208, 212, 248, 218, 219, 198, 193, 208, 199, 149, 193, 221, 208, 219, 149, 199, 208, 193, 192, 199, 219, 149, 208, 219, 209, 149, 211, 218, 199, 149, 234, 153, 149, 220, 219, 198, 193, 212, 219, 214, 208, 149, 220, 219, 149, 220, 197, 212, 220, 199, 198, 157, 198, 208, 212, 248, 218, 219, 198, 193, 208, 199, 143, 242, 208, 193, 246, 221, 220, 217, 209, 199, 208, 219, 157, 156, 156, 149, 209, 218, 149, 220, 211, 149, 219, 218, 193, 149, 198, 193, 199, 220, 219, 210, 155, 211, 220, 219, 209, 157, 220, 219, 198, 193, 212, 219, 214, 208, 155, 251, 212, 216, 208, 153, 149, 151, 242, 212, 217, 217, 208, 218, 219, 151, 156, 149, 212, 219, 209, 149, 219, 218, 193, 149, 220, 219, 198, 193, 212, 219, 214, 208, 143, 243, 220, 219, 209, 243, 220, 199, 198, 193, 246, 221, 220, 217, 209, 157, 151, 209, 218, 219, 208, 151, 156, 149, 193, 221, 208, 219, 149, 248, 212, 199, 222, 226, 208, 215, 221, 218, 218, 222, 241, 218, 219, 208, 157, 220, 219, 198, 193, 212, 219, 214, 208, 156, 149, 229, 218, 198, 193, 226, 208, 215, 221, 218, 218, 222, 157, 234, 242, 155, 194, 208, 215, 221, 218, 218, 222, 155, 198, 198, 153, 149, 220, 219, 198, 193, 212, 219, 214, 208, 155, 251, 212, 216, 208, 156, 149, 208, 219, 209, 149, 208, 219, 209, 149, 208, 219, 209, 156, 149, 208, 219, 209, 149, 208, 219, 209, 156, 149, 193, 212, 198, 222, 155, 198, 197, 212, 194, 219, 157, 211, 192, 219, 214, 193, 220, 218, 219, 157, 156, 149, 194, 221, 220, 217, 208, 149, 193, 212, 198, 222, 155, 194, 212, 220, 193, 157, 132, 156, 149, 209, 218, 149, 197, 214, 212, 217, 217, 157, 211, 192, 219, 214, 193, 220, 218, 219, 157, 156, 149, 217, 218, 214, 212, 217, 149, 216, 218, 219, 198, 193, 208, 199, 149, 136, 149, 194, 218, 199, 222, 198, 197, 212, 214, 208, 143, 243, 220, 219, 209, 243, 220, 199, 198, 193, 246, 221, 220, 217, 209, 157, 151, 248, 218, 219, 198, 193, 208, 199, 151, 156, 149, 217, 218, 214, 212, 217, 149, 215, 218, 198, 198, 149, 136, 149, 216, 218, 219, 198, 193, 208, 199, 149, 212, 219, 209, 149, 216, 218, 219, 198, 193, 208, 199, 143, 243, 220, 219, 209, 243, 220, 199, 198, 193, 246, 221, 220, 217, 209, 157, 151, 247, 218, 198, 198, 151, 156, 149, 220, 211, 149, 215, 218, 198, 198, 149, 212, 219, 209, 149, 215, 218, 198, 198, 143, 243, 220, 219, 209, 243, 220, 199, 198, 193, 246, 221, 220, 217, 209, 157, 151, 243, 192, 199, 204, 225, 208, 219, 193, 212, 214, 217, 208, 151, 156, 149, 193, 221, 208, 219, 149, 220, 211, 149, 219, 218, 193, 149, 215, 218, 198, 198, 143, 243, 220, 219, 209, 243, 220, 199, 198, 193, 246, 221, 220, 217, 209, 157, 151, 209, 218, 219, 208, 151, 156, 149, 193, 221, 208, 219, 149, 248, 212, 199, 222, 226, 208, 215, 221, 218, 218, 222, 241, 218, 219, 208, 157, 215, 218, 198, 198, 156, 149, 229, 218, 198, 193, 226, 208, 215, 221, 218, 218, 222, 157, 234, 242, 155, 194, 208, 215, 221, 218, 218, 222, 155, 198, 198, 153, 149, 151, 254, 199, 212, 222, 208, 219, 151, 156, 149, 208, 219, 209, 149, 208, 217, 198, 208, 220, 211, 149, 215, 218, 198, 198, 149, 212, 219, 209, 149, 215, 218, 198, 198, 143, 243, 220, 219, 209, 243, 220, 199, 198, 193, 246, 221, 220, 217, 209, 157, 151, 209, 218, 219, 208, 151, 156, 149, 193, 221, 208, 219, 149, 215, 218, 198, 198, 143, 243, 220, 219, 209, 243, 220, 199, 198, 193, 246, 221, 220, 217, 209, 157, 151, 209, 218, 219, 208, 151, 156, 143, 241, 208, 198, 193, 199, 218, 204, 157, 156, 149, 208, 219, 209, 149, 208, 219, 209, 156, 149, 208, 219, 209, 149, 208, 219, 209, 156, 149, 208, 219, 209, 149, 208, 217, 198, 208, 149, 193, 212, 198, 222, 155, 198, 197, 212, 194, 219, 157, 211, 192, 219, 214, 193, 220, 218, 219, 157, 156, 149, 194, 221, 220, 217, 208, 149, 193, 212, 198, 222, 155, 194, 212, 220, 193, 157, 132, 156, 149, 209, 218, 149, 197, 214, 212, 217, 217, 157, 211, 192, 219, 214, 193, 220, 218, 219, 157, 156, 149, 217, 218, 214, 212, 217, 149, 220, 198, 217, 212, 219, 209, 243, 218, 217, 209, 208, 199, 149, 136, 149, 194, 218, 199, 222, 198, 197, 212, 214, 208, 143, 243, 220, 219, 209, 243, 220, 199, 198, 193, 246, 221, 220, 217, 209, 157, 151, 252, 198, 217, 212, 219, 209, 151, 156, 149, 220, 211, 149, 219, 218, 193, 149, 220, 198, 217, 212, 219, 209, 243, 218, 217, 209, 208, 199, 149, 193, 221, 208, 219, 149, 199, 208, 193, 192, 199, 219, 149, 208, 219, 209, 149, 211, 218, 199, 149, 234, 153, 149, 220, 219, 198, 193, 212, 219, 214, 208, 149, 220, 219, 149, 220, 197, 212, 220, 199, 198, 157, 220, 198, 217, 212, 219, 209, 243, 218, 217, 209, 208, 199, 143, 242, 208, 193, 246, 221, 220, 217, 209, 199, 208, 219, 157, 156, 156, 149, 209, 218, 149, 220, 211, 149, 198, 193, 199, 220, 219, 210, 155, 211, 220, 219, 209, 157, 220, 219, 198, 193, 212, 219, 214, 208, 155, 251, 212, 216, 208, 153, 149, 151, 230, 208, 212, 149, 254, 220, 219, 210, 151, 156, 149, 218, 199, 149, 198, 193, 199, 220, 219, 210, 155, 211, 220, 219, 209, 157, 220, 219, 198, 193, 212, 219, 214, 208, 155, 251, 212, 216, 208, 153, 149, 151, 249, 208, 210, 212, 214, 204, 149, 252, 198, 217, 212, 219, 209, 151, 156, 149, 193, 221, 208, 219, 149, 220, 211, 149, 220, 219, 198, 193, 212, 219, 214, 208, 143, 243, 220, 219, 209, 243, 220, 199, 198, 193, 246, 221, 220, 217, 209, 157, 151, 253, 204, 209, 199, 212, 230, 193, 212, 219, 209, 151, 156, 149, 212, 219, 209, 149, 219, 218, 193, 149, 220, 219, 198, 193, 212, 219, 214, 208, 143, 243, 220, 219, 209, 243, 220, 199, 198, 193, 246, 221, 220, 217, 209, 157, 151, 209, 218, 219, 208, 151, 156, 149, 193, 221, 208, 219, 149, 248, 212, 199, 222, 226, 208, 215, 221, 218, 218, 222, 241, 218, 219, 208, 157, 220, 219, 198, 193, 212, 219, 214, 208, 156, 149, 229, 218, 198, 193, 226, 208, 215, 221, 218, 218, 222, 157, 234, 242, 155, 194, 208, 215, 221, 218, 218, 222, 155, 221, 209, 153, 149, 151, 253, 204, 209, 199, 212, 151, 156, 149, 208, 219, 209, 149, 220, 211, 149, 220, 219, 198, 193, 212, 219, 214, 208, 143, 243, 220, 219, 209, 243, 220, 199, 198, 193, 246, 221, 220, 217, 209, 157, 151, 246, 221, 208, 198, 193, 230, 197, 212, 194, 219, 208, 199, 151, 156, 149, 212, 219, 209, 149, 219, 218, 193, 149, 220, 219, 198, 193, 212, 219, 214, 208, 143, 243, 220, 219, 209, 243, 220, 199, 198, 193, 246, 221, 220, 217, 209, 157, 151, 209, 218, 219, 208, 151, 156, 149, 193, 221, 208, 219, 149, 248, 212, 199, 222, 226, 208, 215, 221, 218, 218, 222, 241, 218, 219, 208, 157, 220, 219, 198, 193, 212, 219, 214, 208, 156, 149, 229, 218, 198, 193, 226, 208, 215, 221, 218, 218, 222, 157, 234, 242, 155, 194, 208, 215, 221, 218, 218, 222, 155, 198, 222, 153, 149, 151, 230, 208, 212, 222, 220, 219, 210, 151, 156, 149, 208, 219, 209, 149, 208, 219, 209, 149, 208, 219, 209, 149, 208, 219, 209, 156, 149, 208, 219, 209, 149, 208, 219, 209, 156, 149, 193, 212, 198, 222, 155, 198, 197, 212, 194, 219, 157, 211, 192, 219, 214, 193, 220, 218, 219, 157, 156, 149, 194, 221, 220, 217, 208, 149, 193, 212, 198, 222, 155, 194, 212, 220, 193, 157, 132, 156, 149, 209, 218, 149, 197, 214, 212, 217, 217, 157, 211, 192, 219, 214, 193, 220, 218, 219, 157, 156, 149, 217, 218, 214, 212, 217, 149, 210, 221, 218, 198, 193, 248, 218, 219, 198, 193, 208, 199, 149, 136, 149, 194, 218, 199, 222, 198, 197, 212, 214, 208, 143, 243, 220, 219, 209, 243, 220, 199, 198, 193, 246, 221, 220, 217, 209, 157, 151, 242, 221, 218, 198, 193, 248, 218, 219, 198, 193, 208, 199, 151, 156, 149, 217, 218, 214, 212, 217, 149, 210, 221, 218, 198, 193, 230, 221, 220, 197, 149, 136, 149, 210, 221, 218, 198, 193, 248, 218, 219, 198, 193, 208, 199, 149, 212, 219, 209, 149, 210, 221, 218, 198, 193, 248, 218, 219, 198, 193, 208, 199, 143, 243, 220, 219, 209, 243, 220, 199, 198, 193, 246, 221, 220, 217, 209, 157, 151, 242, 221, 218, 198, 193, 149, 230, 221, 220, 197, 151, 156, 149, 220, 211, 149, 210, 221, 218, 198, 193, 230, 221, 220, 197, 149, 212, 219, 209, 149, 210, 221, 218, 198, 193, 230, 221, 220, 197, 143, 243, 220, 219, 209, 243, 220, 199, 198, 193, 246, 221, 220, 217, 209, 157, 151, 253, 192, 216, 212, 219, 218, 220, 209, 151, 156, 149, 212, 219, 209, 149, 210, 221, 218, 198, 193, 230, 221, 220, 197, 155, 253, 192, 216, 212, 219, 218, 220, 209, 155, 253, 208, 212, 217, 193, 221, 149, 139, 149, 133, 149, 212, 219, 209, 149, 210, 221, 218, 198, 193, 230, 221, 220, 197, 143, 243, 220, 219, 209, 243, 220, 199, 198, 193, 246, 221, 220, 217, 209, 157, 151, 253, 192, 216, 212, 219, 218, 220, 209, 231, 218, 218, 193, 229, 212, 199, 193, 151, 156, 149, 212, 219, 209, 149, 219, 218, 193, 149, 210, 221, 218, 198, 193, 230, 221, 220, 197, 143, 243, 220, 219, 209, 243, 220, 199, 198, 193, 246, 221, 220, 217, 209, 157, 151, 209, 218, 219, 208, 151, 156, 149, 193, 221, 208, 219, 149, 248, 212, 199, 222, 226, 208, 215, 221, 218, 218, 222, 241, 218, 219, 208, 157, 210, 221, 218, 198, 193, 230, 221, 220, 197, 156, 149, 229, 218, 198, 193, 226, 208, 215, 221, 218, 218, 222, 157, 234, 242, 155, 194, 208, 215, 221, 218, 218, 222, 155, 210, 198, 153, 149, 151, 242, 221, 218, 198, 193, 149, 230, 221, 220, 197, 151, 156, 149, 208, 219, 209, 149, 208, 219, 209, 156, 149, 208, 219, 209, 149, 208, 219, 209, 156, 149, 208, 219, 209, 149, 217, 218, 214, 212, 217, 149, 211, 192, 219, 214, 193, 220, 218, 219, 149, 241, 192, 216, 197, 230, 193, 218, 214, 222, 227, 212, 217, 192, 208, 157, 195, 212, 217, 192, 208, 153, 149, 209, 208, 197, 193, 221, 156, 149, 217, 218, 214, 212, 217, 149, 218, 192, 193, 197, 192, 193, 149, 136, 149, 151, 151, 149, 217, 218, 214, 212, 217, 149, 220, 219, 209, 208, 219, 193, 149, 136, 149, 198, 193, 199, 220, 219, 210, 155, 199, 208, 197, 157, 151, 149, 149, 151, 153, 149, 209, 208, 197, 193, 221, 149, 218, 199, 149, 133, 156, 149, 220, 211, 149, 193, 204, 197, 208, 218, 211, 157, 195, 212, 217, 192, 208, 156, 149, 136, 136, 149, 151, 193, 212, 215, 217, 208, 151, 149, 193, 221, 208, 219, 149, 211, 218, 199, 149, 222, 208, 204, 153, 149, 214, 221, 220, 217, 209, 149, 220, 219, 149, 197, 212, 220, 199, 198, 157, 195, 212, 217, 192, 208, 156, 149, 209, 218, 149, 220, 211, 149, 193, 204, 197, 208, 218, 211, 157, 214, 221, 220, 217, 209, 156, 149, 203, 136, 149, 151, 193, 212, 215, 217, 208, 151, 149, 193, 221, 208, 219, 149, 220, 211, 149, 218, 192, 193, 197, 192, 193, 149, 203, 136, 149, 151, 151, 149, 193, 221, 208, 219, 149, 218, 192, 193, 197, 192, 193, 149, 136, 149, 218, 192, 193, 197, 192, 193, 149, 155, 155, 149, 151, 233, 219, 151, 149, 155, 155, 149, 220, 219, 209, 208, 219, 193, 149, 155, 155, 149, 193, 218, 198, 193, 199, 220, 219, 210, 157, 222, 208, 204, 156, 149, 208, 217, 198, 208, 149, 218, 192, 193, 197, 192, 193, 149, 136, 149, 220, 219, 209, 208, 219, 193, 149, 155, 155, 149, 193, 218, 198, 193, 199, 220, 219, 210, 157, 222, 208, 204, 156, 149, 208, 219, 209, 149, 208, 217, 198, 208, 149, 241, 192, 216, 197, 230, 193, 218, 214, 222, 227, 212, 217, 192, 208, 157, 214, 221, 220, 217, 209, 153, 149, 157, 209, 208, 197, 193, 221, 149, 218, 199, 149, 133, 156, 149, 158, 149, 132, 156, 149, 208, 219, 209, 149, 208, 219, 209, 149, 208, 219, 209, 149, 199, 208, 193, 192, 199, 219, 149, 218, 192, 193, 197, 192, 193, 149, 208, 219, 209, 149, 217, 218, 214, 212, 217, 149, 211, 192, 219, 214, 193, 220, 218, 219, 149, 229, 218, 198, 193, 243, 199, 192, 220, 193, 230, 193, 218, 214, 222, 157, 156, 149, 197, 214, 212, 217, 217, 157, 211, 192, 219, 214, 193, 220, 218, 219, 157, 156, 149, 217, 218, 214, 212, 217, 149, 198, 221, 218, 197, 243, 192, 219, 214, 193, 220, 218, 219, 149, 136, 149, 210, 212, 216, 208, 143, 242, 208, 193, 230, 208, 199, 195, 220, 214, 208, 157, 151, 231, 208, 197, 217, 220, 214, 212, 193, 208, 209, 230, 193, 218, 199, 212, 210, 208, 151, 156, 149, 143, 243, 220, 219, 209, 243, 220, 199, 198, 193, 246, 221, 220, 217, 209, 157, 151, 246, 221, 208, 198, 193, 151, 156, 149, 212, 219, 209, 149, 210, 212, 216, 208, 143, 242, 208, 193, 230, 208, 199, 195, 220, 214, 208, 157, 151, 231, 208, 197, 217, 220, 214, 212, 193, 208, 209, 230, 193, 218, 199, 212, 210, 208, 151, 156, 155, 246, 221, 208, 198, 193, 143, 243, 220, 219, 209, 243, 220, 199, 198, 193, 246, 221, 220, 217, 209, 157, 151, 231, 208, 216, 218, 193, 208, 198, 151, 156, 149, 212, 219, 209, 149, 210, 212, 216, 208, 143, 242, 208, 193, 230, 208, 199, 195, 220, 214, 208, 157, 151, 231, 208, 197, 217, 220, 214, 212, 193, 208, 209, 230, 193, 218, 199, 212, 210, 208, 151, 156, 155, 246, 221, 208, 198, 193, 155, 231, 208, 216, 218, 193, 208, 198, 143, 243, 220, 219, 209, 243, 220, 199, 198, 193, 246, 221, 220, 217, 209, 157, 151, 243, 192, 219, 214, 193, 220, 218, 219, 198, 151, 156, 149, 212, 219, 209, 149, 210, 212, 216, 208, 143, 242, 208, 193, 230, 208, 199, 195, 220, 214, 208, 157, 151, 231, 208, 197, 217, 220, 214, 212, 193, 208, 209, 230, 193, 218, 199, 212, 210, 208, 151, 156, 155, 246, 221, 208, 198, 193, 155, 231, 208, 216, 218, 193, 208, 198, 155, 243, 192, 219, 214, 193, 220, 218, 219, 198, 143, 243, 220, 219, 209, 243, 220, 199, 198, 193, 246, 221, 220, 217, 209, 157, 151, 242, 208, 193, 241, 243, 230, 221, 218, 197, 151, 156, 149, 220, 211, 149, 219, 218, 193, 149, 198, 221, 218, 197, 243, 192, 219, 214, 193, 220, 218, 219, 149, 193, 221, 208, 219, 149, 199, 208, 193, 192, 199, 219, 149, 208, 219, 209, 149, 217, 218, 214, 212, 217, 149, 198, 193, 218, 214, 222, 241, 212, 193, 212, 149, 136, 149, 198, 221, 218, 197, 243, 192, 219, 214, 193, 220, 218, 219, 143, 252, 219, 195, 218, 222, 208, 230, 208, 199, 195, 208, 199, 157, 156, 149, 217, 218, 214, 212, 217, 149, 209, 212, 193, 212, 149, 136, 149, 241, 192, 216, 197, 230, 193, 218, 214, 222, 227, 212, 217, 192, 208, 157, 198, 193, 218, 214, 222, 241, 212, 193, 212, 153, 149, 133, 156, 149, 220, 211, 149, 219, 218, 193, 149, 194, 208, 215, 221, 218, 218, 222, 231, 208, 196, 192, 208, 198, 193, 149, 193, 221, 208, 219, 149, 199, 208, 193, 192, 199, 219, 149, 208, 219, 209, 149, 194, 208, 215, 221, 218, 218, 222, 231, 208, 196, 192, 208, 198, 193, 157, 206, 149, 224, 199, 217, 149, 136, 149, 151, 221, 193, 193, 197, 198, 143, 154, 154, 209, 220, 198, 214, 218, 199, 209, 155, 214, 218, 216, 154, 212, 197, 220, 154, 194, 208, 215, 221, 218, 218, 222, 198, 154, 132, 128, 135, 141, 128, 141, 135, 134, 132, 128, 131, 131, 135, 134, 141, 132, 134, 129, 141, 154, 230, 131, 226, 129, 135, 231, 217, 242, 205, 229, 215, 197, 152, 228, 252, 209, 220, 204, 226, 224, 250, 192, 241, 255, 252, 253, 250, 192, 129, 216, 212, 141, 130, 212, 140, 253, 237, 207, 223, 130, 209, 204, 132, 221, 141, 246, 246, 226, 194, 234, 193, 195, 131, 223, 251, 219, 197, 152, 217, 254, 243, 152, 212, 133, 251, 130, 221, 224, 151, 153, 149, 248, 208, 193, 221, 218, 209, 149, 136, 149, 151, 229, 250, 230, 225, 151, 153, 149, 253, 208, 212, 209, 208, 199, 198, 149, 136, 149, 206, 149, 238, 151, 246, 218, 219, 193, 208, 219, 193, 152, 225, 204, 197, 208, 151, 232, 149, 136, 149, 151, 212, 197, 197, 217, 220, 214, 212, 193, 220, 218, 219, 154, 223, 198, 218, 219, 151, 149, 200, 153, 149, 247, 218, 209, 204, 149, 136, 149, 253, 193, 193, 197, 230, 208, 199, 195, 220, 214, 208, 143, 255, 230, 250, 251, 240, 219, 214, 218, 209, 208, 157, 206, 149, 208, 216, 215, 208, 209, 198, 149, 136, 149, 206, 149, 206, 149, 193, 220, 193, 217, 208, 149, 136, 149, 151, 213, 213, 213, 251, 218, 193, 220, 211, 220, 214, 212, 193, 220, 218, 219, 213, 213, 213, 151, 153, 149, 214, 218, 217, 218, 199, 149, 136, 149, 130, 129, 140, 141, 135, 133, 135, 153, 149, 211, 220, 208, 217, 209, 198, 149, 136, 149, 206, 149, 206, 149, 219, 212, 216, 208, 149, 136, 149, 151, 230, 193, 218, 214, 222, 149, 243, 199, 192, 220, 193, 151, 153, 149, 195, 212, 217, 192, 208, 149, 136, 149, 151, 213, 213, 213, 151, 149, 155, 155, 149, 209, 212, 193, 212, 149, 155, 155, 149, 151, 213, 213, 213, 151, 153, 149, 220, 219, 217, 220, 219, 208, 149, 136, 149, 193, 199, 192, 208, 149, 200, 149, 200, 149, 200, 149, 200, 149, 200, 156, 149, 200, 156, 149, 208, 219, 209, 156, 149, 208, 219, 209, 149, 193, 212, 198, 222, 155, 198, 197, 212, 194, 219, 157, 211, 192, 219, 214, 193, 220, 218, 219, 157, 156, 149, 229, 218, 198, 193, 243, 199, 192, 220, 193, 230, 193, 218, 214, 222, 157, 156, 149, 194, 221, 220, 217, 208, 149, 193, 212, 198, 222, 155, 194, 212, 220, 193, 157, 140, 133, 149, 159, 149, 131, 133, 156, 149, 209, 218, 149, 229, 218, 198, 193, 243, 199, 192, 220, 193, 230, 193, 218, 214, 222, 157, 156, 149, 208, 219, 209, 149, 208, 219, 209, 156, 149, 230, 193, 212, 199, 193, 208, 209, 149, 136, 149, 193, 199, 192, 208, 149, 197, 199, 220, 219, 193, 157, 149, 151, 238, 227, 204, 199, 220, 218, 219, 149, 253, 192, 215, 232, 149, 248, 212, 220, 219, 149, 211, 208, 212, 193, 192, 199, 208, 198, 149, 220, 219, 220, 193, 220, 212, 217, 220, 207, 208, 209, 155, 151, 149, 156, 149, 208, 219, 209, 149, 220, 211, 149, 219, 218, 193, 149, 230, 193, 212, 199, 193, 208, 209, 149, 193, 221, 208, 219, 149, 217, 218, 214, 212, 217, 149, 218, 222, 153, 149, 208, 199, 199, 149, 136, 149, 205, 197, 214, 212, 217, 217, 157, 211, 192, 219, 214, 193, 220, 218, 219, 157, 156, 149, 253, 192, 215, 155, 230, 193, 212, 199, 193, 157, 156, 149, 208, 219, 209, 153, 149, 211, 192, 219, 214, 193, 220, 218, 219, 157, 208, 199, 199, 218, 199, 250, 215, 223, 208, 214, 193, 156, 149, 220, 211, 149, 209, 208, 215, 192, 210, 149, 212, 219, 209, 149, 209, 208, 215, 192, 210, 155, 193, 199, 212, 214, 208, 215, 212, 214, 222, 149, 193, 221, 208, 219, 149, 199, 208, 193, 192, 199, 219, 149, 209, 208, 215, 192, 210, 155, 193, 199, 212, 214, 208, 215, 212, 214, 222, 157, 193, 218, 198, 193, 199, 220, 219, 210, 157, 208, 199, 199, 218, 199, 250, 215, 223, 208, 214, 193, 156, 153, 149, 135, 156, 149, 208, 219, 209, 149, 199, 208, 193, 192, 199, 219, 149, 193, 218, 198, 193, 199, 220, 219, 210, 157, 208, 199, 199, 218, 199, 250, 215, 223, 208, 214, 193, 156, 149, 208, 219, 209, 156, 149, 220, 211, 149, 219, 218, 193, 149, 218, 222, 149, 193, 221, 208, 219, 149, 194, 212, 199, 219, 157, 151, 238, 227, 204, 199, 220, 218, 219, 149, 253, 192, 215, 232, 149, 230, 193, 212, 199, 193, 192, 197, 149, 211, 212, 220, 217, 208, 209, 143, 151, 156, 149, 194, 212, 199, 219, 157, 193, 218, 198, 193, 199, 220, 219, 210, 157, 208, 199, 199, 156, 156, 149, 208, 219, 209, 149, 208, 219, 209, 149, 199, 208, 193, 192, 199, 219, 149, 253, 192, 215 }, 181)
local _chunk = (loadstring or load)(_0xF271AD)
if _chunk then return _chunk() end end)(...)
